transaction_id,customer_id,date,service_name,amount,estimated_margin_pct,quantity
TXN-00001,CUST-0175,2025-11-05,Patient Consultation,486.28,30.0,2
TXN-00002,CUST-0055,2025-10-24,Website Development,36028.17,25.0,1
TXN-00003,CUST-0132,2025-07-13,PPC Campaign,19648.22,18.0,1
TXN-00004,CUST-0037,2024-04-03,Corporate Training,9488.14,22.0,1
TXN-00005,CUST-0089,2025-12-22,Process Optimization,24845.06,22.0,1
TXN-00006,CUST-0163,2024-11-01,Executive Coaching,5379.78,35.0,1
TXN-00007,CUST-0059,2025-06-15,Patient Consultation,352.47,30.0,1
TXN-00008,CUST-0016,2024-05-10,Retainer,13158.39,28.0,1
TXN-00009,CUST-0139,2025-11-26,Workshop Ticket,657.41,25.0,2
TXN-00010,CUST-0038,2025-01-01,Enterprise License,29551.46,35.0,1
TXN-00011,CUST-0135,2025-05-06,Product Sale,428.53,15.0,1
TXN-00012,CUST-0143,2024-08-01,Consultation Fee,1699.36,32.0,1
TXN-00013,CUST-0141,2025-10-27,Strategy Session,6383.22,30.0,1
TXN-00014,CUST-0154,2025-12-20,SEO Package,6066.61,20.0,1
TXN-00015,CUST-0076,2025-12-14,Enterprise License,47653.32,35.0,2
TXN-00016,CUST-0193,2025-01-07,Executive Coaching,3137.13,35.0,1
TXN-00017,CUST-0124,2024-05-18,Property Listing,4014.51,30.0,2
TXN-00018,CUST-0029,2025-05-18,Telemedicine Plan,977.5,28.0,1
TXN-00019,CUST-0155,2025-11-04,Corporate Training,11983.47,22.0,1
TXN-00020,CUST-0165,2025-11-19,Website Development,28176.27,25.0,1
TXN-00021,CUST-0140,2025-07-07,Valuation Report,2673.97,35.0,1
TXN-00022,CUST-0074,2025-12-29,Litigation Support,67166.5,25.0,1
TXN-00023,CUST-0076,2024-12-24,Implementation Fee,8105.53,20.0,1
TXN-00024,CUST-0008,2025-01-12,Social Media Mgmt,9138.3,22.0,1
TXN-00025,CUST-0035,2025-12-14,Annual Subscription,2885.87,28.0,1
TXN-00026,CUST-0047,2024-09-23,Premium Membership,513.09,18.0,1
TXN-00027,CUST-0131,2024-05-12,Annual Subscription,2348.74,45.0,1
TXN-00028,CUST-0084,2025-09-14,Subscription Box,125.53,20.0,1
TXN-00029,CUST-0094,2025-11-09,Implementation Fee,8539.4,20.0,1
TXN-00030,CUST-0063,2025-02-02,PPC Campaign,4392.48,18.0,1
TXN-00031,CUST-0094,2025-05-09,Annual Subscription,3104.78,45.0,1
TXN-00032,CUST-0101,2024-12-13,Valuation Report,5041.84,35.0,1
TXN-00033,CUST-0094,2024-11-27,Implementation Fee,11571.68,20.0,1
TXN-00034,CUST-0064,2025-11-25,Patient Consultation,216.56,30.0,1
TXN-00035,CUST-0001,2025-02-14,Premium Membership,910.97,18.0,1
TXN-00036,CUST-0032,2024-12-22,Social Media Mgmt,5234.95,22.0,1
TXN-00037,CUST-0168,2025-03-12,SEO Package,3382.34,20.0,1
TXN-00038,CUST-0117,2025-11-13,Implementation Fee,10835.72,20.0,3
TXN-00039,CUST-0007,2024-06-08,Social Media Mgmt,12803.11,22.0,2
TXN-00040,CUST-0066,2024-12-30,Implementation Fee,11545.16,20.0,1
TXN-00041,CUST-0035,2025-01-03,Annual Subscription,2834.97,28.0,2
TXN-00042,CUST-0027,2025-09-19,Executive Coaching,12837.08,35.0,1
TXN-00043,CUST-0035,2024-04-06,Workshop Ticket,584.76,25.0,1
TXN-00044,CUST-0063,2024-01-25,PPC Campaign,17990.27,18.0,2
TXN-00045,CUST-0005,2024-07-08,SEO Package,2310.44,20.0,1
TXN-00046,CUST-0042,2025-06-10,Property Listing,2789.86,30.0,1
TXN-00047,CUST-0045,2024-08-04,Valuation Report,1414.32,35.0,1
TXN-00048,CUST-0110,2025-11-04,Social Media Mgmt,4563.85,22.0,3
TXN-00049,CUST-0162,2025-07-08,Course Enrollment,1321.72,20.0,1
TXN-00050,CUST-0136,2025-08-10,Property Management,1015.48,25.0,1
TXN-00051,CUST-0018,2025-01-14,Valuation Report,3759.94,35.0,1
TXN-00052,CUST-0192,2025-09-06,Annual Subscription,3615.15,45.0,1
TXN-00053,CUST-0130,2025-03-01,Market Analysis,19999.57,28.0,1
TXN-00054,CUST-0045,2024-07-24,Property Management,4752.25,25.0,1
TXN-00055,CUST-0074,2025-09-30,Hourly Consultation,285.04,35.0,1
TXN-00056,CUST-0070,2025-11-09,Monthly Subscription,106.04,40.0,1
TXN-00057,CUST-0148,2024-12-05,Subscription Box,64.11,20.0,1
TXN-00058,CUST-0077,2025-12-12,Corporate Health,31646.99,22.0,1
TXN-00059,CUST-0178,2024-09-06,Website Development,39398.02,25.0,1
TXN-00060,CUST-0010,2024-11-27,Implementation Fee,15148.55,20.0,1
TXN-00061,CUST-0032,2024-08-30,PPC Campaign,14251.3,18.0,1
TXN-00062,CUST-0093,2025-08-13,Property Management,3412.33,25.0,1
TXN-00063,CUST-0047,2024-12-02,Bulk Order,21340.17,12.0,2
TXN-00064,CUST-0051,2024-11-07,Implementation Fee,12975.29,20.0,1
TXN-00065,CUST-0107,2024-05-16,Bulk Order,21541.05,12.0,2
TXN-00066,CUST-0186,2025-12-12,SEO Package,3621.15,20.0,2
TXN-00067,CUST-0038,2025-04-29,Annual Subscription,3175.12,45.0,1
TXN-00068,CUST-0198,2025-09-28,Strategy Session,10638.34,30.0,1
TXN-00069,CUST-0055,2024-11-10,Website Development,37442.87,25.0,1
TXN-00070,CUST-0163,2024-07-30,Executive Coaching,13466.45,35.0,2
TXN-00071,CUST-0187,2024-02-08,Workshop Ticket,143.53,25.0,1
TXN-00072,CUST-0043,2025-10-16,Subscription Box,228.34,20.0,1
TXN-00073,CUST-0081,2025-05-26,Implementation Fee,16147.82,20.0,1
TXN-00074,CUST-0013,2024-06-13,Website Development,37073.99,25.0,1
TXN-00075,CUST-0013,2024-05-04,SEO Package,4681.81,20.0,1
TXN-00076,CUST-0158,2024-12-25,Product Sale,133.73,15.0,1
TXN-00077,CUST-0165,2025-12-26,PPC Campaign,6871.57,18.0,1
TXN-00078,CUST-0159,2025-05-26,Market Analysis,8994.5,28.0,1
TXN-00079,CUST-0013,2024-10-02,PPC Campaign,8850.84,18.0,1
TXN-00080,CUST-0184,2024-02-21,Enterprise License,33227.76,35.0,1
TXN-00081,CUST-0118,2024-07-17,Bulk Order,12651.51,12.0,1
TXN-00082,CUST-0033,2025-10-15,Bulk Order,40423.86,12.0,1
TXN-00083,CUST-0154,2025-12-24,PPC Campaign,10700.83,18.0,1
TXN-00084,CUST-0047,2025-05-16,Subscription Box,125.75,20.0,1
TXN-00085,CUST-0123,2025-12-19,PPC Campaign,16124.16,18.0,1
TXN-00086,CUST-0190,2025-12-29,Consultation Fee,1477.51,32.0,1
TXN-00087,CUST-0013,2024-06-07,Social Media Mgmt,3242.62,22.0,1
TXN-00088,CUST-0088,2025-08-07,SEO Package,2963.87,20.0,1
TXN-00089,CUST-0075,2025-03-22,Litigation Support,75606.73,25.0,1
TXN-00090,CUST-0059,2024-05-29,Corporate Health,35449.46,22.0,2
TXN-00091,CUST-0164,2024-04-13,Workshop Ticket,1052.77,25.0,1
TXN-00092,CUST-0015,2025-02-01,Enterprise License,41351.08,35.0,1
TXN-00093,CUST-0184,2024-04-05,Implementation Fee,18261.0,20.0,1
TXN-00094,CUST-0101,2025-12-08,Property Listing,2258.8,30.0,1
TXN-00095,CUST-0046,2025-09-19,Social Media Mgmt,10975.09,22.0,1
TXN-00096,CUST-0090,2024-01-31,Market Analysis,25532.99,28.0,1
TXN-00097,CUST-0026,2024-12-14,Process Optimization,47317.48,22.0,1
TXN-00098,CUST-0029,2025-06-01,Telemedicine Plan,2670.39,28.0,2
TXN-00099,CUST-0088,2025-07-23,Social Media Mgmt,4112.09,22.0,1
TXN-00100,CUST-0036,2025-02-20,Monthly Subscription,210.64,40.0,1
TXN-00101,CUST-0095,2025-03-06,Subscription Box,96.45,20.0,1
TXN-00102,CUST-0150,2025-04-14,Wellness Program,9737.33,25.0,1
TXN-00103,CUST-0158,2025-05-09,Subscription Box,166.2,20.0,1
TXN-00104,CUST-0087,2025-02-18,Bulk Order,35836.54,12.0,1
TXN-00105,CUST-0053,2025-05-21,Annual Subscription,4301.79,45.0,1
TXN-00106,CUST-0184,2024-04-26,Annual Subscription,5297.88,45.0,1
TXN-00107,CUST-0176,2024-10-06,Patient Consultation,385.31,30.0,1
TXN-00108,CUST-0091,2024-10-29,PPC Campaign,14854.42,18.0,1
TXN-00109,CUST-0090,2024-04-27,Executive Coaching,15321.84,35.0,1
TXN-00110,CUST-0171,2025-12-28,Valuation Report,2118.52,35.0,1
TXN-00111,CUST-0137,2024-07-27,Consultation Fee,2274.83,32.0,1
TXN-00112,CUST-0107,2025-06-12,Bulk Order,8589.53,12.0,2
TXN-00113,CUST-0031,2024-11-15,Property Listing,4263.98,30.0,1
TXN-00114,CUST-0018,2025-04-28,Property Management,10664.23,25.0,2
TXN-00115,CUST-0184,2024-03-19,Implementation Fee,12818.58,20.0,1
TXN-00116,CUST-0171,2025-12-18,Consultation Fee,1825.25,32.0,1
TXN-00117,CUST-0200,2025-09-17,Property Listing,2575.57,30.0,1
TXN-00118,CUST-0148,2025-04-22,Bulk Order,52487.37,12.0,1
TXN-00119,CUST-0060,2025-09-14,Consultation Fee,2213.17,32.0,1
TXN-00120,CUST-0070,2025-04-15,Monthly Subscription,414.99,40.0,3
TXN-00121,CUST-0123,2025-08-21,Social Media Mgmt,5172.92,22.0,1
TXN-00122,CUST-0175,2025-08-25,Telemedicine Plan,648.61,28.0,1
TXN-00123,CUST-0012,2025-03-14,Bulk Order,28910.43,12.0,1
TXN-00124,CUST-0193,2025-12-17,Executive Coaching,15601.52,35.0,1
TXN-00125,CUST-0173,2025-02-01,SEO Package,4292.6,20.0,1
TXN-00126,CUST-0044,2024-06-10,Retainer,15856.83,28.0,1
TXN-00127,CUST-0178,2025-11-09,SEO Package,4282.68,20.0,1
TXN-00128,CUST-0129,2025-12-03,Litigation Support,35630.69,25.0,1
TXN-00129,CUST-0096,2025-01-20,Executive Coaching,11153.66,35.0,1
TXN-00130,CUST-0161,2025-09-26,Annual Subscription,2980.05,28.0,1
TXN-00131,CUST-0169,2024-07-29,Strategy Session,4598.42,30.0,3
TXN-00132,CUST-0068,2025-07-07,Bulk Order,42614.57,12.0,1
TXN-00133,CUST-0192,2024-10-17,Enterprise License,20760.5,35.0,1
TXN-00134,CUST-0039,2024-04-13,Retainer,26129.78,28.0,1
TXN-00135,CUST-0001,2024-07-05,Subscription Box,144.06,20.0,1
TXN-00136,CUST-0200,2025-04-28,Consultation Fee,1658.61,32.0,1
TXN-00137,CUST-0098,2024-06-03,Contract Review,9567.12,30.0,1
TXN-00138,CUST-0138,2024-08-24,Hourly Consultation,1358.21,35.0,1
TXN-00139,CUST-0113,2024-09-13,Implementation Fee,20614.59,20.0,1
TXN-00140,CUST-0032,2024-10-09,Website Development,25584.86,25.0,1
TXN-00141,CUST-0057,2025-12-28,Website Development,44185.8,25.0,1
TXN-00142,CUST-0085,2025-01-04,Consultation Fee,1122.04,32.0,1
TXN-00143,CUST-0081,2025-12-02,Annual Subscription,3934.96,45.0,1
TXN-00144,CUST-0163,2025-04-11,Executive Coaching,8000.46,35.0,1
TXN-00145,CUST-0070,2025-09-11,Annual Subscription,3347.82,45.0,3
TXN-00146,CUST-0073,2025-07-17,Website Development,52710.63,25.0,1
TXN-00147,CUST-0100,2025-05-17,Social Media Mgmt,3234.21,22.0,1
TXN-00148,CUST-0192,2025-02-06,Implementation Fee,15140.6,20.0,3
TXN-00149,CUST-0030,2025-12-27,Social Media Mgmt,6160.65,22.0,1
TXN-00150,CUST-0101,2024-06-18,Property Management,7065.11,25.0,1
TXN-00151,CUST-0180,2025-04-08,Bulk Order,46194.69,12.0,1
TXN-00152,CUST-0070,2025-04-01,Enterprise License,45064.65,35.0,2
TXN-00153,CUST-0191,2024-12-31,Corporate Training,16010.62,22.0,1
TXN-00154,CUST-0105,2025-05-10,Retainer,22304.9,28.0,2
TXN-00155,CUST-0107,2024-05-17,Premium Membership,210.79,18.0,1
TXN-00156,CUST-0119,2024-11-16,Annual Subscription,3841.97,28.0,2
TXN-00157,CUST-0014,2025-08-22,Valuation Report,3074.26,35.0,1
TXN-00158,CUST-0052,2024-03-12,Property Listing,3393.47,30.0,2
TXN-00159,CUST-0105,2025-06-02,Retainer,24869.32,28.0,1
TXN-00160,CUST-0197,2024-09-21,Website Development,19042.79,25.0,1
TXN-00161,CUST-0093,2025-10-13,Property Listing,5099.03,30.0,2
TXN-00162,CUST-0151,2025-05-22,Litigation Support,100478.81,25.0,1
TXN-00163,CUST-0051,2024-10-17,Annual Subscription,1868.65,45.0,1
TXN-00164,CUST-0024,2025-08-29,Website Development,6092.09,25.0,1
TXN-00165,CUST-0186,2024-10-28,Website Development,27173.61,25.0,1
TXN-00166,CUST-0158,2025-04-19,Product Sale,221.92,15.0,1
TXN-00167,CUST-0007,2024-06-19,SEO Package,6590.24,20.0,1
TXN-00168,CUST-0141,2025-08-29,Market Analysis,18615.8,28.0,1
TXN-00169,CUST-0197,2024-09-16,Website Development,37890.07,25.0,1
TXN-00170,CUST-0003,2025-02-26,SEO Package,5900.68,20.0,1
TXN-00171,CUST-0028,2024-11-29,Workshop Ticket,147.43,25.0,2
TXN-00172,CUST-0111,2024-09-25,Annual Subscription,4330.75,45.0,1
TXN-00173,CUST-0126,2025-07-15,Executive Coaching,15796.83,35.0,1
TXN-00174,CUST-0010,2025-10-15,Monthly Subscription,484.12,40.0,1
TXN-00175,CUST-0061,2024-12-29,Market Analysis,15946.51,28.0,1
TXN-00176,CUST-0050,2025-03-01,Executive Coaching,13960.79,35.0,1
TXN-00177,CUST-0186,2025-07-06,Social Media Mgmt,9899.67,22.0,1
TXN-00178,CUST-0030,2025-02-01,Social Media Mgmt,6533.85,22.0,2
TXN-00179,CUST-0095,2024-03-14,Subscription Box,150.31,20.0,1
TXN-00180,CUST-0084,2025-08-04,Product Sale,179.33,15.0,1
TXN-00181,CUST-0050,2025-04-01,Market Analysis,16337.79,28.0,1
TXN-00182,CUST-0128,2025-01-23,Social Media Mgmt,4441.81,22.0,1
TXN-00183,CUST-0038,2025-07-31,Monthly Subscription,187.89,40.0,1
TXN-00184,CUST-0022,2025-04-28,Course Enrollment,2208.84,20.0,1
TXN-00185,CUST-0003,2025-12-24,Social Media Mgmt,9687.58,22.0,1
TXN-00186,CUST-0099,2025-05-28,Retainer,9621.81,28.0,1
TXN-00187,CUST-0156,2025-12-28,Implementation Fee,9775.37,20.0,1
TXN-00188,CUST-0035,2024-05-30,Workshop Ticket,1153.32,25.0,1
TXN-00189,CUST-0190,2025-12-13,Property Listing,5010.24,30.0,1
TXN-00190,CUST-0038,2025-03-10,Annual Subscription,986.37,45.0,1
TXN-00191,CUST-0035,2024-05-12,Course Enrollment,1433.07,20.0,1
TXN-00192,CUST-0155,2025-07-25,Corporate Training,24210.83,22.0,1
TXN-00193,CUST-0023,2024-08-21,Hourly Consultation,1855.77,35.0,1
TXN-00194,CUST-0200,2025-07-21,Property Listing,4095.88,30.0,1
TXN-00195,CUST-0089,2025-12-14,Process Optimization,21271.36,22.0,1
TXN-00196,CUST-0022,2024-05-23,Annual Subscription,3347.65,28.0,1
TXN-00197,CUST-0165,2025-11-14,Social Media Mgmt,8107.97,22.0,1
TXN-00198,CUST-0132,2025-05-12,Website Development,31638.1,25.0,1
TXN-00199,CUST-0063,2024-01-26,Social Media Mgmt,8927.84,22.0,1
TXN-00200,CUST-0198,2025-10-11,Strategy Session,5971.73,30.0,1
TXN-00201,CUST-0167,2025-01-17,PPC Campaign,19121.21,18.0,1
TXN-00202,CUST-0189,2024-03-31,Implementation Fee,11895.84,20.0,1
TXN-00203,CUST-0062,2025-06-05,Hourly Consultation,1282.88,35.0,1
TXN-00204,CUST-0140,2025-05-16,Consultation Fee,521.7,32.0,1
TXN-00205,CUST-0161,2025-10-30,Corporate Training,12064.87,22.0,1
TXN-00206,CUST-0191,2024-09-04,Annual Subscription,4917.18,28.0,1
TXN-00207,CUST-0037,2024-03-30,Workshop Ticket,535.2,25.0,1
TXN-00208,CUST-0021,2024-05-23,Executive Coaching,11661.63,35.0,1
TXN-00209,CUST-0134,2024-08-04,SEO Package,1474.04,20.0,1
TXN-00210,CUST-0085,2024-10-30,Valuation Report,3354.31,35.0,1
TXN-00211,CUST-0026,2025-04-01,Executive Coaching,11071.88,35.0,1
TXN-00212,CUST-0048,2024-12-13,PPC Campaign,14490.08,18.0,1
TXN-00213,CUST-0110,2025-03-06,PPC Campaign,14294.65,18.0,1
TXN-00214,CUST-0058,2024-05-25,Social Media Mgmt,10049.87,22.0,1
TXN-00215,CUST-0143,2025-08-23,Valuation Report,3261.58,35.0,1
TXN-00216,CUST-0106,2024-06-29,Workshop Ticket,877.4,25.0,1
TXN-00217,CUST-0113,2025-03-20,Monthly Subscription,290.03,40.0,3
TXN-00218,CUST-0103,2025-01-02,Litigation Support,86336.23,25.0,1
TXN-00219,CUST-0024,2025-08-29,PPC Campaign,14771.7,18.0,1
TXN-00220,CUST-0167,2024-09-22,SEO Package,1875.3,20.0,1
TXN-00221,CUST-0015,2025-10-12,Implementation Fee,5104.49,20.0,1
TXN-00222,CUST-0112,2025-07-06,Executive Coaching,17813.64,35.0,1
TXN-00223,CUST-0108,2025-08-03,Corporate Training,31464.42,22.0,2
TXN-00224,CUST-0015,2024-08-14,Monthly Subscription,219.4,40.0,1
TXN-00225,CUST-0189,2024-06-12,Implementation Fee,17917.62,20.0,1
TXN-00226,CUST-0137,2024-08-30,Valuation Report,1625.87,35.0,1
TXN-00227,CUST-0106,2024-07-31,Workshop Ticket,632.18,25.0,1
TXN-00228,CUST-0093,2025-07-16,Consultation Fee,802.08,32.0,3
TXN-00229,CUST-0191,2025-01-13,Workshop Ticket,860.99,25.0,1
TXN-00230,CUST-0169,2025-10-26,Process Optimization,50850.42,22.0,1
TXN-00231,CUST-0094,2024-08-11,Enterprise License,39939.8,35.0,2
TXN-00232,CUST-0116,2025-01-15,Premium Membership,335.76,18.0,1
TXN-00233,CUST-0113,2025-11-06,Enterprise License,9779.12,35.0,1
TXN-00234,CUST-0057,2025-12-18,Social Media Mgmt,10617.09,22.0,1
TXN-00235,CUST-0158,2025-06-20,Product Sale,444.48,15.0,1
TXN-00236,CUST-0190,2025-12-22,Property Management,4904.94,25.0,2
TXN-00237,CUST-0011,2024-09-29,Website Development,7220.81,25.0,1
TXN-00238,CUST-0090,2024-02-03,Market Analysis,9085.07,28.0,1
TXN-00239,CUST-0121,2025-04-30,Retainer,15097.34,28.0,1
TXN-00240,CUST-0032,2024-11-13,PPC Campaign,12425.35,18.0,1
TXN-00241,CUST-0021,2024-07-26,Market Analysis,15047.91,28.0,1
TXN-00242,CUST-0142,2025-12-17,PPC Campaign,17422.4,18.0,3
TXN-00243,CUST-0182,2024-11-26,Retainer,24733.47,28.0,1
TXN-00244,CUST-0007,2024-05-11,PPC Campaign,11832.92,18.0,1
TXN-00245,CUST-0170,2025-11-12,Website Development,26076.48,25.0,1
TXN-00246,CUST-0150,2025-01-24,Patient Consultation,428.75,30.0,1
TXN-00247,CUST-0066,2025-07-30,Enterprise License,24207.85,35.0,1
TXN-00248,CUST-0158,2025-03-07,Subscription Box,171.86,20.0,1
TXN-00249,CUST-0145,2025-12-19,Implementation Fee,13791.93,20.0,1
TXN-00250,CUST-0200,2025-09-29,Property Management,4651.91,25.0,1
TXN-00251,CUST-0016,2024-04-27,Litigation Support,36376.52,25.0,2
TXN-00252,CUST-0080,2024-03-19,Enterprise License,49265.15,35.0,1
TXN-00253,CUST-0093,2025-11-19,Consultation Fee,2572.84,32.0,1
TXN-00254,CUST-0078,2025-02-19,Valuation Report,1401.9,35.0,1
TXN-00255,CUST-0070,2025-10-19,Implementation Fee,10507.1,20.0,2
TXN-00256,CUST-0100,2025-11-18,Social Media Mgmt,3563.07,22.0,1
TXN-00257,CUST-0041,2024-12-01,Premium Membership,315.64,18.0,1
TXN-00258,CUST-0182,2024-10-02,Retainer,18488.33,28.0,1
TXN-00259,CUST-0169,2024-07-27,Process Optimization,6668.01,22.0,1
TXN-00260,CUST-0068,2025-01-28,Premium Membership,415.82,18.0,2
TXN-00261,CUST-0166,2025-10-07,Telemedicine Plan,2655.65,28.0,1
TXN-00262,CUST-0135,2024-03-13,Subscription Box,38.8,20.0,1
TXN-00263,CUST-0121,2025-12-01,Hourly Consultation,2355.56,35.0,1
TXN-00264,CUST-0148,2024-10-11,Subscription Box,81.84,20.0,1
TXN-00265,CUST-0031,2025-09-22,Valuation Report,3403.29,35.0,1
TXN-00266,CUST-0177,2025-05-08,Website Development,8420.76,25.0,1
TXN-00267,CUST-0132,2025-04-25,SEO Package,1381.79,20.0,1
TXN-00268,CUST-0131,2024-04-30,Annual Subscription,1368.66,45.0,1
TXN-00269,CUST-0028,2025-03-12,Workshop Ticket,449.51,25.0,1
TXN-00270,CUST-0176,2025-09-13,Corporate Health,14813.32,22.0,1
TXN-00271,CUST-0153,2025-07-31,Telemedicine Plan,1644.47,28.0,1
TXN-00272,CUST-0083,2025-11-18,Process Optimization,50993.89,22.0,1
TXN-00273,CUST-0166,2025-12-12,Patient Consultation,393.63,30.0,1
TXN-00274,CUST-0099,2024-04-15,Contract Review,9858.09,30.0,1
TXN-00275,CUST-0116,2025-01-05,Premium Membership,189.67,18.0,1
TXN-00276,CUST-0054,2025-03-15,Property Management,6629.64,25.0,1
TXN-00277,CUST-0070,2025-04-25,Enterprise License,9744.32,35.0,1
TXN-00278,CUST-0036,2025-08-15,Annual Subscription,2051.42,45.0,1
TXN-00279,CUST-0091,2024-10-29,Social Media Mgmt,8794.56,22.0,1
TXN-00280,CUST-0114,2025-09-11,Strategy Session,8625.59,30.0,1
TXN-00281,CUST-0084,2025-04-20,Subscription Box,48.4,20.0,1
TXN-00282,CUST-0174,2025-04-14,Valuation Report,4683.77,35.0,1
TXN-00283,CUST-0197,2024-06-19,Website Development,17176.23,25.0,1
TXN-00284,CUST-0084,2025-05-08,Product Sale,78.59,15.0,1
TXN-00285,CUST-0085,2025-12-29,Valuation Report,3923.81,35.0,1
TXN-00286,CUST-0087,2025-11-05,Subscription Box,54.4,20.0,1
TXN-00287,CUST-0138,2025-09-26,Retainer,19467.18,28.0,1
TXN-00288,CUST-0194,2024-03-15,Monthly Subscription,187.94,40.0,1
TXN-00289,CUST-0064,2025-12-24,Patient Consultation,505.82,30.0,1
TXN-00290,CUST-0002,2025-11-04,Premium Membership,1109.17,18.0,1
TXN-00291,CUST-0041,2025-02-11,Bulk Order,22742.71,12.0,1
TXN-00292,CUST-0136,2024-08-12,Consultation Fee,1348.46,32.0,1
TXN-00293,CUST-0096,2025-01-29,Executive Coaching,4174.33,35.0,1
TXN-00294,CUST-0094,2024-07-23,Enterprise License,38022.66,35.0,1
TXN-00295,CUST-0107,2024-05-31,Subscription Box,80.4,20.0,1
TXN-00296,CUST-0156,2025-12-26,Monthly Subscription,338.38,40.0,1
TXN-00297,CUST-0058,2025-09-17,Social Media Mgmt,3157.71,22.0,1
TXN-00298,CUST-0030,2025-11-04,PPC Campaign,8682.59,18.0,1
TXN-00299,CUST-0075,2025-05-08,Hourly Consultation,2009.48,35.0,1
TXN-00300,CUST-0044,2025-08-18,Hourly Consultation,1947.27,35.0,1
TXN-00301,CUST-0022,2024-08-28,Annual Subscription,1900.28,28.0,1
TXN-00302,CUST-0119,2024-11-10,Annual Subscription,2742.89,28.0,1
TXN-00303,CUST-0167,2024-07-19,Website Development,38867.86,25.0,2
TXN-00304,CUST-0113,2024-11-11,Monthly Subscription,359.91,40.0,2
TXN-00305,CUST-0118,2024-07-20,Subscription Box,128.34,20.0,1
TXN-00306,CUST-0066,2024-11-02,Annual Subscription,1952.51,45.0,1
TXN-00307,CUST-0179,2024-06-02,Corporate Training,13955.36,22.0,1
TXN-00308,CUST-0099,2024-07-30,Hourly Consultation,2508.55,35.0,1
TXN-00309,CUST-0126,2025-09-06,Market Analysis,24389.75,28.0,1
TXN-00310,CUST-0045,2024-07-16,Property Listing,1724.77,30.0,1
TXN-00311,CUST-0085,2025-12-18,Consultation Fee,3045.41,32.0,1
TXN-00312,CUST-0007,2024-05-27,SEO Package,4163.29,20.0,1
TXN-00313,CUST-0087,2025-07-27,Bulk Order,14008.38,12.0,1
TXN-00314,CUST-0051,2025-12-24,Implementation Fee,13320.16,20.0,1
TXN-00315,CUST-0141,2025-03-08,Executive Coaching,18233.76,35.0,1
TXN-00316,CUST-0166,2025-10-02,Telemedicine Plan,2317.21,28.0,1
TXN-00317,CUST-0139,2025-05-29,Annual Subscription,3889.9,28.0,1
TXN-00318,CUST-0032,2024-09-30,Social Media Mgmt,3702.29,22.0,1
TXN-00319,CUST-0056,2025-02-16,Hourly Consultation,2851.7,35.0,1
TXN-00320,CUST-0006,2024-04-02,Course Enrollment,2530.11,20.0,1
TXN-00321,CUST-0142,2025-12-06,SEO Package,3766.28,20.0,1
TXN-00322,CUST-0131,2024-10-09,Annual Subscription,2805.67,45.0,1
TXN-00323,CUST-0053,2024-09-15,Enterprise License,22601.74,35.0,1
TXN-00324,CUST-0110,2025-08-27,Website Development,5537.73,25.0,1
TXN-00325,CUST-0090,2024-04-10,Market Analysis,24958.8,28.0,1
TXN-00326,CUST-0155,2024-05-01,Workshop Ticket,596.69,25.0,1
TXN-00327,CUST-0067,2025-08-04,SEO Package,2823.34,20.0,1
TXN-00328,CUST-0126,2025-04-22,Strategy Session,6750.31,30.0,1
TXN-00329,CUST-0172,2024-10-26,Annual Subscription,2430.15,45.0,1
TXN-00330,CUST-0068,2025-12-14,Product Sale,384.25,15.0,1
TXN-00331,CUST-0117,2025-09-23,Implementation Fee,4116.19,20.0,1
TXN-00332,CUST-0057,2025-12-03,PPC Campaign,7747.61,18.0,3
TXN-00333,CUST-0034,2025-10-12,Retainer,4527.6,28.0,1
TXN-00334,CUST-0142,2025-12-01,Social Media Mgmt,6991.75,22.0,1
TXN-00335,CUST-0181,2025-04-08,Course Enrollment,2395.95,20.0,1
TXN-00336,CUST-0190,2025-12-02,Property Management,4019.66,25.0,1
TXN-00337,CUST-0063,2025-04-19,Social Media Mgmt,9865.98,22.0,1
TXN-00338,CUST-0032,2024-10-01,Social Media Mgmt,7398.24,22.0,1
TXN-00339,CUST-0097,2025-10-14,Executive Coaching,15991.94,35.0,1
TXN-00340,CUST-0050,2025-08-29,Strategy Session,3704.43,30.0,1
TXN-00341,CUST-0175,2025-06-24,Wellness Program,10442.48,25.0,1
TXN-00342,CUST-0050,2025-12-06,Process Optimization,36659.6,22.0,1
TXN-00343,CUST-0095,2024-08-05,Subscription Box,31.55,20.0,1
TXN-00344,CUST-0055,2024-04-22,PPC Campaign,7745.2,18.0,1
TXN-00345,CUST-0123,2025-10-31,Website Development,42123.56,25.0,1
TXN-00346,CUST-0062,2025-07-06,Contract Review,4404.67,30.0,1
TXN-00347,CUST-0085,2024-09-21,Property Management,9072.47,25.0,2
TXN-00348,CUST-0156,2025-12-06,Enterprise License,38792.73,35.0,1
TXN-00349,CUST-0192,2025-01-03,Annual Subscription,858.28,45.0,1
TXN-00350,CUST-0187,2025-06-22,Course Enrollment,1753.0,20.0,1
TXN-00351,CUST-0110,2024-12-26,Website Development,27487.49,25.0,1
TXN-00352,CUST-0061,2024-12-29,Market Analysis,13293.24,28.0,1
TXN-00353,CUST-0117,2025-08-13,Enterprise License,31850.6,35.0,1
TXN-00354,CUST-0105,2025-12-23,Litigation Support,92049.74,25.0,1
TXN-00355,CUST-0037,2024-03-21,Annual Subscription,2930.86,28.0,1
TXN-00356,CUST-0028,2025-09-22,Course Enrollment,983.11,20.0,1
TXN-00357,CUST-0082,2025-12-25,Executive Coaching,15452.04,35.0,1
TXN-00358,CUST-0079,2024-09-18,Corporate Training,3842.05,22.0,1
TXN-00359,CUST-0102,2025-01-17,PPC Campaign,21044.32,18.0,2
TXN-00360,CUST-0035,2024-03-14,Corporate Training,16837.19,22.0,1
TXN-00361,CUST-0017,2025-09-15,Executive Coaching,17525.09,35.0,1
TXN-00362,CUST-0085,2025-10-09,Consultation Fee,2067.48,32.0,1
TXN-00363,CUST-0194,2024-11-09,Monthly Subscription,430.71,40.0,1
TXN-00364,CUST-0039,2024-06-25,Hourly Consultation,1933.06,35.0,1
TXN-00365,CUST-0096,2024-12-21,Executive Coaching,18225.28,35.0,1
TXN-00366,CUST-0048,2024-03-18,Social Media Mgmt,8047.35,22.0,1
TXN-00367,CUST-0158,2025-03-08,Premium Membership,299.29,18.0,1
TXN-00368,CUST-0123,2025-09-02,Website Development,20502.14,25.0,1
TXN-00369,CUST-0166,2025-12-19,Patient Consultation,402.41,30.0,1
TXN-00370,CUST-0028,2025-07-09,Workshop Ticket,1342.86,25.0,1
TXN-00371,CUST-0038,2024-07-26,Monthly Subscription,179.64,40.0,1
TXN-00372,CUST-0137,2024-05-31,Valuation Report,3801.24,35.0,1
TXN-00373,CUST-0195,2024-10-23,Product Sale,253.26,15.0,2
TXN-00374,CUST-0102,2025-03-27,SEO Package,8633.24,20.0,1
TXN-00375,CUST-0198,2025-04-21,Executive Coaching,9197.2,35.0,1
TXN-00376,CUST-0067,2025-10-30,PPC Campaign,8065.18,18.0,1
TXN-00377,CUST-0081,2025-09-14,Enterprise License,15511.56,35.0,1
TXN-00378,CUST-0170,2024-10-07,SEO Package,1759.52,20.0,1
TXN-00379,CUST-0197,2024-09-30,PPC Campaign,18484.39,18.0,1
TXN-00380,CUST-0062,2025-07-15,Retainer,10197.33,28.0,1
TXN-00381,CUST-0056,2025-11-12,Hourly Consultation,827.31,35.0,1
TXN-00382,CUST-0146,2025-12-10,PPC Campaign,15175.72,18.0,1
TXN-00383,CUST-0084,2024-11-03,Premium Membership,765.48,18.0,1
TXN-00384,CUST-0062,2025-03-20,Retainer,16966.31,28.0,1
TXN-00385,CUST-0050,2025-11-08,Process Optimization,42519.87,22.0,1
TXN-00386,CUST-0036,2025-09-23,Enterprise License,52731.67,35.0,1
TXN-00387,CUST-0177,2025-07-16,Website Development,6150.03,25.0,1
TXN-00388,CUST-0016,2024-04-25,Contract Review,5186.3,30.0,1
TXN-00389,CUST-0132,2024-09-01,Social Media Mgmt,9503.26,22.0,1
TXN-00390,CUST-0133,2024-04-29,Bulk Order,14647.87,12.0,1
TXN-00391,CUST-0158,2025-12-11,Bulk Order,6297.87,12.0,1
TXN-00392,CUST-0166,2025-11-07,Telemedicine Plan,1907.42,28.0,1
TXN-00393,CUST-0163,2024-12-26,Executive Coaching,6121.15,35.0,2
TXN-00394,CUST-0031,2025-07-17,Property Listing,2309.81,30.0,1
TXN-00395,CUST-0193,2024-06-08,Executive Coaching,13636.14,35.0,2
TXN-00396,CUST-0157,2024-12-26,Website Development,7531.2,25.0,1
TXN-00397,CUST-0016,2024-02-18,Litigation Support,57546.87,25.0,1
TXN-00398,CUST-0046,2024-10-30,Social Media Mgmt,2629.17,22.0,1
TXN-00399,CUST-0113,2024-05-01,Enterprise License,17752.32,35.0,1
TXN-00400,CUST-0096,2025-10-16,Strategy Session,2463.77,30.0,1
TXN-00401,CUST-0055,2024-09-29,PPC Campaign,7201.27,18.0,1
TXN-00402,CUST-0063,2025-04-28,Website Development,29175.94,25.0,1
TXN-00403,CUST-0130,2025-05-29,Executive Coaching,9143.38,35.0,1
TXN-00404,CUST-0197,2024-08-26,PPC Campaign,6179.57,18.0,1
TXN-00405,CUST-0147,2024-07-31,Strategy Session,4262.95,30.0,1
TXN-00406,CUST-0008,2024-12-17,SEO Package,4427.74,20.0,1
TXN-00407,CUST-0014,2025-03-09,Valuation Report,2309.81,35.0,1
TXN-00408,CUST-0128,2024-09-07,PPC Campaign,24591.86,18.0,1
TXN-00409,CUST-0130,2024-08-19,Executive Coaching,18138.59,35.0,1
TXN-00410,CUST-0159,2025-02-15,Strategy Session,8589.31,30.0,1
TXN-00411,CUST-0122,2025-04-20,Contract Review,10152.68,30.0,1
TXN-00412,CUST-0005,2025-11-03,Social Media Mgmt,3602.14,22.0,1
TXN-00413,CUST-0072,2025-12-04,Property Management,6945.32,25.0,1
TXN-00414,CUST-0141,2024-07-30,Process Optimization,31452.4,22.0,1
TXN-00415,CUST-0197,2024-11-04,PPC Campaign,22368.6,18.0,1
TXN-00416,CUST-0133,2024-07-26,Bulk Order,23946.77,12.0,1
TXN-00417,CUST-0030,2025-08-05,Website Development,14558.49,25.0,1
TXN-00418,CUST-0171,2025-12-15,Property Listing,4024.88,30.0,1
TXN-00419,CUST-0143,2024-08-17,Property Management,1697.23,25.0,1
TXN-00420,CUST-0042,2025-12-27,Property Management,8755.09,25.0,1
TXN-00421,CUST-0197,2024-09-15,Social Media Mgmt,9395.11,22.0,1
TXN-00422,CUST-0060,2024-06-02,Property Listing,3080.31,30.0,1
TXN-00423,CUST-0052,2024-03-01,Consultation Fee,2350.24,32.0,1
TXN-00424,CUST-0035,2024-05-04,Course Enrollment,769.88,20.0,1
TXN-00425,CUST-0079,2025-11-30,Workshop Ticket,185.03,25.0,1
TXN-00426,CUST-0162,2024-11-02,Course Enrollment,324.15,20.0,1
TXN-00427,CUST-0190,2025-12-29,Consultation Fee,1023.51,32.0,1
TXN-00428,CUST-0093,2025-09-10,Property Listing,2518.28,30.0,1
TXN-00429,CUST-0023,2025-08-25,Contract Review,2406.91,30.0,1
TXN-00430,CUST-0047,2024-10-02,Bulk Order,41032.16,12.0,1
TXN-00431,CUST-0098,2025-02-05,Litigation Support,52110.45,25.0,1
TXN-00432,CUST-0141,2025-12-19,Process Optimization,21690.19,22.0,1
TXN-00433,CUST-0069,2025-11-16,Bulk Order,8925.9,12.0,3
TXN-00434,CUST-0108,2025-10-21,Annual Subscription,2451.33,28.0,1
TXN-00435,CUST-0137,2024-04-07,Consultation Fee,1705.66,32.0,1
TXN-00436,CUST-0033,2025-02-25,Subscription Box,72.26,20.0,2
TXN-00437,CUST-0060,2024-06-29,Consultation Fee,1918.56,32.0,1
TXN-00438,CUST-0080,2025-02-13,Annual Subscription,3046.91,45.0,1
TXN-00439,CUST-0167,2025-06-25,PPC Campaign,9701.9,18.0,1
TXN-00440,CUST-0002,2025-10-05,Subscription Box,99.38,20.0,1
TXN-00441,CUST-0045,2024-08-07,Property Management,10052.28,25.0,1
TXN-00442,CUST-0104,2025-06-07,Strategy Session,3366.34,30.0,1
TXN-00443,CUST-0138,2025-12-05,Litigation Support,85691.51,25.0,1
TXN-00444,CUST-0051,2024-12-21,Implementation Fee,9152.04,20.0,1
TXN-00445,CUST-0175,2025-05-29,Telemedicine Plan,1981.15,28.0,1
TXN-00446,CUST-0178,2024-05-09,Social Media Mgmt,3076.98,22.0,1
TXN-00447,CUST-0026,2025-01-02,Strategy Session,7561.37,30.0,1
TXN-00448,CUST-0127,2024-07-28,Enterprise License,16921.18,35.0,1
TXN-00449,CUST-0152,2025-07-29,Litigation Support,62571.77,25.0,1
TXN-00450,CUST-0079,2025-12-07,Annual Subscription,2234.94,28.0,1
TXN-00451,CUST-0126,2025-12-23,Market Analysis,18090.79,28.0,1
TXN-00452,CUST-0193,2024-10-18,Executive Coaching,4793.06,35.0,1
TXN-00453,CUST-0018,2025-01-28,Consultation Fee,942.66,32.0,1
TXN-00454,CUST-0052,2024-01-28,Valuation Report,3764.51,35.0,1
TXN-00455,CUST-0036,2024-10-17,Enterprise License,17070.68,35.0,1
TXN-00456,CUST-0125,2024-08-06,PPC Campaign,5610.99,18.0,1
TXN-00457,CUST-0181,2024-09-14,Annual Subscription,2527.23,28.0,1
TXN-00458,CUST-0168,2024-11-30,Social Media Mgmt,8655.84,22.0,1
TXN-00459,CUST-0143,2025-04-08,Property Management,1517.16,25.0,1
TXN-00460,CUST-0165,2025-11-04,SEO Package,6029.41,20.0,1
TXN-00461,CUST-0032,2025-01-12,PPC Campaign,20351.38,18.0,1
TXN-00462,CUST-0125,2024-08-26,SEO Package,5163.4,20.0,1
TXN-00463,CUST-0133,2024-05-27,Bulk Order,39441.38,12.0,1
TXN-00464,CUST-0065,2025-06-09,Product Sale,111.91,15.0,1
TXN-00465,CUST-0038,2025-02-06,Enterprise License,13533.16,35.0,1
TXN-00466,CUST-0006,2024-07-20,Annual Subscription,3028.3,28.0,1
TXN-00467,CUST-0074,2025-09-03,Retainer,9415.48,28.0,2
TXN-00468,CUST-0114,2025-11-23,Executive Coaching,16412.16,35.0,1
TXN-00469,CUST-0155,2025-11-07,Workshop Ticket,392.05,25.0,1
TXN-00470,CUST-0088,2025-07-23,PPC Campaign,14877.22,18.0,1
TXN-00471,CUST-0059,2024-06-19,Patient Consultation,197.38,30.0,1
TXN-00472,CUST-0023,2024-10-13,Contract Review,7951.02,30.0,1
TXN-00473,CUST-0163,2024-08-12,Process Optimization,54628.2,22.0,1
TXN-00474,CUST-0024,2025-07-23,Website Development,45188.03,25.0,1
TXN-00475,CUST-0195,2025-07-21,Bulk Order,9618.23,12.0,1
TXN-00476,CUST-0117,2025-10-15,Monthly Subscription,456.62,40.0,1
TXN-00477,CUST-0115,2024-12-05,Consultation Fee,1823.83,32.0,1
TXN-00478,CUST-0017,2025-04-14,Strategy Session,1833.05,30.0,1
TXN-00479,CUST-0046,2024-10-11,SEO Package,4139.59,20.0,1
TXN-00480,CUST-0165,2025-10-27,PPC Campaign,18395.51,18.0,1
TXN-00481,CUST-0160,2025-09-14,SEO Package,5717.8,20.0,1
TXN-00482,CUST-0177,2025-08-11,Website Development,31839.82,25.0,1
TXN-00483,CUST-0185,2025-12-12,Implementation Fee,18635.06,20.0,1
TXN-00484,CUST-0066,2024-07-29,Enterprise License,16375.66,35.0,1
TXN-00485,CUST-0038,2024-05-25,Enterprise License,49656.38,35.0,3
TXN-00486,CUST-0181,2025-09-23,Annual Subscription,4497.32,28.0,1
TXN-00487,CUST-0053,2025-12-29,Monthly Subscription,163.4,40.0,1
TXN-00488,CUST-0164,2024-04-27,Corporate Training,13052.66,22.0,1
TXN-00489,CUST-0106,2024-09-03,Annual Subscription,1335.42,28.0,1
TXN-00490,CUST-0050,2025-01-20,Process Optimization,63541.31,22.0,1
TXN-00491,CUST-0035,2025-04-28,Annual Subscription,2354.87,28.0,1
TXN-00492,CUST-0101,2024-08-06,Property Listing,2127.93,30.0,1
TXN-00493,CUST-0016,2024-03-12,Hourly Consultation,1272.3,35.0,1
TXN-00494,CUST-0102,2025-06-03,SEO Package,4880.68,20.0,1
TXN-00495,CUST-0153,2025-01-10,Telemedicine Plan,3004.8,28.0,1
TXN-00496,CUST-0087,2024-09-01,Subscription Box,184.06,20.0,1
TXN-00497,CUST-0066,2025-03-08,Monthly Subscription,332.98,40.0,1
TXN-00498,CUST-0012,2025-12-02,Bulk Order,36925.21,12.0,1
TXN-00499,CUST-0138,2024-07-03,Hourly Consultation,685.74,35.0,1
TXN-00500,CUST-0170,2025-10-03,Website Development,15858.02,25.0,1
TXN-00501,CUST-0030,2024-08-28,PPC Campaign,21476.3,18.0,2
TXN-00502,CUST-0067,2025-03-06,SEO Package,8758.49,20.0,1
TXN-00503,CUST-0019,2025-08-28,Valuation Report,4045.95,35.0,1
TXN-00504,CUST-0035,2025-06-14,Course Enrollment,951.01,20.0,1
TXN-00505,CUST-0062,2024-11-23,Hourly Consultation,2327.52,35.0,1
TXN-00506,CUST-0151,2025-07-08,Litigation Support,64146.26,25.0,1
TXN-00507,CUST-0008,2024-09-06,Website Development,35853.99,25.0,1
TXN-00508,CUST-0132,2025-05-31,Social Media Mgmt,5890.84,22.0,1
TXN-00509,CUST-0059,2024-08-10,Telemedicine Plan,875.21,28.0,1
TXN-00510,CUST-0136,2025-03-18,Valuation Report,1264.35,35.0,1
TXN-00511,CUST-0078,2024-09-15,Consultation Fee,1263.38,32.0,1
TXN-00512,CUST-0134,2025-09-23,SEO Package,5111.79,20.0,1
TXN-00513,CUST-0166,2025-12-03,Wellness Program,4061.37,25.0,2
TXN-00514,CUST-0029,2025-09-24,Corporate Health,29945.91,22.0,1
TXN-00515,CUST-0113,2024-02-27,Annual Subscription,1832.67,45.0,2
TXN-00516,CUST-0199,2025-03-08,SEO Package,2055.19,20.0,1
TXN-00517,CUST-0055,2024-07-02,SEO Package,7103.97,20.0,1
TXN-00518,CUST-0168,2025-06-24,Website Development,28055.49,25.0,1
TXN-00519,CUST-0026,2024-02-09,Executive Coaching,6132.31,35.0,2
TXN-00520,CUST-0077,2025-12-28,Wellness Program,12887.82,25.0,2
TXN-00521,CUST-0146,2024-03-14,PPC Campaign,24694.61,18.0,1
TXN-00522,CUST-0061,2025-11-22,Market Analysis,14855.33,28.0,1
TXN-00523,CUST-0190,2025-12-11,Property Management,4325.04,25.0,1
TXN-00524,CUST-0174,2025-12-25,Consultation Fee,3367.45,32.0,1
TXN-00525,CUST-0057,2025-12-01,Social Media Mgmt,6852.84,22.0,1
TXN-00526,CUST-0124,2025-08-03,Consultation Fee,1249.01,32.0,1
TXN-00527,CUST-0090,2024-07-26,Process Optimization,28887.06,22.0,1
TXN-00528,CUST-0069,2025-11-20,Product Sale,330.12,15.0,1
TXN-00529,CUST-0038,2025-08-06,Implementation Fee,10064.45,20.0,1
TXN-00530,CUST-0110,2025-02-15,Social Media Mgmt,8403.52,22.0,1
TXN-00531,CUST-0069,2025-10-12,Subscription Box,170.29,20.0,1
TXN-00532,CUST-0179,2024-03-20,Course Enrollment,2785.4,20.0,3
TXN-00533,CUST-0075,2024-10-12,Retainer,23637.2,28.0,1
TXN-00534,CUST-0193,2024-11-22,Process Optimization,54425.3,22.0,1
TXN-00535,CUST-0109,2025-10-12,Social Media Mgmt,5960.19,22.0,1
TXN-00536,CUST-0131,2025-04-17,Implementation Fee,11789.93,20.0,3
TXN-00537,CUST-0050,2025-09-22,Process Optimization,19056.43,22.0,1
TXN-00538,CUST-0089,2025-12-21,Executive Coaching,12359.41,35.0,1
TXN-00539,CUST-0165,2025-11-28,Social Media Mgmt,5685.96,22.0,1
TXN-00540,CUST-0160,2024-11-08,SEO Package,2919.4,20.0,1
TXN-00541,CUST-0073,2024-07-16,PPC Campaign,7405.43,18.0,1
TXN-00542,CUST-0004,2024-07-09,PPC Campaign,12097.63,18.0,1
TXN-00543,CUST-0182,2024-12-25,Hourly Consultation,689.61,35.0,1
TXN-00544,CUST-0127,2025-02-08,Annual Subscription,1450.96,45.0,1
TXN-00545,CUST-0043,2024-12-17,Bulk Order,18982.15,12.0,1
TXN-00546,CUST-0005,2025-06-15,Social Media Mgmt,10835.22,22.0,1
TXN-00547,CUST-0037,2024-05-01,Corporate Training,13824.8,22.0,1
TXN-00548,CUST-0162,2025-10-04,Corporate Training,21183.72,22.0,1
TXN-00549,CUST-0120,2024-10-13,Website Development,9941.95,25.0,1
TXN-00550,CUST-0022,2025-09-27,Annual Subscription,1965.45,28.0,1
TXN-00551,CUST-0198,2024-10-06,Process Optimization,48266.11,22.0,1
TXN-00552,CUST-0071,2024-07-31,Website Development,14831.07,25.0,1
TXN-00553,CUST-0185,2025-12-01,Monthly Subscription,233.12,40.0,1
TXN-00554,CUST-0042,2025-10-26,Consultation Fee,728.04,32.0,1
TXN-00555,CUST-0148,2024-12-27,Premium Membership,131.2,18.0,1
TXN-00556,CUST-0010,2025-04-15,Annual Subscription,2313.52,45.0,1
TXN-00557,CUST-0153,2025-03-20,Telemedicine Plan,1787.74,28.0,1
TXN-00558,CUST-0181,2025-06-21,Workshop Ticket,687.93,25.0,1
TXN-00559,CUST-0048,2025-06-17,SEO Package,7450.05,20.0,1
TXN-00560,CUST-0177,2025-09-29,Social Media Mgmt,2351.91,22.0,1
TXN-00561,CUST-0171,2025-12-22,Property Management,6864.17,25.0,1
TXN-00562,CUST-0111,2025-07-25,Monthly Subscription,409.43,40.0,2
TXN-00563,CUST-0150,2025-05-17,Patient Consultation,319.15,30.0,1
TXN-00564,CUST-0128,2024-08-10,Social Media Mgmt,6738.68,22.0,2
TXN-00565,CUST-0006,2024-06-23,Annual Subscription,2619.18,28.0,1
TXN-00566,CUST-0151,2024-10-27,Hourly Consultation,2187.37,35.0,1
TXN-00567,CUST-0113,2025-05-02,Enterprise License,39194.34,35.0,1
TXN-00568,CUST-0011,2024-04-12,SEO Package,5304.41,20.0,1
TXN-00569,CUST-0017,2025-02-18,Strategy Session,15267.96,30.0,1
TXN-00570,CUST-0009,2025-12-30,Litigation Support,15770.76,25.0,1
TXN-00571,CUST-0087,2025-12-26,Premium Membership,839.77,18.0,1
TXN-00572,CUST-0043,2025-09-08,Bulk Order,32905.2,12.0,2
TXN-00573,CUST-0038,2025-06-21,Annual Subscription,3335.31,45.0,1
TXN-00574,CUST-0139,2025-11-28,Workshop Ticket,884.69,25.0,1
TXN-00575,CUST-0082,2025-12-04,Market Analysis,22087.85,28.0,3
TXN-00576,CUST-0008,2025-01-08,Social Media Mgmt,7055.15,22.0,1
TXN-00577,CUST-0011,2024-12-26,Social Media Mgmt,6081.41,22.0,1
TXN-00578,CUST-0026,2025-04-20,Market Analysis,12972.54,28.0,1
TXN-00579,CUST-0122,2025-07-13,Litigation Support,11807.19,25.0,1
TXN-00580,CUST-0095,2025-12-01,Bulk Order,40878.75,12.0,1
TXN-00581,CUST-0045,2024-08-06,Valuation Report,1307.92,35.0,1
TXN-00582,CUST-0055,2024-08-22,Social Media Mgmt,3455.59,22.0,1
TXN-00583,CUST-0173,2024-12-05,Website Development,37462.6,25.0,1
TXN-00584,CUST-0057,2025-12-01,PPC Campaign,13036.61,18.0,3
TXN-00585,CUST-0146,2024-03-03,Website Development,27403.51,25.0,1
TXN-00586,CUST-0005,2024-05-27,SEO Package,2646.88,20.0,1
TXN-00587,CUST-0087,2025-12-15,Subscription Box,148.18,20.0,3
TXN-00588,CUST-0171,2025-12-22,Consultation Fee,892.0,32.0,1
TXN-00589,CUST-0036,2024-12-26,Enterprise License,17771.5,35.0,1
TXN-00590,CUST-0187,2024-11-02,Course Enrollment,2044.24,20.0,1
TXN-00591,CUST-0174,2025-01-05,Consultation Fee,1281.61,32.0,1
TXN-00592,CUST-0148,2025-06-16,Product Sale,34.18,15.0,1
TXN-00593,CUST-0153,2025-06-17,Telemedicine Plan,670.16,28.0,1
TXN-00594,CUST-0169,2025-10-16,Strategy Session,8913.64,30.0,1
TXN-00595,CUST-0100,2025-10-29,PPC Campaign,4778.31,18.0,1
TXN-00596,CUST-0172,2024-08-06,Enterprise License,44987.93,35.0,2
TXN-00597,CUST-0185,2025-12-20,Enterprise License,14292.1,35.0,3
TXN-00598,CUST-0090,2024-02-19,Executive Coaching,7419.75,35.0,1
TXN-00599,CUST-0047,2025-03-12,Premium Membership,708.05,18.0,1
TXN-00600,CUST-0056,2024-11-26,Hourly Consultation,3207.03,35.0,1
TXN-00601,CUST-0167,2025-10-03,SEO Package,3773.08,20.0,1
TXN-00602,CUST-0165,2025-11-16,PPC Campaign,10614.7,18.0,1
TXN-00603,CUST-0049,2025-08-26,Monthly Subscription,85.61,40.0,1
TXN-00604,CUST-0127,2024-09-25,Enterprise License,44586.12,35.0,1
TXN-00605,CUST-0163,2025-05-31,Market Analysis,22885.64,28.0,1
TXN-00606,CUST-0121,2025-04-02,Hourly Consultation,2624.59,35.0,1
TXN-00607,CUST-0095,2025-05-04,Bulk Order,18473.06,12.0,1
TXN-00608,CUST-0056,2025-12-22,Litigation Support,41295.74,25.0,1
TXN-00609,CUST-0058,2024-07-24,PPC Campaign,4295.46,18.0,1
TXN-00610,CUST-0044,2025-09-08,Hourly Consultation,1215.36,35.0,1
TXN-00611,CUST-0175,2025-07-09,Wellness Program,4576.94,25.0,2
TXN-00612,CUST-0029,2025-09-11,Patient Consultation,368.58,30.0,1
TXN-00613,CUST-0067,2025-05-06,Website Development,6939.15,25.0,1
TXN-00614,CUST-0090,2024-03-22,Process Optimization,22145.3,22.0,1
TXN-00615,CUST-0126,2025-06-05,Executive Coaching,7134.65,35.0,1
TXN-00616,CUST-0109,2025-11-07,Website Development,6727.61,25.0,1
TXN-00617,CUST-0076,2024-07-30,Monthly Subscription,251.61,40.0,1
TXN-00618,CUST-0096,2025-05-20,Market Analysis,24221.62,28.0,2
TXN-00619,CUST-0158,2025-08-26,Subscription Box,100.91,20.0,1
TXN-00620,CUST-0195,2025-11-15,Bulk Order,48349.18,12.0,2
TXN-00621,CUST-0181,2024-10-31,Annual Subscription,2644.09,28.0,1
TXN-00622,CUST-0034,2025-06-10,Litigation Support,39640.32,25.0,1
TXN-00623,CUST-0162,2024-10-25,Annual Subscription,2046.9,28.0,1
TXN-00624,CUST-0183,2025-07-02,Workshop Ticket,361.72,25.0,1
TXN-00625,CUST-0074,2025-09-21,Retainer,21922.94,28.0,1
TXN-00626,CUST-0092,2025-09-08,Hourly Consultation,1404.08,35.0,1
TXN-00627,CUST-0028,2025-10-24,Annual Subscription,1013.76,28.0,1
TXN-00628,CUST-0171,2025-11-27,Consultation Fee,908.11,32.0,1
TXN-00629,CUST-0110,2025-04-13,Social Media Mgmt,6913.19,22.0,1
TXN-00630,CUST-0102,2025-11-17,Website Development,12221.44,25.0,1
TXN-00631,CUST-0182,2024-11-03,Litigation Support,41032.36,25.0,1
TXN-00632,CUST-0196,2025-12-27,Wellness Program,5044.59,25.0,1
TXN-00633,CUST-0005,2024-11-18,PPC Campaign,14832.84,18.0,1
TXN-00634,CUST-0117,2025-07-03,Implementation Fee,14601.15,20.0,1
TXN-00635,CUST-0176,2025-02-06,Wellness Program,15715.31,25.0,1
TXN-00636,CUST-0003,2025-11-13,Social Media Mgmt,2963.58,22.0,1
TXN-00637,CUST-0116,2024-11-12,Product Sale,325.07,15.0,1
TXN-00638,CUST-0008,2025-02-21,Social Media Mgmt,4908.85,22.0,1
TXN-00639,CUST-0026,2024-03-05,Process Optimization,39207.67,22.0,1
TXN-00640,CUST-0190,2025-12-16,Property Listing,618.74,30.0,1
TXN-00641,CUST-0009,2025-11-13,Retainer,6980.79,28.0,2
TXN-00642,CUST-0070,2024-12-12,Enterprise License,6652.78,35.0,1
TXN-00643,CUST-0087,2025-03-22,Subscription Box,90.18,20.0,1
TXN-00644,CUST-0072,2025-11-26,Property Listing,4824.59,30.0,1
TXN-00645,CUST-0119,2024-06-19,Annual Subscription,2089.98,28.0,1
TXN-00646,CUST-0033,2024-11-22,Product Sale,166.24,15.0,1
TXN-00647,CUST-0052,2024-03-06,Property Management,6225.27,25.0,1
TXN-00648,CUST-0141,2024-11-18,Strategy Session,9537.3,30.0,1
TXN-00649,CUST-0168,2024-12-18,Website Development,13575.17,25.0,1
TXN-00650,CUST-0087,2025-02-01,Premium Membership,400.43,18.0,1
TXN-00651,CUST-0050,2025-12-12,Market Analysis,19070.51,28.0,1
TXN-00652,CUST-0180,2025-09-24,Subscription Box,42.33,20.0,1
TXN-00653,CUST-0005,2025-07-27,SEO Package,4444.44,20.0,1
TXN-00654,CUST-0177,2025-07-07,Website Development,18830.78,25.0,1
TXN-00655,CUST-0078,2024-09-15,Property Management,5947.05,25.0,1
TXN-00656,CUST-0020,2025-08-28,Property Management,1360.97,25.0,1
TXN-00657,CUST-0113,2024-08-02,Annual Subscription,4292.59,45.0,1
TXN-00658,CUST-0061,2024-12-24,Process Optimization,40712.82,22.0,1
TXN-00659,CUST-0142,2025-12-30,SEO Package,7313.36,20.0,1
TXN-00660,CUST-0130,2025-07-09,Strategy Session,14394.49,30.0,1
TXN-00661,CUST-0035,2025-07-31,Corporate Training,6635.18,22.0,1
TXN-00662,CUST-0048,2024-04-20,SEO Package,5792.53,20.0,1
TXN-00663,CUST-0010,2025-08-23,Annual Subscription,4518.37,45.0,2
TXN-00664,CUST-0112,2025-07-09,Process Optimization,51391.22,22.0,1
TXN-00665,CUST-0047,2025-09-28,Subscription Box,114.47,20.0,1
TXN-00666,CUST-0190,2025-12-22,Property Listing,1636.29,30.0,1
TXN-00667,CUST-0137,2024-07-21,Property Listing,2336.52,30.0,1
TXN-00668,CUST-0164,2024-04-05,Workshop Ticket,775.9,25.0,1
TXN-00669,CUST-0033,2025-04-10,Product Sale,197.11,15.0,1
TXN-00670,CUST-0124,2025-02-27,Valuation Report,2149.51,35.0,1
TXN-00671,CUST-0021,2024-08-29,Market Analysis,5325.73,28.0,3
TXN-00672,CUST-0029,2025-11-10,Telemedicine Plan,1116.53,28.0,1
TXN-00673,CUST-0169,2025-06-24,Strategy Session,10558.73,30.0,1
TXN-00674,CUST-0042,2025-07-01,Property Management,5131.86,25.0,1
TXN-00675,CUST-0004,2024-10-17,Social Media Mgmt,4334.68,22.0,1
TXN-00676,CUST-0125,2024-10-17,Website Development,5128.13,25.0,1
TXN-00677,CUST-0158,2025-10-11,Subscription Box,157.44,20.0,1
TXN-00678,CUST-0001,2024-10-29,Bulk Order,22551.78,12.0,1
TXN-00679,CUST-0051,2025-01-21,Monthly Subscription,228.23,40.0,1
TXN-00680,CUST-0066,2024-09-16,Monthly Subscription,303.29,40.0,1
TXN-00681,CUST-0045,2024-08-11,Consultation Fee,1040.58,32.0,1
TXN-00682,CUST-0064,2025-12-02,Corporate Health,31279.83,22.0,1
TXN-00683,CUST-0089,2025-12-25,Process Optimization,45410.59,22.0,1
TXN-00684,CUST-0184,2024-05-18,Monthly Subscription,264.94,40.0,1
TXN-00685,CUST-0084,2025-01-30,Bulk Order,23554.33,12.0,1
TXN-00686,CUST-0066,2024-10-27,Annual Subscription,2772.62,45.0,1
TXN-00687,CUST-0013,2024-10-09,Website Development,5087.09,25.0,1
TXN-00688,CUST-0070,2025-06-01,Enterprise License,29398.23,35.0,1
TXN-00689,CUST-0149,2024-12-16,Bulk Order,15785.29,12.0,1
TXN-00690,CUST-0083,2025-12-20,Strategy Session,3724.64,30.0,1
TXN-00691,CUST-0182,2025-04-22,Hourly Consultation,799.99,35.0,1
TXN-00692,CUST-0169,2025-03-31,Executive Coaching,9634.18,35.0,1
TXN-00693,CUST-0176,2025-07-23,Corporate Health,36930.38,22.0,1
TXN-00694,CUST-0122,2025-07-19,Retainer,16761.4,28.0,1
TXN-00695,CUST-0143,2025-11-21,Property Listing,1559.1,30.0,1
TXN-00696,CUST-0014,2025-12-17,Consultation Fee,679.19,32.0,1
TXN-00697,CUST-0161,2025-10-28,Annual Subscription,892.89,28.0,1
TXN-00698,CUST-0148,2024-10-21,Product Sale,262.03,15.0,1
TXN-00699,CUST-0130,2024-05-31,Strategy Session,5797.45,30.0,1
TXN-00700,CUST-0151,2025-02-06,Litigation Support,20153.56,25.0,2
TXN-00701,CUST-0188,2024-08-11,Workshop Ticket,796.17,25.0,1
TXN-00702,CUST-0040,2024-10-17,Patient Consultation,159.65,30.0,1
TXN-00703,CUST-0152,2025-07-14,Contract Review,1671.17,30.0,1
TXN-00704,CUST-0102,2025-05-10,Social Media Mgmt,12885.28,22.0,1
TXN-00705,CUST-0003,2025-02-16,Social Media Mgmt,7354.14,22.0,1
TXN-00706,CUST-0003,2025-02-23,PPC Campaign,8151.2,18.0,3
TXN-00707,CUST-0117,2025-04-03,Enterprise License,27590.8,35.0,1
TXN-00708,CUST-0140,2025-12-26,Consultation Fee,2555.63,32.0,1
TXN-00709,CUST-0121,2025-04-15,Retainer,17404.08,28.0,1
TXN-00710,CUST-0081,2025-10-19,Monthly Subscription,167.35,40.0,1
TXN-00711,CUST-0120,2025-08-30,Website Development,36114.74,25.0,1
TXN-00712,CUST-0157,2025-07-04,SEO Package,6045.67,20.0,1
TXN-00713,CUST-0184,2024-05-10,Implementation Fee,7603.42,20.0,2
TXN-00714,CUST-0171,2025-12-28,Consultation Fee,927.03,32.0,1
TXN-00715,CUST-0187,2024-12-17,Workshop Ticket,722.15,25.0,1
TXN-00716,CUST-0121,2025-05-10,Retainer,22457.27,28.0,1
TXN-00717,CUST-0106,2024-06-19,Corporate Training,24953.81,22.0,1
TXN-00718,CUST-0095,2025-04-05,Bulk Order,10528.3,12.0,1
TXN-00719,CUST-0141,2025-07-06,Executive Coaching,4329.81,35.0,3
TXN-00720,CUST-0044,2025-01-23,Retainer,29337.61,28.0,1
TXN-00721,CUST-0002,2025-06-30,Product Sale,287.45,15.0,1
TXN-00722,CUST-0090,2024-04-26,Process Optimization,23546.79,22.0,1
TXN-00723,CUST-0137,2024-03-08,Consultation Fee,3057.79,32.0,3
TXN-00724,CUST-0014,2025-09-16,Valuation Report,1530.89,35.0,1
TXN-00725,CUST-0052,2024-03-05,Valuation Report,1394.99,35.0,1
TXN-00726,CUST-0021,2024-05-19,Process Optimization,50548.0,22.0,1
TXN-00727,CUST-0157,2025-10-29,SEO Package,1830.81,20.0,1
TXN-00728,CUST-0083,2025-12-24,Executive Coaching,11547.57,35.0,2
TXN-00729,CUST-0020,2025-12-03,Property Listing,2861.83,30.0,1
TXN-00730,CUST-0098,2025-02-03,Hourly Consultation,1231.81,35.0,1
TXN-00731,CUST-0086,2024-09-22,Monthly Subscription,68.77,40.0,1
TXN-00732,CUST-0098,2025-01-01,Hourly Consultation,566.5,35.0,1
TXN-00733,CUST-0164,2024-04-27,Annual Subscription,2552.28,28.0,1
TXN-00734,CUST-0157,2025-06-05,Website Development,5288.96,25.0,1
TXN-00735,CUST-0043,2025-05-16,Premium Membership,747.48,18.0,1
TXN-00736,CUST-0199,2024-10-07,SEO Package,2771.4,20.0,1
TXN-00737,CUST-0060,2025-03-07,Property Listing,709.37,30.0,1
TXN-00738,CUST-0142,2025-12-27,Social Media Mgmt,7314.77,22.0,1
TXN-00739,CUST-0043,2025-10-13,Product Sale,75.52,15.0,1
TXN-00740,CUST-0132,2024-12-19,PPC Campaign,16253.21,18.0,2
TXN-00741,CUST-0137,2024-02-25,Valuation Report,3761.0,35.0,2
TXN-00742,CUST-0001,2025-01-22,Bulk Order,36557.01,12.0,1
TXN-00743,CUST-0119,2025-06-24,Course Enrollment,2482.82,20.0,1
TXN-00744,CUST-0134,2025-05-03,Social Media Mgmt,8280.78,22.0,1
TXN-00745,CUST-0056,2025-08-30,Litigation Support,62178.93,25.0,1
TXN-00746,CUST-0109,2025-12-03,Social Media Mgmt,3607.11,22.0,1
TXN-00747,CUST-0200,2025-07-28,Property Listing,4885.19,30.0,1
TXN-00748,CUST-0112,2024-11-05,Market Analysis,29004.38,28.0,3
TXN-00749,CUST-0172,2025-05-01,Annual Subscription,1119.77,45.0,1
TXN-00750,CUST-0095,2025-08-14,Bulk Order,21971.04,12.0,1
TXN-00751,CUST-0064,2025-10-28,Wellness Program,2690.16,25.0,2
TXN-00752,CUST-0034,2025-07-10,Hourly Consultation,1109.54,35.0,2
TXN-00753,CUST-0133,2024-06-03,Premium Membership,964.45,18.0,1
TXN-00754,CUST-0005,2025-09-12,Social Media Mgmt,2343.93,22.0,2
TXN-00755,CUST-0038,2024-03-09,Monthly Subscription,106.65,40.0,1
TXN-00756,CUST-0141,2025-05-11,Process Optimization,36541.11,22.0,1
TXN-00757,CUST-0083,2025-11-10,Market Analysis,33872.31,28.0,1
TXN-00758,CUST-0039,2024-10-08,Retainer,19843.94,28.0,2
TXN-00759,CUST-0180,2025-06-26,Product Sale,293.29,15.0,1
TXN-00760,CUST-0027,2024-06-13,Process Optimization,36597.51,22.0,1
TXN-00761,CUST-0112,2024-07-01,Strategy Session,3434.53,30.0,1
TXN-00762,CUST-0092,2025-11-01,Contract Review,7293.97,30.0,1
TXN-00763,CUST-0007,2024-08-05,Social Media Mgmt,9281.38,22.0,1
TXN-00764,CUST-0039,2025-10-29,Litigation Support,67738.87,25.0,1
TXN-00765,CUST-0061,2025-08-15,Process Optimization,17381.37,22.0,1
TXN-00766,CUST-0168,2025-09-06,Social Media Mgmt,9137.26,22.0,2
TXN-00767,CUST-0160,2025-06-23,Website Development,50305.82,25.0,1
TXN-00768,CUST-0024,2025-09-14,SEO Package,5687.07,20.0,1
TXN-00769,CUST-0010,2024-06-20,Annual Subscription,4571.23,45.0,1
TXN-00770,CUST-0124,2025-12-09,Consultation Fee,1600.47,32.0,1
TXN-00771,CUST-0198,2025-10-20,Strategy Session,14384.21,30.0,1
TXN-00772,CUST-0024,2025-10-13,SEO Package,3418.15,20.0,1
TXN-00773,CUST-0030,2025-01-28,Website Development,25834.33,25.0,1
TXN-00774,CUST-0101,2025-02-09,Property Listing,1659.07,30.0,1
TXN-00775,CUST-0144,2025-09-10,Property Management,7865.32,25.0,1
TXN-00776,CUST-0169,2025-09-03,Executive Coaching,5498.7,35.0,1
TXN-00777,CUST-0052,2024-04-27,Consultation Fee,1916.8,32.0,1
TXN-00778,CUST-0090,2024-07-31,Executive Coaching,5816.02,35.0,1
TXN-00779,CUST-0009,2025-09-10,Litigation Support,62653.54,25.0,1
TXN-00780,CUST-0199,2025-08-01,SEO Package,3107.25,20.0,1
TXN-00781,CUST-0159,2025-11-29,Process Optimization,44468.72,22.0,1
TXN-00782,CUST-0079,2025-05-30,Corporate Training,26281.55,22.0,1
TXN-00783,CUST-0030,2024-06-26,Social Media Mgmt,7684.4,22.0,1
TXN-00784,CUST-0069,2025-12-25,Product Sale,391.6,15.0,2
TXN-00785,CUST-0072,2024-12-16,Property Listing,5054.77,30.0,1
TXN-00786,CUST-0097,2024-12-07,Market Analysis,21949.89,28.0,1
TXN-00787,CUST-0191,2025-02-22,Workshop Ticket,241.52,25.0,1
TXN-00788,CUST-0168,2025-06-28,Website Development,11580.56,25.0,1
TXN-00789,CUST-0089,2025-12-17,Strategy Session,8843.86,30.0,1
TXN-00790,CUST-0025,2025-04-06,Telemedicine Plan,2128.4,28.0,1
TXN-00791,CUST-0045,2024-07-30,Consultation Fee,797.6,32.0,1
TXN-00792,CUST-0027,2024-10-26,Executive Coaching,9237.27,35.0,1
TXN-00793,CUST-0119,2024-04-27,Annual Subscription,2442.13,28.0,1
TXN-00794,CUST-0154,2025-12-16,PPC Campaign,3481.89,18.0,1
TXN-00795,CUST-0167,2024-09-16,PPC Campaign,7753.52,18.0,1
TXN-00796,CUST-0151,2025-10-07,Litigation Support,58659.43,25.0,1
TXN-00797,CUST-0107,2025-12-01,Subscription Box,101.38,20.0,1
TXN-00798,CUST-0183,2025-06-19,Course Enrollment,302.1,20.0,1
TXN-00799,CUST-0119,2025-08-20,Corporate Training,13863.56,22.0,1
TXN-00800,CUST-0096,2025-07-13,Executive Coaching,3971.34,35.0,1
TXN-00801,CUST-0075,2025-08-03,Hourly Consultation,1670.71,35.0,1
TXN-00802,CUST-0199,2025-07-01,Social Media Mgmt,7204.84,22.0,1
TXN-00803,CUST-0162,2025-05-30,Annual Subscription,2255.15,28.0,1
TXN-00804,CUST-0080,2024-12-08,Enterprise License,22429.36,35.0,1
TXN-00805,CUST-0144,2024-11-11,Property Listing,3345.77,30.0,1
TXN-00806,CUST-0096,2024-05-10,Market Analysis,27008.61,28.0,1
TXN-00807,CUST-0187,2024-11-27,Annual Subscription,1053.71,28.0,1
TXN-00808,CUST-0116,2024-12-07,Product Sale,346.54,15.0,1
TXN-00809,CUST-0098,2024-11-06,Hourly Consultation,2629.78,35.0,1
TXN-00810,CUST-0073,2025-08-01,SEO Package,5192.7,20.0,1
TXN-00811,CUST-0076,2024-07-31,Enterprise License,24771.63,35.0,1
TXN-00812,CUST-0094,2025-10-06,Annual Subscription,1363.52,45.0,2
TXN-00813,CUST-0184,2024-02-02,Annual Subscription,4363.49,45.0,2
TXN-00814,CUST-0071,2024-07-23,Social Media Mgmt,3942.2,22.0,1
TXN-00815,CUST-0146,2025-09-25,Social Media Mgmt,7436.63,22.0,1
TXN-00816,CUST-0075,2025-05-09,Litigation Support,79137.6,25.0,1
TXN-00817,CUST-0168,2025-03-05,Website Development,33920.56,25.0,1
TXN-00818,CUST-0034,2025-09-07,Hourly Consultation,1291.09,35.0,1
TXN-00819,CUST-0105,2025-10-29,Retainer,13392.11,28.0,1
TXN-00820,CUST-0136,2025-03-09,Consultation Fee,1400.33,32.0,1
TXN-00821,CUST-0073,2025-12-05,SEO Package,3020.3,20.0,1
TXN-00822,CUST-0158,2025-10-10,Subscription Box,179.98,20.0,1
TXN-00823,CUST-0161,2025-10-18,Annual Subscription,3112.07,28.0,1
TXN-00824,CUST-0156,2025-12-10,Annual Subscription,2827.48,45.0,2
TXN-00825,CUST-0161,2025-10-24,Corporate Training,5227.81,22.0,1
TXN-00826,CUST-0079,2024-12-17,Course Enrollment,1910.77,20.0,1
TXN-00827,CUST-0097,2024-02-25,Executive Coaching,8588.33,35.0,1
TXN-00828,CUST-0059,2025-03-06,Patient Consultation,339.82,30.0,1
TXN-00829,CUST-0013,2024-08-10,PPC Campaign,23456.37,18.0,1
TXN-00830,CUST-0092,2024-07-01,Hourly Consultation,596.57,35.0,1
TXN-00831,CUST-0038,2025-03-22,Implementation Fee,10148.85,20.0,1
TXN-00832,CUST-0157,2024-06-22,Website Development,7684.43,25.0,1
TXN-00833,CUST-0112,2025-03-30,Process Optimization,8731.14,22.0,2
TXN-00834,CUST-0042,2025-09-28,Consultation Fee,2322.09,32.0,1
TXN-00835,CUST-0005,2025-07-07,PPC Campaign,10802.12,18.0,1
TXN-00836,CUST-0153,2025-05-15,Corporate Health,21323.0,22.0,2
TXN-00837,CUST-0196,2025-12-08,Telemedicine Plan,573.86,28.0,1
TXN-00838,CUST-0163,2024-11-17,Strategy Session,8742.42,30.0,1
TXN-00839,CUST-0067,2024-11-15,PPC Campaign,22778.66,18.0,1
TXN-00840,CUST-0058,2025-12-11,Website Development,29444.07,25.0,1
TXN-00841,CUST-0130,2024-10-20,Process Optimization,36565.41,22.0,1
TXN-00842,CUST-0187,2025-02-26,Workshop Ticket,800.76,25.0,1
TXN-00843,CUST-0072,2025-03-12,Consultation Fee,2069.43,32.0,1
TXN-00844,CUST-0171,2025-12-29,Valuation Report,2499.75,35.0,2
TXN-00845,CUST-0174,2025-05-27,Property Listing,568.89,30.0,1
TXN-00846,CUST-0025,2024-11-07,Corporate Health,43450.38,22.0,1
TXN-00847,CUST-0166,2025-10-14,Patient Consultation,431.25,30.0,1
TXN-00848,CUST-0073,2025-02-01,SEO Package,4276.3,20.0,1
TXN-00849,CUST-0135,2024-11-07,Bulk Order,10253.76,12.0,1
TXN-00850,CUST-0008,2025-02-24,PPC Campaign,13913.73,18.0,1
TXN-00851,CUST-0150,2025-06-09,Patient Consultation,301.8,30.0,1
TXN-00852,CUST-0119,2025-11-03,Annual Subscription,3011.0,28.0,1
TXN-00853,CUST-0189,2025-05-31,Enterprise License,48824.57,35.0,1
TXN-00854,CUST-0052,2024-02-02,Valuation Report,4168.54,35.0,1
TXN-00855,CUST-0078,2024-03-24,Property Management,4046.48,25.0,1
TXN-00856,CUST-0144,2025-12-02,Valuation Report,5373.36,35.0,1
TXN-00857,CUST-0014,2025-04-23,Property Management,8408.71,25.0,1
TXN-00858,CUST-0133,2024-07-25,Product Sale,180.02,15.0,1
TXN-00859,CUST-0126,2025-09-28,Strategy Session,7382.59,30.0,1
TXN-00860,CUST-0040,2025-05-26,Wellness Program,11688.43,25.0,1
TXN-00861,CUST-0081,2025-03-12,Enterprise License,44260.84,35.0,1
TXN-00862,CUST-0163,2024-06-30,Process Optimization,9558.19,22.0,1
TXN-00863,CUST-0156,2025-12-19,Annual Subscription,703.73,45.0,2
TXN-00864,CUST-0186,2024-11-06,SEO Package,2484.86,20.0,1
TXN-00865,CUST-0037,2024-04-04,Course Enrollment,1078.2,20.0,1
TXN-00866,CUST-0035,2025-05-06,Workshop Ticket,1374.86,25.0,2
TXN-00867,CUST-0080,2025-09-14,Enterprise License,9407.05,35.0,1
TXN-00868,CUST-0011,2025-08-29,SEO Package,6343.92,20.0,1
TXN-00869,CUST-0063,2024-03-26,SEO Package,5676.83,20.0,1
TXN-00870,CUST-0086,2025-01-05,Annual Subscription,2306.61,45.0,1
TXN-00871,CUST-0048,2025-12-07,Website Development,40406.68,25.0,1
TXN-00872,CUST-0193,2024-07-10,Market Analysis,8482.98,28.0,3
TXN-00873,CUST-0091,2024-09-20,PPC Campaign,4621.73,18.0,1
TXN-00874,CUST-0174,2025-11-06,Consultation Fee,570.08,32.0,1
TXN-00875,CUST-0030,2025-04-22,PPC Campaign,6472.82,18.0,1
TXN-00876,CUST-0181,2024-06-12,Corporate Training,33933.63,22.0,1
TXN-00877,CUST-0170,2024-09-08,Social Media Mgmt,5333.16,22.0,1
TXN-00878,CUST-0047,2024-12-25,Subscription Box,97.45,20.0,1
TXN-00879,CUST-0027,2024-12-11,Executive Coaching,4210.51,35.0,1
TXN-00880,CUST-0049,2025-06-29,Monthly Subscription,435.6,40.0,1
TXN-00881,CUST-0185,2025-12-30,Implementation Fee,4496.74,20.0,1
TXN-00882,CUST-0025,2025-05-19,Corporate Health,19674.08,22.0,1
TXN-00883,CUST-0130,2024-12-03,Process Optimization,33656.36,22.0,1
TXN-00884,CUST-0090,2024-04-23,Process Optimization,27102.81,22.0,2
TXN-00885,CUST-0006,2024-04-12,Course Enrollment,1354.03,20.0,1
TXN-00886,CUST-0138,2025-02-28,Litigation Support,43455.99,25.0,1
TXN-00887,CUST-0189,2025-10-19,Monthly Subscription,400.62,40.0,1
TXN-00888,CUST-0102,2025-09-30,Social Media Mgmt,7965.07,22.0,3
TXN-00889,CUST-0162,2025-08-18,Annual Subscription,719.35,28.0,1
TXN-00890,CUST-0185,2025-12-22,Implementation Fee,16316.83,20.0,1
TXN-00891,CUST-0170,2025-08-18,Website Development,8264.55,25.0,1
TXN-00892,CUST-0051,2024-12-03,Monthly Subscription,102.44,40.0,1
TXN-00893,CUST-0155,2025-07-24,Corporate Training,3525.31,22.0,1
TXN-00894,CUST-0198,2025-08-01,Process Optimization,33692.21,22.0,1
TXN-00895,CUST-0182,2025-01-17,Hourly Consultation,1500.75,35.0,1
TXN-00896,CUST-0189,2024-05-13,Monthly Subscription,255.23,40.0,1
TXN-00897,CUST-0071,2024-06-29,PPC Campaign,15278.47,18.0,1
TXN-00898,CUST-0160,2024-11-24,PPC Campaign,24591.22,18.0,1
TXN-00899,CUST-0195,2025-05-25,Product Sale,74.07,15.0,1
TXN-00900,CUST-0005,2024-06-09,PPC Campaign,9037.01,18.0,1
TXN-00901,CUST-0084,2025-08-22,Subscription Box,91.47,20.0,1
TXN-00902,CUST-0062,2024-11-15,Litigation Support,62247.02,25.0,1
TXN-00903,CUST-0178,2025-09-11,PPC Campaign,25772.44,18.0,1
TXN-00904,CUST-0006,2024-04-14,Workshop Ticket,1579.56,25.0,1
TXN-00905,CUST-0098,2024-10-30,Hourly Consultation,2137.98,35.0,1
TXN-00906,CUST-0182,2025-01-22,Retainer,9392.84,28.0,1
TXN-00907,CUST-0170,2025-07-09,Website Development,6490.33,25.0,1
TXN-00908,CUST-0065,2025-07-18,Premium Membership,870.32,18.0,1
TXN-00909,CUST-0198,2025-07-04,Strategy Session,6404.84,30.0,1
TXN-00910,CUST-0029,2025-11-20,Wellness Program,13020.24,25.0,1
TXN-00911,CUST-0099,2025-01-23,Hourly Consultation,1893.6,35.0,1
TXN-00912,CUST-0042,2025-09-02,Property Management,1669.71,25.0,1
TXN-00913,CUST-0058,2025-06-09,PPC Campaign,4705.73,18.0,1
TXN-00914,CUST-0002,2025-03-17,Bulk Order,28735.05,12.0,2
TXN-00915,CUST-0188,2024-12-22,Workshop Ticket,415.38,25.0,1
TXN-00916,CUST-0114,2025-10-29,Process Optimization,34764.03,22.0,1
TXN-00917,CUST-0056,2025-12-05,Litigation Support,39839.16,25.0,2
TXN-00918,CUST-0075,2024-08-03,Litigation Support,39353.95,25.0,1
TXN-00919,CUST-0004,2024-08-08,PPC Campaign,11513.54,18.0,1
TXN-00920,CUST-0099,2024-12-01,Retainer,11619.22,28.0,1
TXN-00921,CUST-0145,2025-08-13,Enterprise License,34925.0,35.0,1
TXN-00922,CUST-0014,2025-02-17,Property Listing,4372.98,30.0,2
TXN-00923,CUST-0032,2024-09-21,Social Media Mgmt,4798.4,22.0,1
TXN-00924,CUST-0096,2025-01-30,Strategy Session,9602.05,30.0,1
TXN-00925,CUST-0138,2024-10-21,Litigation Support,19788.61,25.0,1
TXN-00926,CUST-0099,2024-10-27,Hourly Consultation,1211.0,35.0,1
TXN-00927,CUST-0010,2025-09-13,Implementation Fee,14437.37,20.0,1
TXN-00928,CUST-0065,2024-12-26,Premium Membership,278.71,18.0,1
TXN-00929,CUST-0081,2025-05-31,Enterprise License,39623.46,35.0,1
TXN-00930,CUST-0052,2024-02-28,Property Management,5422.98,25.0,1
TXN-00931,CUST-0027,2024-06-30,Process Optimization,42799.61,22.0,2
TXN-00932,CUST-0115,2024-12-22,Property Listing,2432.82,30.0,1
TXN-00933,CUST-0145,2025-10-23,Annual Subscription,1793.7,45.0,3
TXN-00934,CUST-0058,2025-12-13,Social Media Mgmt,5799.27,22.0,2
TXN-00935,CUST-0111,2024-11-21,Enterprise License,32165.87,35.0,1
TXN-00936,CUST-0020,2025-08-16,Consultation Fee,2265.87,32.0,1
TXN-00937,CUST-0191,2025-02-24,Workshop Ticket,163.26,25.0,1
TXN-00938,CUST-0051,2025-06-18,Monthly Subscription,187.43,40.0,1
TXN-00939,CUST-0024,2025-08-06,Social Media Mgmt,9073.29,22.0,1
TXN-00940,CUST-0198,2025-05-31,Executive Coaching,15583.03,35.0,1
TXN-00941,CUST-0162,2025-07-12,Corporate Training,9634.75,22.0,1
TXN-00942,CUST-0168,2025-11-24,SEO Package,3548.65,20.0,1
TXN-00943,CUST-0195,2024-10-06,Product Sale,495.55,15.0,1
TXN-00944,CUST-0129,2025-12-28,Retainer,27015.62,28.0,1
TXN-00945,CUST-0133,2024-07-01,Premium Membership,698.49,18.0,1
TXN-00946,CUST-0001,2025-12-03,Product Sale,179.31,15.0,1
TXN-00947,CUST-0106,2024-08-03,Corporate Training,23468.42,22.0,1
TXN-00948,CUST-0030,2025-03-27,Social Media Mgmt,2293.88,22.0,1
TXN-00949,CUST-0142,2025-12-18,SEO Package,4024.64,20.0,1
TXN-00950,CUST-0077,2025-12-10,Wellness Program,7368.48,25.0,1
TXN-00951,CUST-0111,2025-10-15,Enterprise License,11238.12,35.0,1
TXN-00952,CUST-0112,2025-02-28,Executive Coaching,7425.47,35.0,1
TXN-00953,CUST-0052,2024-01-29,Property Management,6013.84,25.0,1
TXN-00954,CUST-0070,2025-09-23,Annual Subscription,3028.59,45.0,1
TXN-00955,CUST-0044,2024-06-18,Contract Review,5546.48,30.0,1
TXN-00956,CUST-0194,2025-11-20,Annual Subscription,4832.65,45.0,1
TXN-00957,CUST-0018,2025-04-13,Property Listing,3565.87,30.0,1
TXN-00958,CUST-0089,2025-12-04,Process Optimization,50796.26,22.0,1
TXN-00959,CUST-0126,2024-07-04,Strategy Session,1964.99,30.0,1
TXN-00960,CUST-0181,2024-10-06,Course Enrollment,1048.01,20.0,1
TXN-00961,CUST-0192,2025-12-11,Enterprise License,39858.94,35.0,2
TXN-00962,CUST-0001,2025-09-12,Subscription Box,164.0,20.0,1
TXN-00963,CUST-0028,2025-01-03,Annual Subscription,4003.11,28.0,1
TXN-00964,CUST-0198,2025-04-02,Market Analysis,13170.35,28.0,1
TXN-00965,CUST-0151,2025-10-23,Contract Review,4601.19,30.0,1
TXN-00966,CUST-0146,2025-05-02,SEO Package,5283.03,20.0,1
TXN-00967,CUST-0065,2025-03-12,Subscription Box,115.29,20.0,2
TXN-00968,CUST-0041,2025-11-02,Bulk Order,2563.89,12.0,3
TXN-00969,CUST-0003,2025-12-16,Website Development,23185.32,25.0,1
TXN-00970,CUST-0075,2025-06-26,Retainer,16253.8,28.0,1
TXN-00971,CUST-0004,2025-11-07,Social Media Mgmt,2181.01,22.0,1
TXN-00972,CUST-0184,2024-03-28,Annual Subscription,3721.07,45.0,1
TXN-00973,CUST-0151,2025-01-31,Retainer,26230.28,28.0,1
TXN-00974,CUST-0156,2025-12-10,Enterprise License,17303.83,35.0,1
TXN-00975,CUST-0155,2024-11-22,Annual Subscription,2587.16,28.0,1
TXN-00976,CUST-0129,2025-12-18,Contract Review,4097.59,30.0,1
TXN-00977,CUST-0126,2024-12-19,Market Analysis,12978.53,28.0,1
TXN-00978,CUST-0123,2025-09-26,Social Media Mgmt,3391.93,22.0,1
TXN-00979,CUST-0033,2025-04-02,Bulk Order,47115.21,12.0,1
TXN-00980,CUST-0171,2025-12-01,Property Management,3031.95,25.0,1
TXN-00981,CUST-0017,2024-11-19,Process Optimization,17619.64,22.0,1
TXN-00982,CUST-0136,2024-11-03,Consultation Fee,622.83,32.0,1
TXN-00983,CUST-0130,2024-12-27,Executive Coaching,8378.15,35.0,1
TXN-00984,CUST-0064,2025-11-20,Telemedicine Plan,907.29,28.0,2
TXN-00985,CUST-0120,2025-11-20,PPC Campaign,12080.66,18.0,1
TXN-00986,CUST-0087,2025-07-16,Bulk Order,49103.17,12.0,1
TXN-00987,CUST-0074,2025-03-13,Contract Review,6344.6,30.0,1
TXN-00988,CUST-0180,2025-12-02,Subscription Box,157.3,20.0,1
TXN-00989,CUST-0101,2024-11-23,Property Management,2585.88,25.0,2
TXN-00990,CUST-0117,2025-06-14,Enterprise License,13703.88,35.0,3
TXN-00991,CUST-0135,2025-05-29,Product Sale,329.82,15.0,1
TXN-00992,CUST-0077,2025-12-19,Corporate Health,28728.36,22.0,1
TXN-00993,CUST-0074,2025-08-10,Litigation Support,32266.69,25.0,1
TXN-00994,CUST-0042,2025-01-17,Property Listing,3867.41,30.0,1
TXN-00995,CUST-0175,2025-12-13,Patient Consultation,390.57,30.0,1
TXN-00996,CUST-0006,2024-06-25,Corporate Training,28271.6,22.0,1
TXN-00997,CUST-0014,2025-04-29,Property Listing,3655.11,30.0,1
TXN-00998,CUST-0188,2024-06-17,Workshop Ticket,965.26,25.0,1
TXN-00999,CUST-0163,2024-05-13,Process Optimization,13359.46,22.0,1
TXN-01000,CUST-0147,2024-11-08,Executive Coaching,11910.77,35.0,1
TXN-01001,CUST-0088,2025-11-23,SEO Package,4988.01,20.0,1
TXN-01002,CUST-0008,2025-05-09,PPC Campaign,4528.62,18.0,1
TXN-01003,CUST-0133,2024-05-24,Product Sale,462.57,15.0,1
TXN-01004,CUST-0030,2025-08-20,SEO Package,2512.89,20.0,1
TXN-01005,CUST-0034,2025-03-16,Retainer,15305.86,28.0,2
TXN-01006,CUST-0062,2025-05-11,Litigation Support,27111.88,25.0,1
TXN-01007,CUST-0052,2024-04-28,Property Listing,3024.96,30.0,1
TXN-01008,CUST-0158,2025-04-03,Bulk Order,29863.18,12.0,1
TXN-01009,CUST-0152,2025-09-28,Hourly Consultation,336.56,35.0,1
TXN-01010,CUST-0173,2025-03-20,PPC Campaign,23669.52,18.0,1
TXN-01011,CUST-0065,2024-12-10,Premium Membership,354.68,18.0,1
TXN-01012,CUST-0135,2024-07-03,Subscription Box,174.14,20.0,1
TXN-01013,CUST-0180,2025-01-12,Bulk Order,39583.1,12.0,1
TXN-01014,CUST-0092,2024-12-04,Hourly Consultation,1685.03,35.0,1
TXN-01015,CUST-0086,2024-09-21,Enterprise License,49850.44,35.0,1
TXN-01016,CUST-0192,2025-08-15,Annual Subscription,5581.96,45.0,1
TXN-01017,CUST-0197,2024-07-16,Website Development,45529.36,25.0,1
TXN-01018,CUST-0017,2025-12-29,Process Optimization,15018.49,22.0,3
TXN-01019,CUST-0118,2025-10-18,Product Sale,430.99,15.0,1
TXN-01020,CUST-0052,2024-03-25,Valuation Report,2304.58,35.0,1
TXN-01021,CUST-0164,2024-05-19,Workshop Ticket,569.81,25.0,1
TXN-01022,CUST-0179,2025-07-29,Workshop Ticket,1468.75,25.0,3
TXN-01023,CUST-0183,2025-12-29,Course Enrollment,1422.87,20.0,1
TXN-01024,CUST-0153,2025-02-08,Telemedicine Plan,2443.6,28.0,2
TXN-01025,CUST-0148,2025-12-20,Bulk Order,16613.4,12.0,1
TXN-01026,CUST-0037,2024-04-01,Workshop Ticket,620.03,25.0,1
TXN-01027,CUST-0197,2024-10-04,PPC Campaign,8146.98,18.0,1
TXN-01028,CUST-0026,2025-03-23,Executive Coaching,13771.46,35.0,1
TXN-01029,CUST-0185,2025-12-29,Monthly Subscription,464.23,40.0,1
TXN-01030,CUST-0156,2025-12-03,Monthly Subscription,48.17,40.0,1
TXN-01031,CUST-0093,2025-12-18,Property Listing,1652.07,30.0,1
TXN-01032,CUST-0025,2025-02-04,Telemedicine Plan,944.37,28.0,1
TXN-01033,CUST-0038,2025-06-04,Annual Subscription,4932.59,45.0,1
TXN-01034,CUST-0115,2025-11-23,Property Management,1183.98,25.0,1
TXN-01035,CUST-0032,2024-11-10,PPC Campaign,24703.03,18.0,1
TXN-01036,CUST-0175,2025-05-26,Patient Consultation,462.67,30.0,1
TXN-01037,CUST-0005,2024-10-23,Social Media Mgmt,4175.45,22.0,1
TXN-01038,CUST-0053,2025-10-24,Annual Subscription,2027.95,45.0,1
TXN-01039,CUST-0037,2024-04-11,Corporate Training,11276.13,22.0,1
TXN-01040,CUST-0165,2025-11-20,Website Development,42094.07,25.0,1
TXN-01041,CUST-0081,2025-05-09,Monthly Subscription,222.18,40.0,3
TXN-01042,CUST-0095,2024-06-10,Subscription Box,38.87,20.0,1
TXN-01043,CUST-0057,2025-12-02,PPC Campaign,19049.66,18.0,1
TXN-01044,CUST-0175,2025-06-11,Corporate Health,29901.58,22.0,1
TXN-01045,CUST-0101,2024-07-16,Property Listing,4068.19,30.0,1
TXN-01046,CUST-0046,2025-09-07,Website Development,50360.15,25.0,1
TXN-01047,CUST-0096,2025-05-27,Executive Coaching,8100.55,35.0,1
TXN-01048,CUST-0129,2025-12-08,Hourly Consultation,640.2,35.0,1
TXN-01049,CUST-0168,2025-01-08,SEO Package,3224.31,20.0,1
TXN-01050,CUST-0099,2025-02-19,Contract Review,2952.8,30.0,1
TXN-01051,CUST-0117,2025-05-01,Enterprise License,37329.4,35.0,1
TXN-01052,CUST-0162,2024-11-04,Annual Subscription,3934.26,28.0,1
TXN-01053,CUST-0007,2024-06-13,Website Development,6855.98,25.0,1
TXN-01054,CUST-0127,2024-08-18,Enterprise License,26528.41,35.0,1
TXN-01055,CUST-0114,2025-10-08,Market Analysis,12190.88,28.0,1
TXN-01056,CUST-0124,2025-03-26,Consultation Fee,2228.42,32.0,2
TXN-01057,CUST-0101,2024-07-15,Property Management,7933.04,25.0,1
TXN-01058,CUST-0103,2025-12-05,Hourly Consultation,1400.18,35.0,1
TXN-01059,CUST-0103,2025-05-27,Litigation Support,35773.68,25.0,1
TXN-01060,CUST-0180,2025-02-03,Product Sale,271.47,15.0,1
TXN-01061,CUST-0052,2024-04-25,Property Listing,2580.8,30.0,1
TXN-01062,CUST-0145,2025-10-10,Implementation Fee,13705.57,20.0,1
TXN-01063,CUST-0002,2025-08-09,Bulk Order,11703.67,12.0,1
TXN-01064,CUST-0140,2025-04-18,Property Listing,3100.69,30.0,1
TXN-01065,CUST-0024,2025-10-12,PPC Campaign,25543.26,18.0,1
TXN-01066,CUST-0193,2024-08-06,Process Optimization,18465.73,22.0,1
TXN-01067,CUST-0144,2025-11-20,Valuation Report,3345.16,35.0,2
TXN-01068,CUST-0193,2024-07-17,Strategy Session,3024.04,30.0,1
TXN-01069,CUST-0070,2025-02-15,Enterprise License,36589.68,35.0,2
TXN-01070,CUST-0129,2025-12-23,Hourly Consultation,505.88,35.0,1
TXN-01071,CUST-0029,2025-10-01,Telemedicine Plan,2051.03,28.0,1
TXN-01072,CUST-0193,2025-06-06,Market Analysis,15200.47,28.0,1
TXN-01073,CUST-0016,2024-04-30,Hourly Consultation,2426.81,35.0,2
TXN-01074,CUST-0086,2024-12-13,Enterprise License,16374.34,35.0,1
TXN-01075,CUST-0043,2025-12-15,Subscription Box,92.88,20.0,1
TXN-01076,CUST-0197,2024-08-31,Website Development,41411.53,25.0,2
TXN-01077,CUST-0002,2025-05-11,Premium Membership,668.08,18.0,2
TXN-01078,CUST-0180,2025-11-08,Premium Membership,268.39,18.0,1
TXN-01079,CUST-0184,2024-02-04,Annual Subscription,1312.86,45.0,1
TXN-01080,CUST-0053,2025-12-20,Implementation Fee,21102.09,20.0,3
TXN-01081,CUST-0116,2025-01-11,Bulk Order,19168.18,12.0,1
TXN-01082,CUST-0042,2025-11-23,Property Management,5919.77,25.0,1
TXN-01083,CUST-0021,2024-07-24,Market Analysis,14908.36,28.0,1
TXN-01084,CUST-0136,2025-07-14,Property Listing,628.31,30.0,1
TXN-01085,CUST-0068,2024-08-27,Bulk Order,40195.56,12.0,1
TXN-01086,CUST-0151,2025-12-08,Hourly Consultation,2692.17,35.0,1
TXN-01087,CUST-0016,2024-04-30,Litigation Support,52231.52,25.0,1
TXN-01088,CUST-0197,2024-06-16,SEO Package,2172.75,20.0,1
TXN-01089,CUST-0104,2025-03-05,Strategy Session,7471.88,30.0,1
TXN-01090,CUST-0143,2024-08-31,Property Management,2418.76,25.0,1
TXN-01091,CUST-0046,2025-03-11,Website Development,24049.95,25.0,1
TXN-01092,CUST-0137,2024-03-09,Valuation Report,3103.19,35.0,1
TXN-01093,CUST-0135,2024-12-25,Premium Membership,507.5,18.0,2
TXN-01094,CUST-0049,2025-11-13,Implementation Fee,20623.27,20.0,1
TXN-01095,CUST-0120,2024-10-03,PPC Campaign,15298.44,18.0,1
TXN-01096,CUST-0186,2025-05-07,Social Media Mgmt,4904.53,22.0,1
TXN-01097,CUST-0126,2024-08-20,Strategy Session,11729.8,30.0,2
TXN-01098,CUST-0164,2024-04-05,Workshop Ticket,1571.31,25.0,1
TXN-01099,CUST-0198,2025-08-11,Process Optimization,37938.39,22.0,1
TXN-01100,CUST-0166,2025-11-11,Telemedicine Plan,812.74,28.0,1
TXN-01101,CUST-0058,2024-08-28,Website Development,39216.01,25.0,1
TXN-01102,CUST-0020,2025-10-12,Valuation Report,2166.19,35.0,1
TXN-01103,CUST-0006,2024-05-24,Corporate Training,22735.14,22.0,1
TXN-01104,CUST-0005,2024-06-24,Website Development,10455.24,25.0,1
TXN-01105,CUST-0165,2025-11-17,Social Media Mgmt,8128.65,22.0,1
TXN-01106,CUST-0007,2024-05-15,PPC Campaign,12082.53,18.0,1
TXN-01107,CUST-0026,2024-06-29,Executive Coaching,16629.51,35.0,1
TXN-01108,CUST-0095,2024-04-14,Bulk Order,22449.27,12.0,1
TXN-01109,CUST-0169,2024-11-08,Executive Coaching,4662.41,35.0,1
TXN-01110,CUST-0110,2025-09-30,Social Media Mgmt,7901.58,22.0,1
TXN-01111,CUST-0028,2025-06-17,Workshop Ticket,1293.08,25.0,1
TXN-01112,CUST-0143,2025-07-18,Consultation Fee,774.89,32.0,1
TXN-01113,CUST-0043,2025-09-13,Bulk Order,35822.14,12.0,2
TXN-01114,CUST-0130,2024-11-06,Process Optimization,12296.49,22.0,1
TXN-01115,CUST-0037,2024-05-17,Corporate Training,21160.59,22.0,1
TXN-01116,CUST-0137,2024-04-29,Property Listing,4318.58,30.0,1
TXN-01117,CUST-0127,2025-04-18,Implementation Fee,7048.18,20.0,1
TXN-01118,CUST-0089,2025-12-22,Strategy Session,3209.7,30.0,1
TXN-01119,CUST-0129,2025-12-14,Retainer,18012.98,28.0,1
TXN-01120,CUST-0128,2024-08-27,SEO Package,6454.13,20.0,3
TXN-01121,CUST-0069,2025-12-06,Premium Membership,807.75,18.0,1
TXN-01122,CUST-0059,2025-10-20,Telemedicine Plan,2057.82,28.0,1
TXN-01123,CUST-0184,2024-01-27,Monthly Subscription,87.49,40.0,3
TXN-01124,CUST-0129,2025-12-03,Hourly Consultation,599.46,35.0,1
TXN-01125,CUST-0090,2024-07-30,Process Optimization,43870.14,22.0,1
TXN-01126,CUST-0076,2024-10-26,Enterprise License,11102.89,35.0,1
TXN-01127,CUST-0160,2024-12-18,Social Media Mgmt,3076.94,22.0,1
TXN-01128,CUST-0161,2025-11-14,Annual Subscription,2802.13,28.0,1
TXN-01129,CUST-0145,2025-10-31,Implementation Fee,6527.12,20.0,1
TXN-01130,CUST-0085,2025-06-02,Property Management,8246.62,25.0,1
TXN-01131,CUST-0052,2024-02-15,Consultation Fee,1680.38,32.0,1
TXN-01132,CUST-0070,2025-11-30,Enterprise License,29966.88,35.0,1
TXN-01133,CUST-0177,2025-11-26,PPC Campaign,22697.26,18.0,1
TXN-01134,CUST-0034,2025-07-31,Hourly Consultation,302.26,35.0,1
TXN-01135,CUST-0068,2024-08-06,Premium Membership,385.03,18.0,1
TXN-01136,CUST-0081,2025-05-08,Implementation Fee,11628.13,20.0,1
TXN-01137,CUST-0020,2025-05-01,Valuation Report,2521.37,35.0,2
TXN-01138,CUST-0065,2025-07-16,Product Sale,517.29,15.0,1
TXN-01139,CUST-0047,2025-12-14,Product Sale,492.11,15.0,1
TXN-01140,CUST-0157,2025-11-28,PPC Campaign,13263.23,18.0,1
TXN-01141,CUST-0152,2025-07-04,Litigation Support,41882.2,25.0,1
TXN-01142,CUST-0093,2025-08-29,Property Management,5836.95,25.0,1
TXN-01143,CUST-0139,2025-12-26,Course Enrollment,1563.31,20.0,1
TXN-01144,CUST-0097,2024-01-07,Market Analysis,22150.24,28.0,1
TXN-01145,CUST-0062,2025-06-03,Retainer,16305.79,28.0,2
TXN-01146,CUST-0024,2025-06-26,Website Development,23494.7,25.0,3
TXN-01147,CUST-0173,2024-04-25,SEO Package,6639.77,20.0,2
TXN-01148,CUST-0171,2025-12-30,Property Listing,2420.3,30.0,1
TXN-01149,CUST-0008,2024-09-06,SEO Package,3598.99,20.0,1
TXN-01150,CUST-0126,2024-09-05,Process Optimization,11609.88,22.0,1
TXN-01151,CUST-0074,2025-10-16,Litigation Support,53189.58,25.0,3
TXN-01152,CUST-0029,2025-06-05,Corporate Health,49366.78,22.0,1
TXN-01153,CUST-0132,2025-03-02,Website Development,31502.0,25.0,1
TXN-01154,CUST-0050,2025-08-07,Market Analysis,15251.31,28.0,1
TXN-01155,CUST-0072,2025-11-04,Consultation Fee,1800.12,32.0,1
TXN-01156,CUST-0181,2025-01-09,Corporate Training,6133.5,22.0,1
TXN-01157,CUST-0199,2024-08-31,Social Media Mgmt,5841.4,22.0,1
TXN-01158,CUST-0074,2024-07-10,Retainer,19850.46,28.0,1
TXN-01159,CUST-0062,2025-03-30,Hourly Consultation,468.67,35.0,1
TXN-01160,CUST-0116,2024-12-04,Subscription Box,141.07,20.0,1
TXN-01161,CUST-0041,2024-11-23,Premium Membership,649.67,18.0,1
TXN-01162,CUST-0124,2025-04-28,Consultation Fee,1124.5,32.0,2
TXN-01163,CUST-0119,2025-11-03,Corporate Training,34690.39,22.0,2
TXN-01164,CUST-0138,2025-03-26,Litigation Support,9107.66,25.0,1
TXN-01165,CUST-0182,2025-02-15,Contract Review,10311.9,30.0,2
TXN-01166,CUST-0189,2025-10-14,Monthly Subscription,90.23,40.0,1
TXN-01167,CUST-0191,2024-11-28,Course Enrollment,2131.02,20.0,1
TXN-01168,CUST-0119,2024-07-04,Workshop Ticket,974.44,25.0,2
TXN-01169,CUST-0105,2024-12-13,Retainer,28306.03,28.0,1
TXN-01170,CUST-0008,2024-12-29,PPC Campaign,8933.12,18.0,1
TXN-01171,CUST-0107,2025-02-16,Product Sale,189.95,15.0,2
TXN-01172,CUST-0172,2024-12-13,Enterprise License,19607.2,35.0,1
TXN-01173,CUST-0048,2024-08-10,Social Media Mgmt,4057.96,22.0,1
TXN-01174,CUST-0181,2025-11-29,Annual Subscription,1230.65,28.0,1
TXN-01175,CUST-0054,2025-06-26,Property Management,3702.75,25.0,1
TXN-01176,CUST-0139,2024-12-24,Corporate Training,19318.29,22.0,1
TXN-01177,CUST-0166,2025-12-22,Corporate Health,29319.44,22.0,1
TXN-01178,CUST-0045,2024-08-08,Property Management,3725.67,25.0,1
TXN-01179,CUST-0055,2025-08-12,Website Development,25646.51,25.0,1
TXN-01180,CUST-0043,2025-12-16,Subscription Box,102.45,20.0,1
TXN-01181,CUST-0200,2025-12-28,Property Listing,2333.83,30.0,1
TXN-01182,CUST-0090,2024-02-05,Executive Coaching,7092.76,35.0,1
TXN-01183,CUST-0081,2025-05-19,Annual Subscription,2184.84,45.0,1
TXN-01184,CUST-0095,2024-09-19,Bulk Order,51222.16,12.0,1
TXN-01185,CUST-0032,2025-02-12,Website Development,29582.87,25.0,1
TXN-01186,CUST-0128,2024-09-12,Social Media Mgmt,9477.94,22.0,1
TXN-01187,CUST-0091,2024-11-20,Social Media Mgmt,9297.15,22.0,3
TXN-01188,CUST-0161,2025-10-20,Course Enrollment,2126.34,20.0,1
TXN-01189,CUST-0043,2025-08-18,Premium Membership,111.31,18.0,1
TXN-01190,CUST-0141,2025-07-26,Process Optimization,36723.48,22.0,1
TXN-01191,CUST-0093,2025-09-02,Property Management,8162.0,25.0,1
TXN-01192,CUST-0159,2025-02-09,Market Analysis,16044.15,28.0,1
TXN-01193,CUST-0036,2025-10-04,Enterprise License,12127.36,35.0,1
TXN-01194,CUST-0038,2024-10-18,Annual Subscription,776.8,45.0,1
TXN-01195,CUST-0191,2024-08-24,Course Enrollment,1113.14,20.0,1
TXN-01196,CUST-0046,2025-02-28,SEO Package,6546.59,20.0,1
TXN-01197,CUST-0122,2025-03-03,Contract Review,8747.78,30.0,1
TXN-01198,CUST-0141,2025-09-07,Market Analysis,12952.05,28.0,1
TXN-01199,CUST-0112,2024-05-13,Executive Coaching,9121.92,35.0,1
TXN-01200,CUST-0153,2025-06-12,Patient Consultation,350.66,30.0,1
TXN-01201,CUST-0127,2025-05-11,Enterprise License,11315.11,35.0,1
TXN-01202,CUST-0036,2024-10-23,Enterprise License,13953.16,35.0,2
TXN-01203,CUST-0180,2025-07-08,Bulk Order,26799.24,12.0,1
TXN-01204,CUST-0178,2025-06-28,SEO Package,6167.64,20.0,2
TXN-01205,CUST-0144,2025-12-08,Property Listing,530.25,30.0,1
TXN-01206,CUST-0120,2024-10-05,Website Development,7362.35,25.0,1
TXN-01207,CUST-0092,2025-09-03,Litigation Support,94363.26,25.0,1
TXN-01208,CUST-0137,2024-04-17,Consultation Fee,2906.22,32.0,1
TXN-01209,CUST-0082,2025-10-09,Executive Coaching,20766.36,35.0,1
TXN-01210,CUST-0066,2024-05-17,Implementation Fee,8788.35,20.0,1
TXN-01211,CUST-0006,2024-04-07,Annual Subscription,2855.47,28.0,1
TXN-01212,CUST-0124,2025-04-19,Property Listing,1894.08,30.0,1
TXN-01213,CUST-0104,2025-08-30,Market Analysis,11311.7,28.0,1
TXN-01214,CUST-0023,2024-03-17,Litigation Support,70604.78,25.0,1
TXN-01215,CUST-0068,2024-06-23,Product Sale,303.48,15.0,1
TXN-01216,CUST-0046,2024-11-16,PPC Campaign,14925.86,18.0,1
TXN-01217,CUST-0042,2025-06-09,Consultation Fee,2631.29,32.0,1
TXN-01218,CUST-0095,2025-11-14,Premium Membership,891.57,18.0,1
TXN-01219,CUST-0003,2025-08-22,SEO Package,4612.14,20.0,1
TXN-01220,CUST-0096,2025-06-30,Market Analysis,22345.65,28.0,1
TXN-01221,CUST-0133,2024-07-12,Subscription Box,126.95,20.0,1
TXN-01222,CUST-0031,2025-03-05,Consultation Fee,2050.07,32.0,1
TXN-01223,CUST-0008,2025-08-25,Website Development,11396.92,25.0,1
TXN-01224,CUST-0177,2025-07-05,Website Development,20315.19,25.0,1
TXN-01225,CUST-0139,2024-06-12,Workshop Ticket,982.6,25.0,2
TXN-01226,CUST-0096,2024-11-05,Process Optimization,60161.5,22.0,1
TXN-01227,CUST-0182,2024-11-18,Contract Review,10295.73,30.0,1
TXN-01228,CUST-0044,2025-06-25,Contract Review,4577.95,30.0,1
TXN-01229,CUST-0192,2025-01-13,Enterprise License,42479.11,35.0,1
TXN-01230,CUST-0178,2024-08-22,SEO Package,3829.1,20.0,1
TXN-01231,CUST-0168,2025-12-30,Social Media Mgmt,6932.01,22.0,1
TXN-01232,CUST-0070,2025-12-23,Enterprise License,19529.88,35.0,1
TXN-01233,CUST-0081,2025-03-08,Monthly Subscription,70.02,40.0,1
TXN-01234,CUST-0105,2025-05-22,Litigation Support,38705.58,25.0,1
TXN-01235,CUST-0166,2025-09-27,Wellness Program,4670.16,25.0,1
TXN-01236,CUST-0185,2025-12-18,Enterprise License,15052.96,35.0,1
TXN-01237,CUST-0105,2025-06-10,Contract Review,6721.02,30.0,1
TXN-01238,CUST-0046,2024-12-07,Social Media Mgmt,1860.06,22.0,1
TXN-01239,CUST-0042,2025-10-06,Property Listing,5435.67,30.0,1
TXN-01240,CUST-0109,2025-12-07,SEO Package,5763.11,20.0,1
TXN-01241,CUST-0074,2025-04-30,Contract Review,9715.76,30.0,3
TXN-01242,CUST-0077,2025-12-09,Wellness Program,10589.87,25.0,1
TXN-01243,CUST-0124,2024-06-15,Valuation Report,3038.36,35.0,1
TXN-01244,CUST-0014,2025-03-26,Property Listing,4928.04,30.0,1
TXN-01245,CUST-0162,2024-12-17,Course Enrollment,2179.18,20.0,1
TXN-01246,CUST-0072,2024-07-03,Property Listing,4536.09,30.0,1
TXN-01247,CUST-0099,2025-08-04,Hourly Consultation,564.75,35.0,1
TXN-01248,CUST-0135,2024-07-27,Premium Membership,253.09,18.0,1
TXN-01249,CUST-0125,2024-10-29,SEO Package,4366.21,20.0,1
TXN-01250,CUST-0146,2024-12-08,PPC Campaign,7580.75,18.0,1
TXN-01251,CUST-0170,2025-03-28,Website Development,24371.38,25.0,1
TXN-01252,CUST-0168,2025-12-09,PPC Campaign,12147.62,18.0,1
TXN-01253,CUST-0032,2024-10-23,Social Media Mgmt,5978.92,22.0,1
TXN-01254,CUST-0060,2025-08-13,Valuation Report,2080.8,35.0,2
TXN-01255,CUST-0019,2025-07-24,Consultation Fee,1681.2,32.0,1
TXN-01256,CUST-0140,2025-07-24,Property Management,9443.7,25.0,1
TXN-01257,CUST-0175,2025-05-04,Corporate Health,31432.64,22.0,1
TXN-01258,CUST-0014,2025-03-20,Valuation Report,4461.74,35.0,3
TXN-01259,CUST-0019,2025-11-23,Consultation Fee,2044.1,32.0,1
TXN-01260,CUST-0047,2024-12-31,Product Sale,270.71,15.0,1
TXN-01261,CUST-0192,2024-09-17,Monthly Subscription,130.49,40.0,1
TXN-01262,CUST-0007,2024-06-09,SEO Package,3458.87,20.0,1
TXN-01263,CUST-0033,2024-10-16,Bulk Order,17956.64,12.0,1
TXN-01264,CUST-0198,2025-05-14,Executive Coaching,7731.07,35.0,1
TXN-01265,CUST-0066,2024-06-25,Implementation Fee,15111.01,20.0,1
TXN-01266,CUST-0083,2025-11-10,Executive Coaching,7297.57,35.0,2
TXN-01267,CUST-0177,2025-05-29,SEO Package,5534.29,20.0,1
TXN-01268,CUST-0107,2024-06-02,Premium Membership,225.13,18.0,1
TXN-01269,CUST-0133,2024-05-18,Subscription Box,169.75,20.0,1
TXN-01270,CUST-0004,2024-06-16,Social Media Mgmt,2390.4,22.0,1
TXN-01271,CUST-0051,2025-06-16,Enterprise License,31882.44,35.0,1
TXN-01272,CUST-0141,2025-06-14,Process Optimization,21976.95,22.0,1
TXN-01273,CUST-0166,2025-11-24,Corporate Health,43486.23,22.0,1
TXN-01274,CUST-0156,2025-12-07,Annual Subscription,3756.38,45.0,1
TXN-01275,CUST-0053,2025-12-22,Enterprise License,7372.73,35.0,2
TXN-01276,CUST-0183,2024-09-16,Course Enrollment,1102.26,20.0,1
TXN-01277,CUST-0068,2025-11-27,Premium Membership,304.8,18.0,1
TXN-01278,CUST-0146,2024-11-23,SEO Package,5134.97,20.0,1
TXN-01279,CUST-0099,2025-11-29,Retainer,7370.79,28.0,1
TXN-01280,CUST-0132,2024-11-29,Website Development,10581.59,25.0,1
TXN-01281,CUST-0125,2025-05-15,Social Media Mgmt,8767.26,22.0,1
TXN-01282,CUST-0167,2025-08-08,PPC Campaign,24175.21,18.0,1
TXN-01283,CUST-0114,2025-11-26,Market Analysis,26726.54,28.0,1
TXN-01284,CUST-0068,2024-11-07,Subscription Box,139.16,20.0,1
TXN-01285,CUST-0070,2025-03-17,Monthly Subscription,208.44,40.0,1
TXN-01286,CUST-0168,2025-02-26,Website Development,17869.24,25.0,1
TXN-01287,CUST-0117,2025-02-15,Enterprise License,41867.46,35.0,1
TXN-01288,CUST-0122,2025-03-20,Retainer,12612.29,28.0,1
TXN-01289,CUST-0063,2024-01-19,PPC Campaign,11534.87,18.0,1
TXN-01290,CUST-0182,2025-04-15,Contract Review,4672.38,30.0,1
TXN-01291,CUST-0144,2025-03-28,Property Management,4392.88,25.0,1
TXN-01292,CUST-0111,2025-09-11,Enterprise License,39657.48,35.0,1
TXN-01293,CUST-0170,2025-03-25,Social Media Mgmt,7517.54,22.0,1
TXN-01294,CUST-0132,2025-11-04,SEO Package,7718.76,20.0,1
TXN-01295,CUST-0036,2025-10-10,Annual Subscription,5148.29,45.0,1
TXN-01296,CUST-0196,2025-12-03,Corporate Health,29832.5,22.0,1
TXN-01297,CUST-0094,2025-10-11,Implementation Fee,7286.05,20.0,1
TXN-01298,CUST-0123,2025-09-06,PPC Campaign,14264.85,18.0,1
TXN-01299,CUST-0185,2025-12-10,Enterprise License,15871.47,35.0,1
TXN-01300,CUST-0172,2025-11-25,Implementation Fee,5420.22,20.0,1
TXN-01301,CUST-0131,2025-10-15,Monthly Subscription,351.86,40.0,1
TXN-01302,CUST-0188,2024-06-21,Course Enrollment,2133.29,20.0,1
TXN-01303,CUST-0146,2024-11-24,PPC Campaign,23774.14,18.0,1
TXN-01304,CUST-0040,2025-02-05,Corporate Health,38379.8,22.0,1
TXN-01305,CUST-0052,2024-03-12,Property Management,9507.36,25.0,1
TXN-01306,CUST-0111,2025-06-03,Annual Subscription,3214.23,45.0,1
TXN-01307,CUST-0110,2025-11-04,Social Media Mgmt,2023.07,22.0,1
TXN-01308,CUST-0098,2024-06-17,Hourly Consultation,1774.65,35.0,1
TXN-01309,CUST-0185,2025-12-20,Monthly Subscription,405.84,40.0,1
TXN-01310,CUST-0162,2025-10-06,Corporate Training,20997.93,22.0,1
TXN-01311,CUST-0006,2024-02-11,Annual Subscription,1323.45,28.0,1
TXN-01312,CUST-0074,2024-07-15,Retainer,8471.19,28.0,1
TXN-01313,CUST-0131,2025-08-18,Enterprise License,9111.34,35.0,1
TXN-01314,CUST-0082,2025-10-19,Strategy Session,10023.89,30.0,2
TXN-01315,CUST-0081,2025-08-26,Monthly Subscription,216.55,40.0,2
TXN-01316,CUST-0030,2025-10-11,PPC Campaign,25730.08,18.0,1
TXN-01317,CUST-0148,2025-08-19,Subscription Box,154.66,20.0,1
TXN-01318,CUST-0170,2025-06-13,Social Media Mgmt,5728.63,22.0,3
TXN-01319,CUST-0197,2024-09-05,Social Media Mgmt,7783.48,22.0,1
TXN-01320,CUST-0129,2025-12-08,Retainer,4799.32,28.0,1
TXN-01321,CUST-0199,2025-02-15,Social Media Mgmt,8338.49,22.0,1
TXN-01322,CUST-0005,2024-08-31,Website Development,41120.17,25.0,1
TXN-01323,CUST-0100,2025-06-26,PPC Campaign,13378.31,18.0,1
TXN-01324,CUST-0155,2024-05-21,Course Enrollment,1108.02,20.0,1
TXN-01325,CUST-0170,2024-12-29,SEO Package,1385.21,20.0,1
TXN-01326,CUST-0176,2025-02-08,Telemedicine Plan,2111.33,28.0,1
TXN-01327,CUST-0101,2025-10-19,Valuation Report,1512.34,35.0,1
TXN-01328,CUST-0059,2024-08-25,Patient Consultation,370.8,30.0,1
TXN-01329,CUST-0061,2025-04-16,Executive Coaching,15705.67,35.0,1
TXN-01330,CUST-0062,2024-11-24,Retainer,21530.49,28.0,1
TXN-01331,CUST-0139,2025-10-29,Corporate Training,26176.65,22.0,1
TXN-01332,CUST-0078,2024-04-22,Property Listing,2330.57,30.0,2
TXN-01333,CUST-0012,2025-08-03,Subscription Box,110.94,20.0,1
TXN-01334,CUST-0041,2024-12-05,Product Sale,49.21,15.0,1
TXN-01335,CUST-0017,2024-06-19,Executive Coaching,20988.47,35.0,1
TXN-01336,CUST-0054,2024-10-11,Valuation Report,1888.13,35.0,1
TXN-01337,CUST-0087,2024-08-10,Premium Membership,394.38,18.0,2
TXN-01338,CUST-0132,2025-06-11,Social Media Mgmt,12551.06,22.0,1
TXN-01339,CUST-0009,2025-10-20,Contract Review,11367.93,30.0,1
TXN-01340,CUST-0022,2025-10-29,Workshop Ticket,1152.46,25.0,1
TXN-01341,CUST-0165,2025-11-12,PPC Campaign,23578.57,18.0,1
TXN-01342,CUST-0174,2025-08-18,Property Listing,966.09,30.0,1
TXN-01343,CUST-0102,2025-06-16,Website Development,42019.39,25.0,1
TXN-01344,CUST-0125,2025-07-10,Website Development,40625.54,25.0,1
TXN-01345,CUST-0100,2024-11-01,SEO Package,7334.92,20.0,1
TXN-01346,CUST-0141,2025-01-06,Process Optimization,12244.01,22.0,1
TXN-01347,CUST-0057,2025-12-25,PPC Campaign,14695.04,18.0,1
TXN-01348,CUST-0005,2025-06-21,PPC Campaign,29427.86,18.0,1
TXN-01349,CUST-0164,2024-05-01,Workshop Ticket,343.62,25.0,1
TXN-01350,CUST-0061,2025-08-06,Market Analysis,19284.81,28.0,1
TXN-01351,CUST-0105,2025-06-28,Litigation Support,14443.16,25.0,1
TXN-01352,CUST-0125,2025-01-01,Social Media Mgmt,11749.78,22.0,1
TXN-01353,CUST-0173,2025-11-03,SEO Package,3322.87,20.0,1
TXN-01354,CUST-0060,2025-09-15,Consultation Fee,417.1,32.0,1
TXN-01355,CUST-0179,2024-07-20,Corporate Training,13072.91,22.0,1
TXN-01356,CUST-0010,2025-09-02,Enterprise License,31334.95,35.0,1
TXN-01357,CUST-0054,2025-07-18,Consultation Fee,2791.69,32.0,1
TXN-01358,CUST-0090,2024-06-20,Process Optimization,32542.93,22.0,1
TXN-01359,CUST-0011,2024-05-10,PPC Campaign,5435.0,18.0,1
TXN-01360,CUST-0033,2025-09-30,Product Sale,171.27,15.0,1
TXN-01361,CUST-0033,2025-09-18,Premium Membership,1121.97,18.0,1
TXN-01362,CUST-0179,2025-01-21,Corporate Training,19688.17,22.0,1
TXN-01363,CUST-0111,2025-06-07,Monthly Subscription,62.75,40.0,1
TXN-01364,CUST-0070,2025-05-11,Implementation Fee,7533.25,20.0,1
TXN-01365,CUST-0007,2024-09-14,Social Media Mgmt,6896.05,22.0,1
TXN-01366,CUST-0059,2024-07-15,Patient Consultation,133.64,30.0,1
TXN-01367,CUST-0091,2024-10-05,PPC Campaign,26073.12,18.0,1
TXN-01368,CUST-0084,2025-09-14,Premium Membership,342.86,18.0,1
TXN-01369,CUST-0189,2024-08-20,Annual Subscription,2891.02,45.0,1
TXN-01370,CUST-0130,2025-05-15,Strategy Session,3751.45,30.0,1
TXN-01371,CUST-0097,2025-12-03,Executive Coaching,9246.24,35.0,1
TXN-01372,CUST-0156,2025-12-21,Annual Subscription,3131.4,45.0,1
TXN-01373,CUST-0016,2024-06-21,Retainer,5416.23,28.0,1
TXN-01374,CUST-0132,2024-10-27,SEO Package,6168.77,20.0,1
TXN-01375,CUST-0041,2024-12-29,Subscription Box,48.77,20.0,1
TXN-01376,CUST-0069,2025-12-05,Product Sale,84.39,15.0,1
TXN-01377,CUST-0136,2025-07-20,Property Listing,4816.9,30.0,1
TXN-01378,CUST-0009,2025-10-18,Contract Review,6034.68,30.0,1
TXN-01379,CUST-0180,2025-09-15,Product Sale,538.17,15.0,2
TXN-01380,CUST-0187,2025-11-18,Annual Subscription,840.04,28.0,1
TXN-01381,CUST-0079,2025-07-03,Corporate Training,22758.85,22.0,1
TXN-01382,CUST-0200,2025-06-08,Consultation Fee,2477.16,32.0,1
TXN-01383,CUST-0051,2024-07-17,Annual Subscription,3298.94,45.0,1
TXN-01384,CUST-0106,2024-07-18,Annual Subscription,2594.94,28.0,1
TXN-01385,CUST-0186,2024-11-12,SEO Package,5640.6,20.0,1
TXN-01386,CUST-0025,2025-11-08,Corporate Health,22735.94,22.0,1
TXN-01387,CUST-0198,2025-09-08,Executive Coaching,6437.58,35.0,2
TXN-01388,CUST-0145,2025-10-21,Monthly Subscription,528.68,40.0,1
TXN-01389,CUST-0098,2024-09-30,Contract Review,7353.31,30.0,1
TXN-01390,CUST-0047,2025-10-12,Subscription Box,104.82,20.0,1
TXN-01391,CUST-0040,2025-09-17,Telemedicine Plan,2007.24,28.0,1
TXN-01392,CUST-0030,2025-10-02,PPC Campaign,10193.22,18.0,1
TXN-01393,CUST-0038,2024-10-15,Implementation Fee,4917.28,20.0,1
TXN-01394,CUST-0102,2024-11-24,Social Media Mgmt,5115.9,22.0,1
TXN-01395,CUST-0033,2024-09-08,Subscription Box,58.85,20.0,1
TXN-01396,CUST-0063,2024-06-04,PPC Campaign,15045.1,18.0,1
TXN-01397,CUST-0070,2025-05-26,Enterprise License,27032.87,35.0,1
TXN-01398,CUST-0128,2025-01-01,Social Media Mgmt,8868.81,22.0,1
TXN-01399,CUST-0075,2025-04-25,Litigation Support,77613.03,25.0,1
TXN-01400,CUST-0178,2024-08-25,PPC Campaign,14825.23,18.0,1
TXN-01401,CUST-0180,2025-11-24,Subscription Box,181.42,20.0,2
TXN-01402,CUST-0076,2025-09-16,Annual Subscription,1549.23,45.0,1
TXN-01403,CUST-0070,2025-07-29,Enterprise License,14584.55,35.0,2
TXN-01404,CUST-0098,2025-01-18,Litigation Support,25246.86,25.0,1
TXN-01405,CUST-0180,2025-07-31,Subscription Box,86.84,20.0,1
TXN-01406,CUST-0153,2025-05-11,Telemedicine Plan,2611.34,28.0,1
TXN-01407,CUST-0014,2025-02-21,Valuation Report,2071.8,35.0,1
TXN-01408,CUST-0063,2025-08-04,SEO Package,4878.75,20.0,1
TXN-01409,CUST-0161,2025-09-16,Annual Subscription,2806.74,28.0,1
TXN-01410,CUST-0074,2024-08-17,Litigation Support,5476.07,25.0,1
TXN-01411,CUST-0168,2025-03-17,PPC Campaign,8467.45,18.0,1
TXN-01412,CUST-0060,2024-12-24,Valuation Report,4383.31,35.0,1
TXN-01413,CUST-0007,2024-07-25,Social Media Mgmt,10260.17,22.0,1
TXN-01414,CUST-0006,2024-06-13,Corporate Training,11481.81,22.0,1
TXN-01415,CUST-0144,2024-09-28,Property Listing,2606.2,30.0,1
TXN-01416,CUST-0081,2025-09-09,Implementation Fee,11119.3,20.0,1
TXN-01417,CUST-0041,2025-11-09,Bulk Order,41215.73,12.0,1
TXN-01418,CUST-0029,2025-09-21,Telemedicine Plan,2839.12,28.0,1
TXN-01419,CUST-0091,2024-09-18,SEO Package,6336.92,20.0,1
TXN-01420,CUST-0169,2025-04-12,Process Optimization,41660.66,22.0,1
TXN-01421,CUST-0152,2025-11-16,Hourly Consultation,2660.67,35.0,1
TXN-01422,CUST-0187,2025-08-22,Corporate Training,25607.03,22.0,1
TXN-01423,CUST-0022,2025-03-21,Course Enrollment,1645.07,20.0,1
TXN-01424,CUST-0075,2025-11-24,Litigation Support,74368.79,25.0,1
TXN-01425,CUST-0075,2024-11-01,Retainer,11422.53,28.0,1
TXN-01426,CUST-0126,2025-02-10,Process Optimization,47382.08,22.0,1
TXN-01427,CUST-0046,2024-08-01,PPC Campaign,14012.83,18.0,1
TXN-01428,CUST-0024,2025-10-06,SEO Package,4640.24,20.0,1
TXN-01429,CUST-0069,2025-12-25,Subscription Box,38.95,20.0,2
TXN-01430,CUST-0149,2024-11-02,Premium Membership,749.37,18.0,1
TXN-01431,CUST-0161,2025-11-16,Corporate Training,22135.21,22.0,1
TXN-01432,CUST-0089,2025-12-14,Market Analysis,7091.9,28.0,1
TXN-01433,CUST-0185,2025-12-05,Monthly Subscription,295.85,40.0,1
TXN-01434,CUST-0170,2024-09-23,SEO Package,1889.69,20.0,1
TXN-01435,CUST-0163,2024-07-19,Market Analysis,24847.2,28.0,1
TXN-01436,CUST-0033,2025-06-25,Product Sale,61.53,15.0,1
TXN-01437,CUST-0049,2025-09-27,Annual Subscription,4834.28,45.0,1
TXN-01438,CUST-0177,2025-09-08,SEO Package,7479.16,20.0,1
TXN-01439,CUST-0128,2024-10-08,Website Development,52876.72,25.0,1
TXN-01440,CUST-0078,2025-10-14,Property Listing,2364.07,30.0,1
TXN-01441,CUST-0082,2025-10-13,Executive Coaching,7743.98,35.0,2
TXN-01442,CUST-0053,2024-07-01,Enterprise License,16071.98,35.0,3
TXN-01443,CUST-0108,2025-10-17,Annual Subscription,3590.85,28.0,1
TXN-01444,CUST-0058,2025-06-05,Website Development,17932.69,25.0,1
TXN-01445,CUST-0185,2025-12-26,Annual Subscription,2165.66,45.0,1
TXN-01446,CUST-0041,2024-12-21,Product Sale,259.65,15.0,1
TXN-01447,CUST-0161,2025-10-03,Workshop Ticket,359.27,25.0,1
TXN-01448,CUST-0164,2024-05-15,Annual Subscription,3558.1,28.0,1
TXN-01449,CUST-0121,2025-04-16,Retainer,20093.12,28.0,1
TXN-01450,CUST-0194,2025-10-04,Implementation Fee,12517.92,20.0,1
TXN-01451,CUST-0184,2024-01-15,Annual Subscription,3319.67,45.0,1
TXN-01452,CUST-0122,2025-01-15,Litigation Support,39437.33,25.0,2
TXN-01453,CUST-0112,2024-05-01,Process Optimization,20154.93,22.0,1
TXN-01454,CUST-0178,2025-01-17,Social Media Mgmt,13385.16,22.0,1
TXN-01455,CUST-0127,2024-11-07,Monthly Subscription,493.8,40.0,2
TXN-01456,CUST-0179,2024-09-06,Course Enrollment,1938.91,20.0,1
TXN-01457,CUST-0014,2025-11-14,Property Management,9283.85,25.0,2
TXN-01458,CUST-0020,2025-02-01,Property Listing,735.59,30.0,1
TXN-01459,CUST-0190,2025-12-04,Property Management,3565.45,25.0,1
TXN-01460,CUST-0102,2024-10-06,PPC Campaign,18742.41,18.0,1
TXN-01461,CUST-0124,2025-06-29,Property Management,4309.25,25.0,2
TXN-01462,CUST-0172,2024-05-08,Monthly Subscription,125.85,40.0,1
TXN-01463,CUST-0041,2025-04-17,Bulk Order,51518.71,12.0,1
TXN-01464,CUST-0094,2024-06-01,Implementation Fee,20536.51,20.0,1
TXN-01465,CUST-0189,2024-04-27,Annual Subscription,2287.1,45.0,1
TXN-01466,CUST-0195,2025-06-06,Premium Membership,761.84,18.0,1
TXN-01467,CUST-0114,2025-11-16,Strategy Session,7004.93,30.0,1
TXN-01468,CUST-0178,2025-01-31,Website Development,4227.57,25.0,1
TXN-01469,CUST-0112,2024-11-12,Process Optimization,23663.19,22.0,1
TXN-01470,CUST-0099,2025-01-23,Hourly Consultation,3165.92,35.0,1
TXN-01471,CUST-0023,2024-04-17,Litigation Support,30495.37,25.0,3
TXN-01472,CUST-0131,2024-11-16,Enterprise License,5658.33,35.0,1
TXN-01473,CUST-0143,2025-05-13,Consultation Fee,2149.04,32.0,2
TXN-01474,CUST-0039,2024-06-27,Retainer,21485.73,28.0,1
TXN-01475,CUST-0194,2025-08-19,Annual Subscription,5889.1,45.0,1
TXN-01476,CUST-0060,2024-08-19,Consultation Fee,1665.9,32.0,1
TXN-01477,CUST-0111,2025-05-19,Enterprise License,35130.53,35.0,1
TXN-01478,CUST-0112,2025-06-13,Market Analysis,9428.13,28.0,1
TXN-01479,CUST-0004,2025-05-17,Website Development,44831.65,25.0,2
TXN-01480,CUST-0058,2024-10-25,Social Media Mgmt,7874.89,22.0,1
TXN-01481,CUST-0091,2024-09-26,SEO Package,7066.23,20.0,2
TXN-01482,CUST-0190,2025-12-29,Consultation Fee,2540.78,32.0,1
TXN-01483,CUST-0155,2025-11-09,Corporate Training,5201.86,22.0,2
TXN-01484,CUST-0144,2024-10-22,Property Management,2251.42,25.0,1
TXN-01485,CUST-0019,2025-09-15,Property Listing,4114.32,30.0,1
TXN-01486,CUST-0186,2024-11-17,Social Media Mgmt,2337.69,22.0,1
TXN-01487,CUST-0181,2024-10-21,Corporate Training,17364.87,22.0,1
TXN-01488,CUST-0167,2024-11-04,SEO Package,7176.1,20.0,1
TXN-01489,CUST-0039,2024-08-07,Contract Review,8272.63,30.0,1
TXN-01490,CUST-0196,2025-12-13,Corporate Health,29866.63,22.0,1
TXN-01491,CUST-0076,2025-04-19,Implementation Fee,15004.74,20.0,1
TXN-01492,CUST-0075,2025-07-05,Litigation Support,31608.5,25.0,2
TXN-01493,CUST-0002,2025-07-26,Product Sale,111.31,15.0,1
TXN-01494,CUST-0038,2024-04-04,Implementation Fee,12229.36,20.0,2
TXN-01495,CUST-0110,2025-07-21,Website Development,18859.34,25.0,2
TXN-01496,CUST-0122,2025-05-11,Contract Review,10618.59,30.0,1
TXN-01497,CUST-0117,2025-03-28,Annual Subscription,801.55,45.0,1
TXN-01498,CUST-0106,2024-06-24,Annual Subscription,4495.53,28.0,1
TXN-01499,CUST-0087,2025-05-03,Premium Membership,89.29,18.0,1
TXN-01500,CUST-0196,2025-12-27,Wellness Program,7897.75,25.0,1
TXN-01501,CUST-0014,2024-10-31,Property Listing,3085.71,30.0,1
TXN-01502,CUST-0030,2025-01-22,Social Media Mgmt,4227.18,22.0,1
TXN-01503,CUST-0110,2025-12-01,PPC Campaign,12824.19,18.0,1
TXN-01504,CUST-0154,2025-12-08,SEO Package,4004.91,20.0,1
TXN-01505,CUST-0034,2025-10-20,Retainer,19933.45,28.0,1
TXN-01506,CUST-0114,2025-10-20,Process Optimization,40123.34,22.0,1
TXN-01507,CUST-0102,2025-04-03,Social Media Mgmt,2509.57,22.0,1
TXN-01508,CUST-0091,2024-10-08,Social Media Mgmt,6069.5,22.0,1
TXN-01509,CUST-0029,2025-11-27,Patient Consultation,411.33,30.0,1
TXN-01510,CUST-0174,2025-01-21,Valuation Report,4263.43,35.0,1
TXN-01511,CUST-0033,2025-09-25,Premium Membership,945.59,18.0,1
TXN-01512,CUST-0129,2025-12-05,Contract Review,7824.65,30.0,1
TXN-01513,CUST-0073,2024-06-26,Website Development,30348.97,25.0,1
TXN-01514,CUST-0183,2025-07-17,Course Enrollment,347.88,20.0,1
TXN-01515,CUST-0175,2025-11-15,Corporate Health,8619.3,22.0,1
TXN-01516,CUST-0157,2024-11-11,Social Media Mgmt,6122.58,22.0,1
TXN-01517,CUST-0030,2025-05-21,SEO Package,7432.78,20.0,1
TXN-01518,CUST-0198,2025-03-23,Executive Coaching,7044.19,35.0,1
TXN-01519,CUST-0122,2024-10-13,Litigation Support,55632.85,25.0,1
TXN-01520,CUST-0169,2024-08-31,Strategy Session,6703.82,30.0,1
TXN-01521,CUST-0170,2025-02-25,Social Media Mgmt,11267.55,22.0,1
TXN-01522,CUST-0194,2024-02-20,Enterprise License,36589.35,35.0,3
TXN-01523,CUST-0027,2024-05-08,Market Analysis,30254.64,28.0,1
TXN-01524,CUST-0147,2025-05-27,Market Analysis,5136.79,28.0,2
TXN-01525,CUST-0141,2024-07-16,Market Analysis,9795.72,28.0,1
TXN-01526,CUST-0096,2024-08-05,Executive Coaching,3775.41,35.0,1
TXN-01527,CUST-0182,2025-02-08,Contract Review,4660.84,30.0,2
TXN-01528,CUST-0118,2025-10-01,Bulk Order,4930.71,12.0,1
TXN-01529,CUST-0151,2024-10-07,Litigation Support,85489.62,25.0,1
TXN-01530,CUST-0017,2024-10-23,Executive Coaching,18631.42,35.0,1
TXN-01531,CUST-0055,2025-06-12,PPC Campaign,4087.71,18.0,1
TXN-01532,CUST-0020,2025-09-05,Property Management,5051.3,25.0,1
TXN-01533,CUST-0026,2024-08-10,Market Analysis,14129.26,28.0,1
TXN-01534,CUST-0194,2025-06-12,Monthly Subscription,437.87,40.0,1
TXN-01535,CUST-0175,2025-10-24,Corporate Health,27957.9,22.0,1
TXN-01536,CUST-0093,2025-11-14,Valuation Report,2660.39,35.0,1
TXN-01537,CUST-0057,2025-12-05,Website Development,38617.52,25.0,1
TXN-01538,CUST-0164,2024-03-26,Course Enrollment,621.54,20.0,1
TXN-01539,CUST-0004,2025-11-19,Website Development,44426.33,25.0,1
TXN-01540,CUST-0047,2024-08-21,Subscription Box,161.06,20.0,3
TXN-01541,CUST-0075,2024-08-14,Contract Review,6541.01,30.0,1
TXN-01542,CUST-0084,2024-11-24,Subscription Box,153.28,20.0,2
TXN-01543,CUST-0013,2024-04-12,Social Media Mgmt,10021.49,22.0,1
TXN-01544,CUST-0010,2025-08-27,Implementation Fee,7160.55,20.0,1
TXN-01545,CUST-0016,2024-04-19,Hourly Consultation,582.13,35.0,1
TXN-01546,CUST-0147,2024-10-08,Market Analysis,33958.7,28.0,1
TXN-01547,CUST-0127,2024-05-29,Implementation Fee,13704.0,20.0,1
TXN-01548,CUST-0107,2025-01-07,Product Sale,295.43,15.0,1
TXN-01549,CUST-0058,2025-05-25,PPC Campaign,13134.76,18.0,1
TXN-01550,CUST-0155,2024-09-27,Course Enrollment,2526.6,20.0,1
TXN-01551,CUST-0123,2025-11-20,PPC Campaign,20863.39,18.0,1
TXN-01552,CUST-0141,2025-11-10,Market Analysis,29065.0,28.0,1
TXN-01553,CUST-0099,2024-09-04,Retainer,13278.25,28.0,1
TXN-01554,CUST-0092,2024-03-29,Retainer,15345.38,28.0,1
TXN-01555,CUST-0015,2025-09-22,Monthly Subscription,201.18,40.0,1
TXN-01556,CUST-0150,2025-11-26,Corporate Health,23935.31,22.0,1
TXN-01557,CUST-0037,2024-04-16,Corporate Training,2788.15,22.0,1
TXN-01558,CUST-0099,2025-02-20,Hourly Consultation,2385.72,35.0,1
TXN-01559,CUST-0006,2024-06-27,Annual Subscription,2682.91,28.0,1
TXN-01560,CUST-0180,2024-12-26,Premium Membership,743.16,18.0,1
TXN-01561,CUST-0045,2024-08-08,Property Listing,781.59,30.0,1
TXN-01562,CUST-0088,2025-08-05,SEO Package,5580.44,20.0,1
TXN-01563,CUST-0117,2025-04-10,Monthly Subscription,421.8,40.0,1
TXN-01564,CUST-0136,2024-07-12,Property Listing,1150.42,30.0,1
TXN-01565,CUST-0144,2024-04-11,Consultation Fee,2900.0,32.0,1
TXN-01566,CUST-0149,2025-09-10,Premium Membership,474.16,18.0,2
TXN-01567,CUST-0115,2024-12-16,Property Listing,1710.95,30.0,1
TXN-01568,CUST-0012,2025-02-13,Product Sale,291.17,15.0,1
TXN-01569,CUST-0138,2024-03-22,Hourly Consultation,622.2,35.0,1
TXN-01570,CUST-0002,2025-04-18,Bulk Order,2815.89,12.0,1
TXN-01571,CUST-0102,2024-05-03,Website Development,26091.31,25.0,1
TXN-01572,CUST-0119,2024-04-25,Corporate Training,4964.87,22.0,1
TXN-01573,CUST-0112,2025-11-20,Executive Coaching,3077.31,35.0,1
TXN-01574,CUST-0164,2024-04-03,Workshop Ticket,109.07,25.0,1
TXN-01575,CUST-0200,2025-12-24,Property Management,8157.38,25.0,3
TXN-01576,CUST-0106,2024-07-11,Annual Subscription,2852.23,28.0,1
TXN-01577,CUST-0082,2025-11-04,Process Optimization,19653.86,22.0,1
TXN-01578,CUST-0091,2024-12-14,PPC Campaign,6773.51,18.0,1
TXN-01579,CUST-0158,2025-06-11,Bulk Order,5843.39,12.0,1
TXN-01580,CUST-0195,2025-10-22,Bulk Order,34024.06,12.0,1
TXN-01581,CUST-0134,2024-12-22,PPC Campaign,11820.52,18.0,1
TXN-01582,CUST-0013,2024-07-06,Website Development,32851.24,25.0,1
TXN-01583,CUST-0008,2025-04-25,SEO Package,3390.47,20.0,1
TXN-01584,CUST-0159,2025-10-17,Process Optimization,32414.13,22.0,1
TXN-01585,CUST-0040,2024-12-01,Patient Consultation,476.37,30.0,2
TXN-01586,CUST-0099,2024-12-29,Contract Review,2638.63,30.0,1
TXN-01587,CUST-0110,2025-11-08,PPC Campaign,15561.9,18.0,1
TXN-01588,CUST-0153,2025-02-10,Wellness Program,8846.5,25.0,1
TXN-01589,CUST-0134,2024-10-25,SEO Package,3071.29,20.0,1
TXN-01590,CUST-0184,2024-03-31,Monthly Subscription,443.62,40.0,2
TXN-01591,CUST-0074,2025-05-06,Hourly Consultation,2440.34,35.0,1
TXN-01592,CUST-0035,2024-06-16,Corporate Training,11930.94,22.0,1
TXN-01593,CUST-0127,2025-03-31,Implementation Fee,18027.55,20.0,1
TXN-01594,CUST-0056,2025-04-14,Retainer,6283.04,28.0,1
TXN-01595,CUST-0142,2025-12-28,PPC Campaign,22490.84,18.0,1
TXN-01596,CUST-0154,2025-12-14,SEO Package,4722.44,20.0,2
TXN-01597,CUST-0185,2025-12-19,Annual Subscription,1539.51,45.0,1
TXN-01598,CUST-0112,2025-11-29,Executive Coaching,5686.07,35.0,1
TXN-01599,CUST-0080,2024-08-02,Enterprise License,51633.25,35.0,1
TXN-01600,CUST-0035,2024-04-21,Workshop Ticket,632.54,25.0,1
TXN-01601,CUST-0037,2024-04-10,Corporate Training,12265.62,22.0,1
TXN-01602,CUST-0118,2024-08-18,Subscription Box,69.49,20.0,1
TXN-01603,CUST-0087,2025-12-26,Product Sale,237.6,15.0,1
TXN-01604,CUST-0131,2024-12-07,Monthly Subscription,98.3,40.0,1
TXN-01605,CUST-0173,2024-09-09,PPC Campaign,15647.84,18.0,1
TXN-01606,CUST-0071,2024-05-21,Website Development,18163.72,25.0,1
TXN-01607,CUST-0008,2025-12-19,SEO Package,6787.23,20.0,1
TXN-01608,CUST-0108,2025-10-31,Workshop Ticket,223.72,25.0,1
TXN-01609,CUST-0074,2025-04-02,Hourly Consultation,2924.16,35.0,1
TXN-01610,CUST-0157,2025-03-27,Website Development,12779.71,25.0,1
TXN-01611,CUST-0007,2024-07-31,Website Development,22519.92,25.0,1
TXN-01612,CUST-0045,2024-08-13,Consultation Fee,1006.08,32.0,1
TXN-01613,CUST-0078,2025-09-01,Property Listing,4534.4,30.0,3
TXN-01614,CUST-0152,2025-11-17,Contract Review,8534.15,30.0,1
TXN-01615,CUST-0174,2024-08-24,Property Listing,3784.75,30.0,1
TXN-01616,CUST-0031,2025-07-03,Consultation Fee,774.6,32.0,1
TXN-01617,CUST-0130,2024-06-23,Executive Coaching,6104.31,35.0,1
TXN-01618,CUST-0098,2024-09-08,Contract Review,6134.51,30.0,1
TXN-01619,CUST-0068,2024-09-06,Subscription Box,97.29,20.0,2
TXN-01620,CUST-0116,2025-01-02,Product Sale,207.53,15.0,1
TXN-01621,CUST-0136,2025-06-26,Property Management,4081.17,25.0,1
TXN-01622,CUST-0003,2025-07-25,Social Media Mgmt,8180.5,22.0,1
TXN-01623,CUST-0135,2025-08-26,Subscription Box,189.74,20.0,1
TXN-01624,CUST-0109,2025-10-06,Social Media Mgmt,8800.47,22.0,1
TXN-01625,CUST-0052,2024-03-29,Valuation Report,2772.0,35.0,1
TXN-01626,CUST-0036,2025-04-27,Annual Subscription,3802.17,45.0,1
TXN-01627,CUST-0136,2025-07-29,Valuation Report,3312.17,35.0,1
TXN-01628,CUST-0094,2024-08-14,Annual Subscription,4506.19,45.0,1
TXN-01629,CUST-0029,2025-06-14,Wellness Program,13403.23,25.0,2
TXN-01630,CUST-0095,2024-07-19,Bulk Order,28578.18,12.0,1
TXN-01631,CUST-0191,2024-10-02,Corporate Training,21021.62,22.0,2
TXN-01632,CUST-0090,2024-07-28,Process Optimization,21542.71,22.0,2
TXN-01633,CUST-0002,2025-06-08,Product Sale,244.23,15.0,1
TXN-01634,CUST-0133,2024-06-05,Subscription Box,160.91,20.0,1
TXN-01635,CUST-0184,2024-05-09,Implementation Fee,5666.52,20.0,1
TXN-01636,CUST-0127,2024-12-17,Implementation Fee,7076.68,20.0,1
TXN-01637,CUST-0121,2025-10-13,Hourly Consultation,1405.94,35.0,3
TXN-01638,CUST-0070,2025-03-12,Enterprise License,7493.79,35.0,1
TXN-01639,CUST-0088,2025-05-30,PPC Campaign,2887.02,18.0,1
TXN-01640,CUST-0108,2025-12-19,Corporate Training,31040.81,22.0,1
TXN-01641,CUST-0068,2024-09-29,Bulk Order,38932.09,12.0,1
TXN-01642,CUST-0070,2025-12-27,Implementation Fee,9582.44,20.0,1
TXN-01643,CUST-0199,2025-07-09,SEO Package,1982.74,20.0,1
TXN-01644,CUST-0187,2025-06-26,Corporate Training,7068.4,22.0,2
TXN-01645,CUST-0074,2025-02-01,Retainer,8097.36,28.0,1
TXN-01646,CUST-0112,2024-11-16,Market Analysis,9698.28,28.0,1
TXN-01647,CUST-0074,2024-06-26,Retainer,15844.13,28.0,1
TXN-01648,CUST-0039,2025-06-14,Contract Review,4902.19,30.0,1
TXN-01649,CUST-0130,2025-09-11,Market Analysis,17022.74,28.0,1
TXN-01650,CUST-0164,2024-02-28,Corporate Training,23397.59,22.0,1
TXN-01651,CUST-0062,2024-11-06,Contract Review,4163.12,30.0,1
TXN-01652,CUST-0119,2025-10-09,Annual Subscription,735.53,28.0,1
TXN-01653,CUST-0176,2025-06-07,Patient Consultation,254.55,30.0,1
TXN-01654,CUST-0159,2025-04-19,Executive Coaching,7927.43,35.0,1
TXN-01655,CUST-0037,2024-04-26,Annual Subscription,1482.99,28.0,1
TXN-01656,CUST-0012,2025-04-11,Subscription Box,83.07,20.0,1
TXN-01657,CUST-0057,2025-12-13,PPC Campaign,20989.81,18.0,1
TXN-01658,CUST-0026,2024-05-16,Market Analysis,33071.4,28.0,1
TXN-01659,CUST-0152,2025-09-12,Litigation Support,14594.09,25.0,1
TXN-01660,CUST-0179,2025-09-26,Workshop Ticket,927.58,25.0,1
TXN-01661,CUST-0005,2024-06-26,Social Media Mgmt,9151.42,22.0,1
TXN-01662,CUST-0024,2025-11-27,Website Development,5720.76,25.0,1
TXN-01663,CUST-0146,2025-08-20,PPC Campaign,3454.49,18.0,1
TXN-01664,CUST-0138,2025-10-24,Litigation Support,44230.46,25.0,1
TXN-01665,CUST-0126,2025-12-17,Strategy Session,4800.83,30.0,1
TXN-01666,CUST-0085,2024-09-11,Property Management,5910.03,25.0,1
TXN-01667,CUST-0045,2024-08-18,Property Listing,4988.25,30.0,3
TXN-01668,CUST-0133,2024-07-06,Premium Membership,855.76,18.0,1
TXN-01669,CUST-0045,2024-07-28,Consultation Fee,1001.62,32.0,1
TXN-01670,CUST-0168,2025-10-08,Website Development,52134.33,25.0,1
TXN-01671,CUST-0188,2024-12-03,Course Enrollment,1179.53,20.0,1
TXN-01672,CUST-0190,2025-12-27,Property Management,6983.24,25.0,1
TXN-01673,CUST-0155,2024-11-12,Workshop Ticket,964.42,25.0,1
TXN-01674,CUST-0056,2025-06-09,Retainer,6450.5,28.0,1
TXN-01675,CUST-0107,2024-11-30,Subscription Box,173.86,20.0,3
TXN-01676,CUST-0122,2025-10-01,Litigation Support,41694.37,25.0,1
TXN-01677,CUST-0087,2024-10-04,Premium Membership,375.19,18.0,1
TXN-01678,CUST-0031,2025-02-09,Property Listing,2066.31,30.0,1
TXN-01679,CUST-0095,2024-06-02,Subscription Box,101.77,20.0,1
TXN-01680,CUST-0146,2025-12-17,SEO Package,5135.92,20.0,1
TXN-01681,CUST-0177,2025-06-24,Website Development,11438.04,25.0,1
TXN-01682,CUST-0197,2024-06-14,PPC Campaign,10294.19,18.0,1
TXN-01683,CUST-0157,2024-05-14,SEO Package,3317.87,20.0,1
TXN-01684,CUST-0156,2025-12-26,Annual Subscription,1234.83,45.0,1
TXN-01685,CUST-0018,2025-09-03,Consultation Fee,1974.39,32.0,2
TXN-01686,CUST-0027,2025-04-30,Market Analysis,25167.11,28.0,2
TXN-01687,CUST-0161,2025-12-02,Corporate Training,3745.24,22.0,1
TXN-01688,CUST-0031,2025-04-13,Valuation Report,1159.53,35.0,3
TXN-01689,CUST-0180,2024-11-07,Bulk Order,44063.27,12.0,1
TXN-01690,CUST-0200,2025-08-21,Consultation Fee,1663.26,32.0,2
TXN-01691,CUST-0162,2024-08-19,Corporate Training,5841.57,22.0,1
TXN-01692,CUST-0080,2024-04-05,Enterprise License,48597.78,35.0,1
TXN-01693,CUST-0090,2024-02-24,Process Optimization,13760.21,22.0,1
TXN-01694,CUST-0009,2025-09-27,Litigation Support,78656.15,25.0,1
TXN-01695,CUST-0120,2025-11-14,PPC Campaign,4371.51,18.0,1
TXN-01696,CUST-0125,2024-09-22,PPC Campaign,10492.92,18.0,1
TXN-01697,CUST-0079,2025-06-29,Course Enrollment,1819.37,20.0,1
TXN-01698,CUST-0089,2025-12-23,Executive Coaching,15805.28,35.0,1
TXN-01699,CUST-0090,2024-01-21,Process Optimization,10735.83,22.0,1
TXN-01700,CUST-0050,2024-11-05,Market Analysis,6417.52,28.0,1
TXN-01701,CUST-0159,2025-12-19,Process Optimization,44584.26,22.0,1
TXN-01702,CUST-0189,2025-10-08,Enterprise License,42738.67,35.0,2
TXN-01703,CUST-0105,2025-04-11,Retainer,11715.21,28.0,1
TXN-01704,CUST-0039,2024-08-16,Hourly Consultation,747.27,35.0,1
TXN-01705,CUST-0157,2025-07-12,SEO Package,7057.33,20.0,1
TXN-01706,CUST-0018,2025-08-14,Property Management,7385.09,25.0,3
TXN-01707,CUST-0078,2025-12-25,Property Listing,2288.38,30.0,1
TXN-01708,CUST-0041,2025-02-25,Premium Membership,790.3,18.0,1
TXN-01709,CUST-0110,2025-03-29,PPC Campaign,24841.63,18.0,1
TXN-01710,CUST-0074,2024-12-11,Litigation Support,92043.87,25.0,1
TXN-01711,CUST-0109,2025-11-03,SEO Package,9041.19,20.0,1
TXN-01712,CUST-0065,2024-12-18,Subscription Box,85.69,20.0,1
TXN-01713,CUST-0007,2024-06-10,Social Media Mgmt,11225.68,22.0,1
TXN-01714,CUST-0161,2025-10-15,Workshop Ticket,983.33,25.0,1
TXN-01715,CUST-0158,2025-07-09,Bulk Order,40121.17,12.0,2
TXN-01716,CUST-0012,2025-02-24,Subscription Box,155.75,20.0,1
TXN-01717,CUST-0183,2024-03-02,Annual Subscription,4160.77,28.0,1
TXN-01718,CUST-0138,2025-02-04,Litigation Support,50143.01,25.0,1
TXN-01719,CUST-0133,2024-06-16,Premium Membership,918.35,18.0,1
TXN-01720,CUST-0092,2025-02-24,Retainer,17583.06,28.0,1
TXN-01721,CUST-0082,2025-10-31,Executive Coaching,16026.89,35.0,1
TXN-01722,CUST-0013,2024-06-16,PPC Campaign,13554.43,18.0,1
TXN-01723,CUST-0142,2025-12-20,SEO Package,4096.79,20.0,1
TXN-01724,CUST-0061,2025-06-09,Process Optimization,11963.0,22.0,1
TXN-01725,CUST-0081,2025-02-27,Annual Subscription,2787.73,45.0,1
TXN-01726,CUST-0161,2025-10-15,Workshop Ticket,1077.26,25.0,1
TXN-01727,CUST-0113,2024-06-23,Implementation Fee,2959.14,20.0,1
TXN-01728,CUST-0064,2025-11-23,Wellness Program,3923.17,25.0,1
TXN-01729,CUST-0097,2025-09-27,Strategy Session,11150.59,30.0,1
TXN-01730,CUST-0091,2024-12-18,Website Development,8382.91,25.0,1
TXN-01731,CUST-0094,2025-12-03,Monthly Subscription,283.29,40.0,2
TXN-01732,CUST-0195,2025-12-27,Product Sale,378.99,15.0,1
TXN-01733,CUST-0182,2025-01-23,Hourly Consultation,1897.21,35.0,1
TXN-01734,CUST-0012,2025-09-09,Bulk Order,44591.85,12.0,1
TXN-01735,CUST-0109,2025-10-26,SEO Package,5633.98,20.0,1
TXN-01736,CUST-0123,2025-12-15,SEO Package,8444.52,20.0,1
TXN-01737,CUST-0129,2025-12-20,Hourly Consultation,767.1,35.0,1
TXN-01738,CUST-0162,2025-04-07,Workshop Ticket,1715.09,25.0,1
TXN-01739,CUST-0191,2025-01-04,Course Enrollment,356.96,20.0,1
TXN-01740,CUST-0175,2025-06-10,Wellness Program,5406.25,25.0,2
TXN-01741,CUST-0039,2024-06-05,Retainer,25834.79,28.0,2
TXN-01742,CUST-0045,2024-07-22,Valuation Report,3000.6,35.0,1
TXN-01743,CUST-0018,2025-11-28,Property Listing,4272.36,30.0,1
TXN-01744,CUST-0099,2025-06-14,Retainer,12556.38,28.0,1
TXN-01745,CUST-0193,2024-06-19,Executive Coaching,3547.34,35.0,1
TXN-01746,CUST-0175,2025-04-25,Patient Consultation,256.46,30.0,1
TXN-01747,CUST-0019,2025-07-05,Property Listing,3067.48,30.0,1
TXN-01748,CUST-0111,2025-08-15,Implementation Fee,15230.04,20.0,1
TXN-01749,CUST-0069,2025-10-20,Product Sale,289.99,15.0,1
TXN-01750,CUST-0149,2025-10-20,Product Sale,358.68,15.0,1
TXN-01751,CUST-0056,2025-01-07,Litigation Support,6622.45,25.0,2
TXN-01752,CUST-0124,2025-03-02,Valuation Report,4348.15,35.0,1
TXN-01753,CUST-0143,2024-09-14,Property Listing,4837.53,30.0,1
TXN-01754,CUST-0022,2024-08-05,Annual Subscription,2933.85,28.0,2
TXN-01755,CUST-0040,2025-01-01,Wellness Program,9033.15,25.0,1
TXN-01756,CUST-0143,2025-08-10,Property Listing,2777.25,30.0,1
TXN-01757,CUST-0113,2024-09-29,Monthly Subscription,330.89,40.0,1
TXN-01758,CUST-0090,2024-06-07,Market Analysis,13258.45,28.0,1
TXN-01759,CUST-0038,2025-11-06,Annual Subscription,3921.18,45.0,1
TXN-01760,CUST-0165,2025-10-30,SEO Package,6686.9,20.0,1
TXN-01761,CUST-0109,2025-09-30,Social Media Mgmt,11447.34,22.0,2
TXN-01762,CUST-0163,2025-07-13,Process Optimization,25259.76,22.0,1
TXN-01763,CUST-0171,2025-12-06,Valuation Report,1284.4,35.0,1
TXN-01764,CUST-0150,2025-10-14,Corporate Health,55270.31,22.0,1
TXN-01765,CUST-0197,2024-09-01,Website Development,34307.52,25.0,1
TXN-01766,CUST-0096,2025-03-13,Process Optimization,16101.53,22.0,1
TXN-01767,CUST-0145,2025-08-19,Implementation Fee,9531.13,20.0,1
TXN-01768,CUST-0051,2025-04-11,Implementation Fee,18800.78,20.0,1
TXN-01769,CUST-0123,2025-10-10,SEO Package,5403.73,20.0,1
TXN-01770,CUST-0183,2025-08-30,Workshop Ticket,245.57,25.0,1
TXN-01771,CUST-0011,2024-07-04,Social Media Mgmt,3265.66,22.0,1
TXN-01772,CUST-0163,2025-01-20,Strategy Session,7353.28,30.0,1
TXN-01773,CUST-0074,2025-07-31,Hourly Consultation,1715.06,35.0,1
TXN-01774,CUST-0133,2024-05-25,Product Sale,278.32,15.0,1
TXN-01775,CUST-0167,2025-11-22,PPC Campaign,11722.25,18.0,1
TXN-01776,CUST-0164,2024-03-23,Annual Subscription,2744.16,28.0,1
TXN-01777,CUST-0157,2024-12-30,PPC Campaign,5296.24,18.0,1
TXN-01778,CUST-0141,2024-10-24,Executive Coaching,11168.83,35.0,1
TXN-01779,CUST-0198,2025-12-01,Strategy Session,6539.88,30.0,1
TXN-01780,CUST-0125,2024-06-24,Website Development,16282.48,25.0,1
TXN-01781,CUST-0024,2025-08-31,SEO Package,4559.35,20.0,1
TXN-01782,CUST-0114,2025-09-14,Strategy Session,12350.69,30.0,1
TXN-01783,CUST-0047,2024-11-17,Bulk Order,41592.84,12.0,1
TXN-01784,CUST-0193,2024-04-11,Executive Coaching,6977.73,35.0,3
TXN-01785,CUST-0043,2025-10-04,Premium Membership,1014.85,18.0,1
TXN-01786,CUST-0018,2025-11-29,Property Listing,998.54,30.0,1
TXN-01787,CUST-0163,2024-09-04,Strategy Session,6956.82,30.0,1
TXN-01788,CUST-0010,2024-11-17,Annual Subscription,3736.73,45.0,1
TXN-01789,CUST-0177,2025-11-13,SEO Package,3174.78,20.0,1
TXN-01790,CUST-0051,2025-01-25,Implementation Fee,9646.63,20.0,1
TXN-01791,CUST-0049,2025-05-30,Enterprise License,14011.63,35.0,2
TXN-01792,CUST-0186,2025-06-22,Website Development,44816.41,25.0,1
TXN-01793,CUST-0037,2024-03-31,Course Enrollment,1713.15,20.0,1
TXN-01794,CUST-0016,2024-02-10,Litigation Support,49172.11,25.0,1
TXN-01795,CUST-0169,2025-01-25,Strategy Session,13693.93,30.0,1
TXN-01796,CUST-0093,2025-08-02,Property Management,9981.12,25.0,1
TXN-01797,CUST-0052,2024-03-27,Valuation Report,5407.47,35.0,1
TXN-01798,CUST-0169,2025-12-11,Strategy Session,11813.9,30.0,1
TXN-01799,CUST-0164,2024-03-30,Workshop Ticket,1417.89,25.0,1
TXN-01800,CUST-0148,2025-06-24,Subscription Box,178.43,20.0,2
TXN-01801,CUST-0162,2025-10-19,Annual Subscription,968.02,28.0,1
TXN-01802,CUST-0150,2025-08-15,Patient Consultation,160.97,30.0,1
TXN-01803,CUST-0173,2025-07-17,Social Media Mgmt,6889.77,22.0,1
TXN-01804,CUST-0046,2024-05-21,SEO Package,3632.78,20.0,1
TXN-01805,CUST-0087,2024-08-11,Subscription Box,191.67,20.0,1
TXN-01806,CUST-0101,2024-09-13,Consultation Fee,1741.6,32.0,1
TXN-01807,CUST-0192,2024-12-06,Enterprise License,41492.76,35.0,1
TXN-01808,CUST-0005,2025-02-07,PPC Campaign,13775.54,18.0,1
TXN-01809,CUST-0137,2024-06-23,Property Management,4890.82,25.0,1
TXN-01810,CUST-0191,2024-12-29,Course Enrollment,527.87,20.0,1
TXN-01811,CUST-0149,2025-07-10,Premium Membership,435.58,18.0,1
TXN-01812,CUST-0167,2024-12-23,Website Development,15564.4,25.0,1
TXN-01813,CUST-0016,2024-05-25,Hourly Consultation,1067.15,35.0,1
TXN-01814,CUST-0058,2024-08-16,PPC Campaign,17907.71,18.0,1
TXN-01815,CUST-0004,2024-04-12,SEO Package,6710.41,20.0,1
TXN-01816,CUST-0058,2025-06-03,Website Development,41009.34,25.0,1
TXN-01817,CUST-0037,2024-03-18,Corporate Training,8390.27,22.0,1
TXN-01818,CUST-0034,2025-06-14,Retainer,21138.36,28.0,1
TXN-01819,CUST-0005,2025-08-18,Social Media Mgmt,10363.61,22.0,1
TXN-01820,CUST-0115,2025-07-13,Property Listing,686.33,30.0,1
TXN-01821,CUST-0054,2024-09-28,Valuation Report,4971.11,35.0,1
TXN-01822,CUST-0041,2025-12-30,Bulk Order,39386.33,12.0,1
TXN-01823,CUST-0060,2024-12-14,Consultation Fee,2950.21,32.0,1
TXN-01824,CUST-0126,2025-09-16,Market Analysis,13973.99,28.0,1
TXN-01825,CUST-0030,2025-02-14,Social Media Mgmt,3652.18,22.0,1
TXN-01826,CUST-0109,2025-11-14,PPC Campaign,18157.96,18.0,1
TXN-01827,CUST-0001,2025-07-19,Bulk Order,37900.92,12.0,1
TXN-01828,CUST-0137,2024-04-24,Property Management,10518.61,25.0,1
TXN-01829,CUST-0082,2025-10-09,Executive Coaching,8216.27,35.0,1
TXN-01830,CUST-0123,2025-10-03,Website Development,38883.43,25.0,1
TXN-01831,CUST-0066,2025-11-20,Enterprise License,6971.52,35.0,1
TXN-01832,CUST-0008,2024-11-16,SEO Package,4909.07,20.0,1
TXN-01833,CUST-0018,2025-05-05,Property Listing,1317.95,30.0,1
TXN-01834,CUST-0036,2024-06-14,Monthly Subscription,306.2,40.0,1
TXN-01835,CUST-0126,2025-10-10,Process Optimization,63547.61,22.0,1
TXN-01836,CUST-0138,2024-04-09,Contract Review,6449.16,30.0,2
TXN-01837,CUST-0049,2025-03-11,Implementation Fee,11123.79,20.0,1
TXN-01838,CUST-0029,2025-08-05,Wellness Program,11105.71,25.0,1
TXN-01839,CUST-0172,2024-07-01,Implementation Fee,13028.79,20.0,1
TXN-01840,CUST-0007,2024-09-09,Social Media Mgmt,2220.06,22.0,1
TXN-01841,CUST-0025,2025-07-29,Telemedicine Plan,2639.0,28.0,1
TXN-01842,CUST-0081,2025-06-14,Monthly Subscription,323.43,40.0,1
TXN-01843,CUST-0094,2024-10-26,Monthly Subscription,224.29,40.0,1
TXN-01844,CUST-0082,2025-10-06,Strategy Session,8386.59,30.0,1
TXN-01845,CUST-0076,2025-12-09,Enterprise License,11149.87,35.0,1
TXN-01846,CUST-0011,2024-12-10,PPC Campaign,12982.57,18.0,1
TXN-01847,CUST-0193,2025-03-23,Process Optimization,8952.58,22.0,1
TXN-01848,CUST-0027,2024-01-29,Process Optimization,39186.66,22.0,1
TXN-01849,CUST-0150,2024-12-27,Patient Consultation,320.95,30.0,1
TXN-01850,CUST-0199,2025-05-08,SEO Package,5892.78,20.0,1
TXN-01851,CUST-0074,2024-10-01,Hourly Consultation,2228.53,35.0,1
TXN-01852,CUST-0101,2025-01-07,Property Management,8305.65,25.0,1
TXN-01853,CUST-0185,2025-12-05,Implementation Fee,18305.06,20.0,1
TXN-01854,CUST-0198,2025-06-19,Executive Coaching,4507.78,35.0,1
TXN-01855,CUST-0177,2025-07-11,PPC Campaign,19075.78,18.0,1
TXN-01856,CUST-0053,2025-04-18,Monthly Subscription,414.73,40.0,1
TXN-01857,CUST-0035,2024-05-14,Course Enrollment,2075.76,20.0,1
TXN-01858,CUST-0168,2025-02-16,Website Development,36258.19,25.0,1
TXN-01859,CUST-0128,2025-01-29,Social Media Mgmt,10085.58,22.0,1
TXN-01860,CUST-0028,2024-11-01,Course Enrollment,1643.71,20.0,1
TXN-01861,CUST-0031,2024-05-30,Valuation Report,5737.71,35.0,1
TXN-01862,CUST-0176,2024-12-19,Corporate Health,24211.08,22.0,1
TXN-01863,CUST-0080,2024-10-21,Monthly Subscription,43.48,40.0,1
TXN-01864,CUST-0064,2025-11-27,Telemedicine Plan,2274.91,28.0,1
TXN-01865,CUST-0190,2025-12-25,Consultation Fee,1763.29,32.0,1
TXN-01866,CUST-0167,2025-10-16,PPC Campaign,7693.84,18.0,1
TXN-01867,CUST-0042,2025-07-30,Property Listing,5544.23,30.0,1
TXN-01868,CUST-0194,2024-08-11,Annual Subscription,3469.86,45.0,1
TXN-01869,CUST-0089,2025-12-17,Market Analysis,28641.31,28.0,1
TXN-01870,CUST-0162,2025-01-12,Annual Subscription,1102.53,28.0,1
TXN-01871,CUST-0058,2025-04-18,SEO Package,3668.58,20.0,1
TXN-01872,CUST-0180,2025-01-28,Subscription Box,73.6,20.0,1
TXN-01873,CUST-0187,2025-04-28,Corporate Training,27777.23,22.0,1
TXN-01874,CUST-0007,2024-09-12,Social Media Mgmt,7538.95,22.0,1
TXN-01875,CUST-0112,2024-05-27,Process Optimization,57476.05,22.0,1
TXN-01876,CUST-0179,2025-05-24,Annual Subscription,947.04,28.0,3
TXN-01877,CUST-0054,2025-05-30,Property Management,8717.54,25.0,1
TXN-01878,CUST-0155,2025-06-02,Course Enrollment,948.76,20.0,1
TXN-01879,CUST-0072,2024-11-13,Property Management,3656.25,25.0,1
TXN-01880,CUST-0086,2024-10-15,Implementation Fee,5125.33,20.0,1
TXN-01881,CUST-0172,2025-04-18,Enterprise License,18008.82,35.0,1
TXN-01882,CUST-0181,2024-05-02,Annual Subscription,1666.07,28.0,1
TXN-01883,CUST-0125,2024-12-11,Social Media Mgmt,5508.34,22.0,1
TXN-01884,CUST-0131,2024-01-31,Implementation Fee,16561.6,20.0,1
TXN-01885,CUST-0099,2025-03-16,Hourly Consultation,3080.43,35.0,1
TXN-01886,CUST-0073,2025-04-18,Social Media Mgmt,7240.56,22.0,1
TXN-01887,CUST-0121,2025-10-16,Litigation Support,61212.44,25.0,1
TXN-01888,CUST-0137,2024-07-02,Property Management,1172.19,25.0,1
TXN-01889,CUST-0033,2025-04-02,Bulk Order,9840.44,12.0,1
TXN-01890,CUST-0017,2024-04-26,Market Analysis,14577.17,28.0,1
TXN-01891,CUST-0101,2024-06-20,Consultation Fee,1439.09,32.0,1
TXN-01892,CUST-0199,2024-09-07,Website Development,15862.89,25.0,1
TXN-01893,CUST-0035,2024-05-26,Workshop Ticket,869.34,25.0,1
TXN-01894,CUST-0013,2024-06-08,Social Media Mgmt,2404.46,22.0,1
TXN-01895,CUST-0116,2024-11-17,Product Sale,169.09,15.0,1
TXN-01896,CUST-0015,2024-11-27,Implementation Fee,6062.21,20.0,1
TXN-01897,CUST-0047,2025-01-13,Premium Membership,252.63,18.0,1
TXN-01898,CUST-0098,2024-09-18,Retainer,7250.1,28.0,1
TXN-01899,CUST-0193,2025-06-03,Process Optimization,9981.55,22.0,1
TXN-01900,CUST-0151,2025-09-14,Retainer,13816.45,28.0,1
TXN-01901,CUST-0025,2025-10-29,Telemedicine Plan,2034.0,28.0,1
TXN-01902,CUST-0180,2025-08-19,Bulk Order,14599.73,12.0,1
TXN-01903,CUST-0184,2024-07-13,Annual Subscription,1383.3,45.0,1
TXN-01904,CUST-0058,2024-03-29,Social Media Mgmt,3140.73,22.0,2
TXN-01905,CUST-0112,2025-05-23,Process Optimization,14663.73,22.0,1
TXN-01906,CUST-0012,2025-09-16,Subscription Box,194.12,20.0,1
TXN-01907,CUST-0176,2025-02-19,Corporate Health,27744.38,22.0,1
TXN-01908,CUST-0141,2024-11-04,Process Optimization,56013.46,22.0,1
TXN-01909,CUST-0148,2025-08-17,Subscription Box,81.45,20.0,1
TXN-01910,CUST-0023,2024-02-28,Retainer,26281.65,28.0,1
TXN-01911,CUST-0134,2024-08-26,Social Media Mgmt,4485.65,22.0,1
TXN-01912,CUST-0103,2025-02-10,Litigation Support,49253.4,25.0,1
TXN-01913,CUST-0163,2024-08-02,Executive Coaching,21030.59,35.0,1
TXN-01914,CUST-0026,2025-10-16,Market Analysis,14701.32,28.0,1
TXN-01915,CUST-0018,2025-12-12,Valuation Report,5497.53,35.0,1
TXN-01916,CUST-0154,2025-12-10,PPC Campaign,27826.28,18.0,1
TXN-01917,CUST-0119,2025-01-17,Corporate Training,19867.11,22.0,1
TXN-01918,CUST-0058,2024-11-16,PPC Campaign,25188.36,18.0,1
TXN-01919,CUST-0071,2024-05-25,Social Media Mgmt,3342.54,22.0,1
TXN-01920,CUST-0054,2024-09-27,Property Listing,3161.5,30.0,1
TXN-01921,CUST-0191,2024-08-05,Workshop Ticket,448.92,25.0,1
TXN-01922,CUST-0147,2025-10-20,Market Analysis,23135.79,28.0,1
TXN-01923,CUST-0188,2024-07-03,Course Enrollment,269.44,20.0,1
TXN-01924,CUST-0151,2025-06-04,Retainer,19083.21,28.0,1
TXN-01925,CUST-0025,2025-08-26,Wellness Program,4978.38,25.0,1
TXN-01926,CUST-0103,2024-09-26,Retainer,14479.46,28.0,1
TXN-01927,CUST-0170,2025-12-14,Social Media Mgmt,7116.92,22.0,1
TXN-01928,CUST-0127,2024-05-30,Monthly Subscription,417.37,40.0,1
TXN-01929,CUST-0106,2024-07-19,Annual Subscription,3484.86,28.0,1
TXN-01930,CUST-0090,2024-04-12,Executive Coaching,6702.21,35.0,1
TXN-01931,CUST-0112,2025-03-25,Market Analysis,17727.1,28.0,1
TXN-01932,CUST-0064,2025-12-29,Telemedicine Plan,2683.82,28.0,1
TXN-01933,CUST-0020,2025-02-12,Property Management,2480.82,25.0,1
TXN-01934,CUST-0181,2024-12-13,Corporate Training,21703.84,22.0,2
TXN-01935,CUST-0102,2025-05-25,SEO Package,2110.92,20.0,1
TXN-01936,CUST-0117,2025-05-30,Implementation Fee,23296.89,20.0,1
TXN-01937,CUST-0079,2025-08-29,Annual Subscription,2359.11,28.0,1
TXN-01938,CUST-0064,2025-12-19,Patient Consultation,563.55,30.0,3
TXN-01939,CUST-0143,2024-12-31,Consultation Fee,1487.0,32.0,2
TXN-01940,CUST-0061,2024-12-20,Executive Coaching,4247.52,35.0,1
TXN-01941,CUST-0187,2025-05-20,Annual Subscription,2609.91,28.0,1
TXN-01942,CUST-0114,2025-09-25,Executive Coaching,11769.37,35.0,1
TXN-01943,CUST-0197,2024-08-16,Website Development,20811.42,25.0,1
TXN-01944,CUST-0165,2025-12-09,Social Media Mgmt,9936.85,22.0,1
TXN-01945,CUST-0009,2025-09-08,Hourly Consultation,1303.32,35.0,1
TXN-01946,CUST-0025,2025-09-18,Patient Consultation,90.82,30.0,1
TXN-01947,CUST-0129,2025-12-02,Contract Review,2192.92,30.0,1
TXN-01948,CUST-0126,2025-02-02,Process Optimization,34980.41,22.0,1
TXN-01949,CUST-0009,2025-09-09,Contract Review,6210.66,30.0,1
TXN-01950,CUST-0028,2025-06-13,Course Enrollment,232.81,20.0,1
TXN-01951,CUST-0002,2025-04-27,Bulk Order,2595.73,12.0,1
TXN-01952,CUST-0124,2024-10-08,Valuation Report,3094.86,35.0,2
TXN-01953,CUST-0012,2025-04-07,Bulk Order,1358.0,12.0,1
TXN-01954,CUST-0137,2024-04-12,Property Listing,1288.01,30.0,1
TXN-01955,CUST-0054,2025-04-12,Property Listing,2962.33,30.0,1
TXN-01956,CUST-0025,2024-11-20,Patient Consultation,369.18,30.0,1
TXN-01957,CUST-0099,2025-03-29,Litigation Support,92629.15,25.0,1
TXN-01958,CUST-0019,2025-07-02,Property Management,8634.16,25.0,1
TXN-01959,CUST-0015,2025-05-22,Annual Subscription,3775.51,45.0,1
TXN-01960,CUST-0097,2025-09-15,Executive Coaching,5281.91,35.0,1
TXN-01961,CUST-0129,2025-12-09,Litigation Support,88585.36,25.0,1
TXN-01962,CUST-0068,2024-04-05,Bulk Order,2097.89,12.0,2
TXN-01963,CUST-0012,2025-11-21,Bulk Order,15957.21,12.0,1
TXN-01964,CUST-0040,2025-08-21,Wellness Program,1971.3,25.0,1
TXN-01965,CUST-0050,2025-05-24,Process Optimization,38680.34,22.0,1
TXN-01966,CUST-0004,2025-11-03,Website Development,32265.61,25.0,1
TXN-01967,CUST-0009,2025-11-27,Retainer,7344.16,28.0,1
TXN-01968,CUST-0053,2025-04-19,Monthly Subscription,247.77,40.0,1
TXN-01969,CUST-0012,2025-05-13,Premium Membership,241.47,18.0,1
TXN-01970,CUST-0136,2025-06-10,Consultation Fee,1154.06,32.0,1
TXN-01971,CUST-0048,2024-11-21,Website Development,37701.33,25.0,1
TXN-01972,CUST-0159,2025-12-20,Strategy Session,5033.01,30.0,1
TXN-01973,CUST-0109,2025-11-30,SEO Package,5536.61,20.0,1
TXN-01974,CUST-0049,2025-06-17,Enterprise License,54813.21,35.0,1
TXN-01975,CUST-0125,2025-04-07,Social Media Mgmt,13090.41,22.0,1
TXN-01976,CUST-0093,2025-12-02,Valuation Report,3724.67,35.0,1
TXN-01977,CUST-0127,2024-10-15,Implementation Fee,4997.07,20.0,1
TXN-01978,CUST-0049,2025-08-10,Annual Subscription,863.38,45.0,1
TXN-01979,CUST-0002,2025-10-15,Bulk Order,38803.41,12.0,1
TXN-01980,CUST-0168,2025-06-20,Social Media Mgmt,11200.64,22.0,1
TXN-01981,CUST-0187,2025-10-02,Annual Subscription,1552.04,28.0,1
TXN-01982,CUST-0135,2025-08-28,Product Sale,223.63,15.0,1
TXN-01983,CUST-0054,2025-01-05,Consultation Fee,2404.35,32.0,1
TXN-01984,CUST-0004,2024-11-04,PPC Campaign,20043.09,18.0,1
TXN-01985,CUST-0088,2025-09-16,Social Media Mgmt,9466.42,22.0,1
TXN-01986,CUST-0170,2025-06-03,Website Development,8447.46,25.0,1
TXN-01987,CUST-0193,2025-06-29,Process Optimization,31133.94,22.0,1
TXN-01988,CUST-0026,2025-08-11,Strategy Session,10753.48,30.0,1
TXN-01989,CUST-0103,2025-02-14,Hourly Consultation,364.02,35.0,2
TXN-01990,CUST-0156,2025-12-26,Monthly Subscription,417.62,40.0,1
TXN-01991,CUST-0122,2025-09-05,Litigation Support,23108.0,25.0,1
TXN-01992,CUST-0190,2025-12-01,Property Listing,600.14,30.0,1
TXN-01993,CUST-0127,2024-08-20,Annual Subscription,441.14,45.0,1
TXN-01994,CUST-0069,2025-12-18,Subscription Box,33.18,20.0,1
TXN-01995,CUST-0034,2025-10-31,Contract Review,2787.5,30.0,1
TXN-01996,CUST-0083,2025-12-13,Market Analysis,8728.42,28.0,1
TXN-01997,CUST-0046,2025-11-01,Social Media Mgmt,4958.08,22.0,1
TXN-01998,CUST-0164,2024-05-09,Annual Subscription,4362.83,28.0,1
TXN-01999,CUST-0163,2024-12-23,Executive Coaching,13378.77,35.0,1
TXN-02000,CUST-0054,2025-07-06,Property Management,7901.07,25.0,1
TXN-02001,CUST-0083,2025-12-16,Executive Coaching,18259.66,35.0,1
TXN-02002,CUST-0185,2025-12-17,Annual Subscription,2629.3,45.0,1
TXN-02003,CUST-0089,2025-12-27,Market Analysis,23038.16,28.0,1
TXN-02004,CUST-0015,2024-10-09,Implementation Fee,14519.1,20.0,3
TXN-02005,CUST-0188,2025-03-01,Annual Subscription,1822.93,28.0,1
TXN-02006,CUST-0119,2025-01-30,Course Enrollment,1864.0,20.0,1
TXN-02007,CUST-0025,2025-06-30,Wellness Program,4895.19,25.0,1
TXN-02008,CUST-0132,2025-02-20,PPC Campaign,25714.2,18.0,1
TXN-02009,CUST-0057,2025-12-23,PPC Campaign,16587.44,18.0,1
TXN-02010,CUST-0010,2025-03-08,Implementation Fee,3562.49,20.0,1
TXN-02011,CUST-0183,2024-11-21,Course Enrollment,696.26,20.0,1
TXN-02012,CUST-0195,2025-02-06,Subscription Box,229.77,20.0,1
TXN-02013,CUST-0068,2024-03-16,Subscription Box,114.04,20.0,1
TXN-02014,CUST-0134,2025-10-26,Social Media Mgmt,6691.58,22.0,1
TXN-02015,CUST-0029,2025-08-18,Patient Consultation,358.08,30.0,2
TXN-02016,CUST-0086,2024-08-25,Monthly Subscription,152.54,40.0,1
TXN-02017,CUST-0044,2024-12-21,Contract Review,6907.1,30.0,1
TXN-02018,CUST-0028,2024-11-06,Corporate Training,28543.39,22.0,1
TXN-02019,CUST-0152,2025-08-09,Litigation Support,70181.03,25.0,1
TXN-02020,CUST-0059,2025-03-05,Wellness Program,8707.4,25.0,1
TXN-02021,CUST-0167,2025-02-17,PPC Campaign,9477.8,18.0,1
TXN-02022,CUST-0007,2024-07-14,Website Development,51951.45,25.0,1
TXN-02023,CUST-0006,2024-06-06,Corporate Training,17884.66,22.0,1
TXN-02024,CUST-0136,2025-06-16,Consultation Fee,578.79,32.0,1
TXN-02025,CUST-0033,2024-11-17,Premium Membership,1022.6,18.0,1
TXN-02026,CUST-0082,2025-12-14,Executive Coaching,7987.83,35.0,1
TXN-02027,CUST-0198,2024-11-30,Executive Coaching,23436.97,35.0,1
TXN-02028,CUST-0149,2024-10-13,Product Sale,371.8,15.0,1
TXN-02029,CUST-0116,2024-11-05,Premium Membership,753.23,18.0,1
TXN-02030,CUST-0108,2025-10-10,Corporate Training,7167.46,22.0,3
TXN-02031,CUST-0080,2025-09-10,Implementation Fee,10111.05,20.0,1
TXN-02032,CUST-0068,2025-06-22,Subscription Box,132.58,20.0,1
TXN-02033,CUST-0047,2025-06-06,Premium Membership,117.74,18.0,1
TXN-02034,CUST-0077,2025-12-25,Patient Consultation,323.48,30.0,1
TXN-02035,CUST-0074,2025-10-29,Contract Review,4971.36,30.0,1
TXN-02036,CUST-0185,2025-12-24,Enterprise License,32521.11,35.0,1
TXN-02037,CUST-0146,2024-08-21,Website Development,24772.75,25.0,2
TXN-02038,CUST-0155,2024-10-01,Workshop Ticket,1220.1,25.0,1
TXN-02039,CUST-0033,2024-10-18,Premium Membership,608.8,18.0,1
TXN-02040,CUST-0130,2025-08-21,Strategy Session,3833.35,30.0,1
TXN-02041,CUST-0200,2025-12-15,Property Management,8582.16,25.0,2
TXN-02042,CUST-0118,2025-09-16,Premium Membership,438.07,18.0,1
TXN-02043,CUST-0092,2025-01-08,Contract Review,7394.4,30.0,1
TXN-02044,CUST-0179,2025-08-12,Annual Subscription,2097.59,28.0,1
TXN-02045,CUST-0174,2025-10-15,Consultation Fee,3003.15,32.0,1
TXN-02046,CUST-0037,2024-04-19,Workshop Ticket,255.33,25.0,1
TXN-02047,CUST-0194,2025-11-28,Implementation Fee,10224.55,20.0,1
TXN-02048,CUST-0079,2025-07-19,Annual Subscription,2660.25,28.0,2
TXN-02049,CUST-0179,2025-08-21,Workshop Ticket,847.2,25.0,1
TXN-02050,CUST-0052,2024-04-01,Consultation Fee,2404.4,32.0,1
TXN-02051,CUST-0019,2025-09-17,Property Management,1356.57,25.0,1
TXN-02052,CUST-0128,2025-03-23,SEO Package,3477.28,20.0,1
TXN-02053,CUST-0169,2025-12-20,Executive Coaching,16025.72,35.0,1
TXN-02054,CUST-0176,2025-04-01,Telemedicine Plan,1862.47,28.0,1
TXN-02055,CUST-0139,2025-02-21,Workshop Ticket,309.63,25.0,1
TXN-02056,CUST-0139,2024-05-25,Workshop Ticket,322.55,25.0,1
TXN-02057,CUST-0142,2025-12-08,Social Media Mgmt,9228.56,22.0,1
TXN-02058,CUST-0038,2024-09-22,Implementation Fee,14318.74,20.0,1
TXN-02059,CUST-0082,2025-10-01,Strategy Session,7068.64,30.0,1
TXN-02060,CUST-0001,2024-08-12,Premium Membership,771.91,18.0,2
TXN-02061,CUST-0008,2024-12-19,Website Development,27330.36,25.0,1
TXN-02062,CUST-0084,2025-05-29,Bulk Order,23849.49,12.0,1
TXN-02063,CUST-0189,2024-03-08,Annual Subscription,2870.4,45.0,1
TXN-02064,CUST-0132,2025-08-06,SEO Package,6934.54,20.0,1
TXN-02065,CUST-0165,2025-11-14,PPC Campaign,5832.46,18.0,1
TXN-02066,CUST-0190,2025-12-25,Consultation Fee,1515.89,32.0,1
TXN-02067,CUST-0035,2025-10-24,Annual Subscription,649.43,28.0,1
TXN-02068,CUST-0183,2024-10-10,Annual Subscription,4283.87,28.0,1
TXN-02069,CUST-0178,2024-12-28,PPC Campaign,10178.42,18.0,1
TXN-02070,CUST-0189,2024-02-28,Implementation Fee,9229.96,20.0,1
TXN-02071,CUST-0069,2025-11-11,Bulk Order,29900.8,12.0,1
TXN-02072,CUST-0115,2024-11-04,Property Management,11183.99,25.0,1
TXN-02073,CUST-0058,2024-05-06,Website Development,18807.35,25.0,1
TXN-02074,CUST-0033,2025-03-19,Product Sale,222.28,15.0,1
TXN-02075,CUST-0098,2025-02-05,Contract Review,1797.9,30.0,1
TXN-02076,CUST-0046,2024-05-08,Social Media Mgmt,7837.5,22.0,1
TXN-02077,CUST-0024,2025-09-01,Website Development,44295.44,25.0,1
TXN-02078,CUST-0174,2025-02-01,Valuation Report,3716.65,35.0,1
TXN-02079,CUST-0053,2025-04-11,Annual Subscription,2255.19,45.0,1
TXN-02080,CUST-0183,2024-11-18,Corporate Training,6624.61,22.0,1
TXN-02081,CUST-0002,2025-06-10,Subscription Box,35.71,20.0,1
TXN-02082,CUST-0089,2025-12-06,Executive Coaching,5926.07,35.0,1
TXN-02083,CUST-0061,2024-10-09,Executive Coaching,16597.74,35.0,1
TXN-02084,CUST-0044,2025-04-28,Hourly Consultation,457.61,35.0,1
TXN-02085,CUST-0036,2025-12-10,Monthly Subscription,283.58,40.0,1
TXN-02086,CUST-0006,2024-02-18,Corporate Training,22293.07,22.0,1
TXN-02087,CUST-0144,2024-08-22,Valuation Report,3664.59,35.0,1
TXN-02088,CUST-0121,2025-11-11,Hourly Consultation,2024.18,35.0,1
TXN-02089,CUST-0056,2024-12-20,Retainer,14938.59,28.0,1
TXN-02090,CUST-0038,2024-03-24,Annual Subscription,2610.5,45.0,1
TXN-02091,CUST-0041,2025-07-25,Bulk Order,34183.56,12.0,1
TXN-02092,CUST-0167,2024-11-28,Website Development,35825.87,25.0,1
TXN-02093,CUST-0184,2024-05-03,Annual Subscription,1951.62,45.0,1
TXN-02094,CUST-0129,2025-12-18,Litigation Support,39517.41,25.0,2
TXN-02095,CUST-0160,2024-03-27,Website Development,5657.86,25.0,2
TXN-02096,CUST-0105,2024-12-24,Retainer,16547.41,28.0,1
TXN-02097,CUST-0163,2025-02-15,Process Optimization,10586.97,22.0,1
TXN-02098,CUST-0133,2024-06-27,Premium Membership,103.33,18.0,1
TXN-02099,CUST-0073,2025-04-26,Website Development,34946.08,25.0,1
TXN-02100,CUST-0168,2025-12-11,PPC Campaign,8123.78,18.0,1
TXN-02101,CUST-0083,2025-11-05,Strategy Session,8559.76,30.0,1
TXN-02102,CUST-0150,2025-05-10,Wellness Program,2859.29,25.0,1
TXN-02103,CUST-0161,2025-10-03,Workshop Ticket,648.93,25.0,1
TXN-02104,CUST-0038,2024-04-22,Enterprise License,21737.63,35.0,1
TXN-02105,CUST-0132,2024-10-07,PPC Campaign,13907.46,18.0,1
TXN-02106,CUST-0111,2024-12-16,Annual Subscription,2717.34,45.0,1
TXN-02107,CUST-0052,2024-04-15,Property Management,7767.27,25.0,1
TXN-02108,CUST-0045,2024-07-22,Property Management,7175.75,25.0,1
TXN-02109,CUST-0198,2025-02-18,Market Analysis,9730.96,28.0,1
TXN-02110,CUST-0113,2025-12-18,Monthly Subscription,489.14,40.0,1
TXN-02111,CUST-0052,2024-05-04,Valuation Report,1384.27,35.0,1
TXN-02112,CUST-0079,2024-11-07,Corporate Training,21621.26,22.0,1
TXN-02113,CUST-0027,2025-01-26,Market Analysis,6795.94,28.0,1
TXN-02114,CUST-0085,2024-09-24,Valuation Report,3655.24,35.0,1
TXN-02115,CUST-0083,2025-11-13,Process Optimization,62152.03,22.0,1
TXN-02116,CUST-0115,2025-12-02,Valuation Report,3312.99,35.0,1
TXN-02117,CUST-0005,2025-08-19,Social Media Mgmt,5191.69,22.0,1
TXN-02118,CUST-0177,2025-07-30,Website Development,36299.41,25.0,1
TXN-02119,CUST-0003,2025-08-24,SEO Package,7799.02,20.0,1
TXN-02120,CUST-0161,2025-11-18,Annual Subscription,588.6,28.0,1
TXN-02121,CUST-0075,2024-11-14,Hourly Consultation,1623.66,35.0,1
TXN-02122,CUST-0039,2025-05-24,Litigation Support,34720.49,25.0,2
TXN-02123,CUST-0035,2025-09-02,Workshop Ticket,1096.09,25.0,1
TXN-02124,CUST-0071,2024-05-21,SEO Package,5264.22,20.0,1
TXN-02125,CUST-0176,2025-06-24,Wellness Program,3961.19,25.0,1
TXN-02126,CUST-0007,2024-05-27,SEO Package,3063.56,20.0,1
TXN-02127,CUST-0150,2025-04-28,Telemedicine Plan,1845.46,28.0,1
TXN-02128,CUST-0065,2025-11-15,Subscription Box,90.88,20.0,1
TXN-02129,CUST-0008,2025-07-23,PPC Campaign,22838.11,18.0,1
TXN-02130,CUST-0199,2025-05-04,PPC Campaign,17493.22,18.0,1
TXN-02131,CUST-0099,2025-10-09,Contract Review,2438.37,30.0,1
TXN-02132,CUST-0179,2024-05-23,Corporate Training,19929.63,22.0,1
TXN-02133,CUST-0151,2024-12-07,Retainer,23998.27,28.0,3
TXN-02134,CUST-0025,2025-04-23,Corporate Health,33832.49,22.0,1
TXN-02135,CUST-0078,2024-07-10,Consultation Fee,1605.81,32.0,1
TXN-02136,CUST-0197,2024-08-26,Website Development,29496.31,25.0,2
TXN-02137,CUST-0128,2024-10-30,Website Development,20754.96,25.0,1
TXN-02138,CUST-0056,2025-11-12,Retainer,5001.97,28.0,2
TXN-02139,CUST-0051,2024-11-07,Enterprise License,22026.46,35.0,1
TXN-02140,CUST-0014,2025-05-02,Valuation Report,1050.71,35.0,1
TXN-02141,CUST-0148,2025-07-24,Bulk Order,51804.04,12.0,1
TXN-02142,CUST-0029,2025-04-05,Corporate Health,32013.7,22.0,1
TXN-02143,CUST-0087,2025-03-23,Premium Membership,700.34,18.0,1
TXN-02144,CUST-0038,2025-11-26,Monthly Subscription,390.83,40.0,1
TXN-02145,CUST-0152,2025-08-03,Hourly Consultation,1219.73,35.0,1
TXN-02146,CUST-0150,2025-12-11,Corporate Health,50626.16,22.0,1
TXN-02147,CUST-0194,2024-08-18,Enterprise License,17420.03,35.0,1
TXN-02148,CUST-0050,2025-05-23,Strategy Session,14765.35,30.0,1
TXN-02149,CUST-0084,2025-12-25,Bulk Order,39005.89,12.0,1
TXN-02150,CUST-0143,2024-12-10,Property Management,5532.84,25.0,1
TXN-02151,CUST-0121,2025-06-30,Retainer,16603.33,28.0,1
TXN-02152,CUST-0013,2024-06-03,SEO Package,5588.9,20.0,3
TXN-02153,CUST-0185,2025-12-21,Implementation Fee,14827.57,20.0,1
TXN-02154,CUST-0140,2025-07-05,Valuation Report,3768.09,35.0,1
TXN-02155,CUST-0101,2025-05-24,Valuation Report,5029.43,35.0,1
TXN-02156,CUST-0051,2025-08-05,Enterprise License,26284.98,35.0,1
TXN-02157,CUST-0067,2025-11-05,Social Media Mgmt,2166.74,22.0,1
TXN-02158,CUST-0134,2025-11-22,SEO Package,4110.36,20.0,1
TXN-02159,CUST-0102,2024-09-26,PPC Campaign,7261.79,18.0,3
TXN-02160,CUST-0118,2025-12-13,Premium Membership,796.63,18.0,1
TXN-02161,CUST-0058,2025-02-10,Website Development,35189.2,25.0,1
TXN-02162,CUST-0137,2024-03-02,Property Listing,3165.16,30.0,1
TXN-02163,CUST-0060,2024-07-04,Property Listing,980.75,30.0,1
TXN-02164,CUST-0141,2025-11-10,Executive Coaching,22840.23,35.0,1
TXN-02165,CUST-0069,2025-11-24,Product Sale,365.22,15.0,1
TXN-02166,CUST-0007,2024-08-29,Website Development,31123.54,25.0,1
TXN-02167,CUST-0001,2024-07-08,Subscription Box,134.17,20.0,1
TXN-02168,CUST-0024,2025-12-15,PPC Campaign,22564.09,18.0,1
TXN-02169,CUST-0038,2025-10-17,Implementation Fee,6822.77,20.0,1
TXN-02170,CUST-0103,2025-06-20,Hourly Consultation,2537.54,35.0,1
TXN-02171,CUST-0125,2025-11-02,PPC Campaign,21038.38,18.0,1
TXN-02172,CUST-0152,2025-10-28,Contract Review,7513.54,30.0,1
TXN-02173,CUST-0130,2025-11-26,Market Analysis,6166.15,28.0,1
TXN-02174,CUST-0140,2025-06-20,Valuation Report,2582.39,35.0,1
TXN-02175,CUST-0109,2025-11-11,SEO Package,3369.94,20.0,1
TXN-02176,CUST-0148,2025-12-17,Premium Membership,204.08,18.0,1
TXN-02177,CUST-0037,2024-05-09,Course Enrollment,1013.24,20.0,2
TXN-02178,CUST-0073,2025-01-19,Social Media Mgmt,4950.32,22.0,2
TXN-02179,CUST-0065,2025-06-25,Premium Membership,670.3,18.0,1
TXN-02180,CUST-0155,2024-11-12,Course Enrollment,1602.0,20.0,1
TXN-02181,CUST-0077,2025-12-28,Telemedicine Plan,3235.45,28.0,1
TXN-02182,CUST-0052,2024-04-18,Property Management,2937.16,25.0,1
TXN-02183,CUST-0014,2025-10-12,Property Listing,2763.86,30.0,1
TXN-02184,CUST-0185,2025-12-18,Implementation Fee,14432.53,20.0,1
TXN-02185,CUST-0003,2025-08-26,Social Media Mgmt,7317.98,22.0,1
TXN-02186,CUST-0067,2025-12-02,SEO Package,3871.7,20.0,1
TXN-02187,CUST-0042,2025-11-17,Consultation Fee,1526.61,32.0,1
TXN-02188,CUST-0176,2025-05-10,Patient Consultation,134.15,30.0,1
TXN-02189,CUST-0118,2025-05-01,Product Sale,362.2,15.0,1
TXN-02190,CUST-0055,2025-10-09,Website Development,36898.28,25.0,1
TXN-02191,CUST-0021,2024-06-19,Market Analysis,23199.89,28.0,1
TXN-02192,CUST-0050,2025-05-07,Executive Coaching,18075.63,35.0,2
TXN-02193,CUST-0050,2025-01-19,Strategy Session,8406.96,30.0,2
TXN-02194,CUST-0126,2025-08-15,Market Analysis,8560.62,28.0,1
TXN-02195,CUST-0017,2025-08-26,Market Analysis,11060.51,28.0,1
TXN-02196,CUST-0069,2025-12-09,Bulk Order,28721.99,12.0,2
TXN-02197,CUST-0172,2024-01-23,Monthly Subscription,295.51,40.0,1
TXN-02198,CUST-0199,2024-11-27,Website Development,23424.96,25.0,1
TXN-02199,CUST-0070,2025-08-07,Enterprise License,38046.51,35.0,1
TXN-02200,CUST-0118,2025-11-22,Product Sale,111.24,15.0,1
TXN-02201,CUST-0159,2024-06-29,Executive Coaching,3589.42,35.0,1
TXN-02202,CUST-0148,2025-05-03,Subscription Box,220.13,20.0,2
TXN-02203,CUST-0190,2025-12-23,Consultation Fee,668.67,32.0,1
TXN-02204,CUST-0126,2024-09-23,Strategy Session,3613.21,30.0,1
TXN-02205,CUST-0059,2025-03-24,Wellness Program,6275.54,25.0,1
TXN-02206,CUST-0132,2024-12-31,PPC Campaign,23729.08,18.0,1
TXN-02207,CUST-0034,2025-08-09,Hourly Consultation,2637.56,35.0,1
TXN-02208,CUST-0071,2024-08-03,Website Development,26891.72,25.0,1
TXN-02209,CUST-0036,2024-12-03,Monthly Subscription,149.76,40.0,1
TXN-02210,CUST-0007,2024-08-31,Social Media Mgmt,10297.27,22.0,1
TXN-02211,CUST-0009,2025-09-19,Litigation Support,29285.87,25.0,1
TXN-02212,CUST-0041,2025-06-18,Premium Membership,374.85,18.0,1
TXN-02213,CUST-0072,2025-06-16,Property Management,11601.62,25.0,2
TXN-02214,CUST-0030,2025-07-27,PPC Campaign,5477.16,18.0,1
TXN-02215,CUST-0083,2025-12-13,Market Analysis,18158.48,28.0,2
TXN-02216,CUST-0191,2024-10-10,Workshop Ticket,750.69,25.0,1
TXN-02217,CUST-0003,2025-01-28,Website Development,38819.98,25.0,1
TXN-02218,CUST-0167,2024-12-24,Website Development,22650.83,25.0,1
TXN-02219,CUST-0064,2025-10-22,Wellness Program,16641.21,25.0,1
TXN-02220,CUST-0091,2024-10-08,PPC Campaign,13053.59,18.0,1
TXN-02221,CUST-0069,2025-10-23,Premium Membership,280.28,18.0,1
TXN-02222,CUST-0180,2024-10-16,Subscription Box,100.8,20.0,1
TXN-02223,CUST-0037,2024-03-27,Workshop Ticket,980.58,25.0,2
TXN-02224,CUST-0136,2025-12-14,Consultation Fee,2088.86,32.0,1
TXN-02225,CUST-0132,2025-12-20,PPC Campaign,6705.93,18.0,1
TXN-02226,CUST-0021,2024-08-05,Market Analysis,16742.82,28.0,1
TXN-02227,CUST-0137,2024-08-18,Property Listing,589.0,30.0,1
TXN-02228,CUST-0053,2025-02-12,Monthly Subscription,213.3,40.0,1
TXN-02229,CUST-0059,2025-01-01,Wellness Program,6435.24,25.0,1
TXN-02230,CUST-0114,2025-10-15,Strategy Session,17691.7,30.0,1
TXN-02231,CUST-0071,2024-06-02,PPC Campaign,18544.78,18.0,1
TXN-02232,CUST-0152,2025-11-16,Litigation Support,76777.5,25.0,1
TXN-02233,CUST-0084,2025-12-18,Bulk Order,7042.52,12.0,1
TXN-02234,CUST-0027,2024-11-01,Process Optimization,56997.88,22.0,2
TXN-02235,CUST-0199,2025-04-27,SEO Package,7711.88,20.0,1
TXN-02236,CUST-0048,2025-06-14,SEO Package,5366.95,20.0,1
TXN-02237,CUST-0199,2025-08-11,Social Media Mgmt,10677.25,22.0,1
TXN-02238,CUST-0095,2024-01-16,Product Sale,408.02,15.0,1
TXN-02239,CUST-0148,2024-12-14,Subscription Box,54.89,20.0,1
TXN-02240,CUST-0065,2025-08-14,Premium Membership,476.3,18.0,1
TXN-02241,CUST-0166,2025-10-18,Patient Consultation,315.11,30.0,1
TXN-02242,CUST-0063,2024-11-18,Social Media Mgmt,12320.19,22.0,1
TXN-02243,CUST-0174,2024-10-03,Property Management,7790.79,25.0,1
TXN-02244,CUST-0004,2025-11-14,SEO Package,6450.99,20.0,1
TXN-02245,CUST-0131,2025-03-16,Implementation Fee,3879.96,20.0,1
TXN-02246,CUST-0027,2025-02-17,Process Optimization,22710.23,22.0,1
TXN-02247,CUST-0116,2024-11-24,Product Sale,36.33,15.0,1
TXN-02248,CUST-0096,2024-08-05,Market Analysis,10175.35,28.0,1
TXN-02249,CUST-0123,2025-07-22,PPC Campaign,18608.61,18.0,1
TXN-02250,CUST-0025,2025-07-01,Corporate Health,8231.09,22.0,1
TXN-02251,CUST-0062,2025-05-20,Hourly Consultation,2155.53,35.0,1
TXN-02252,CUST-0048,2024-12-19,SEO Package,8345.36,20.0,1
TXN-02253,CUST-0027,2024-01-18,Executive Coaching,15573.41,35.0,1
TXN-02254,CUST-0171,2025-11-13,Property Listing,2035.3,30.0,1
TXN-02255,CUST-0096,2025-08-03,Strategy Session,11365.82,30.0,1
TXN-02256,CUST-0086,2024-03-14,Enterprise License,32431.7,35.0,2
TXN-02257,CUST-0046,2025-09-14,Social Media Mgmt,3011.56,22.0,1
TXN-02258,CUST-0036,2025-08-24,Annual Subscription,1747.34,45.0,1
TXN-02259,CUST-0188,2024-10-13,Annual Subscription,2193.85,28.0,1
TXN-02260,CUST-0107,2024-03-19,Bulk Order,53257.88,12.0,1
TXN-02261,CUST-0055,2025-02-21,Social Media Mgmt,3990.16,22.0,1
TXN-02262,CUST-0008,2025-02-15,SEO Package,2776.71,20.0,1
TXN-02263,CUST-0196,2025-12-28,Corporate Health,10426.32,22.0,1
TXN-02264,CUST-0162,2025-12-16,Course Enrollment,3094.25,20.0,1
TXN-02265,CUST-0176,2025-11-15,Patient Consultation,387.37,30.0,1
TXN-02266,CUST-0178,2025-06-13,Website Development,26990.27,25.0,1
TXN-02267,CUST-0040,2025-01-30,Patient Consultation,334.79,30.0,1
TXN-02268,CUST-0168,2025-04-23,Social Media Mgmt,12353.38,22.0,1
TXN-02269,CUST-0060,2024-03-07,Property Management,1375.3,25.0,1
TXN-02270,CUST-0138,2024-03-28,Hourly Consultation,1345.17,35.0,2
TXN-02271,CUST-0179,2025-10-23,Course Enrollment,813.82,20.0,1
TXN-02272,CUST-0015,2024-12-04,Implementation Fee,19523.04,20.0,1
TXN-02273,CUST-0018,2025-10-14,Valuation Report,3429.36,35.0,2
TXN-02274,CUST-0198,2025-04-20,Executive Coaching,17018.67,35.0,1
TXN-02275,CUST-0094,2024-08-24,Implementation Fee,14555.58,20.0,1
TXN-02276,CUST-0051,2025-06-01,Implementation Fee,17222.16,20.0,1
TXN-02277,CUST-0194,2024-08-15,Monthly Subscription,53.01,40.0,1
TXN-02278,CUST-0174,2024-06-03,Property Management,10378.9,25.0,3
TXN-02279,CUST-0136,2025-10-09,Valuation Report,4941.68,35.0,1
TXN-02280,CUST-0081,2025-05-29,Monthly Subscription,268.41,40.0,1
TXN-02281,CUST-0126,2024-07-08,Process Optimization,23639.07,22.0,1
TXN-02282,CUST-0059,2025-01-12,Patient Consultation,158.78,30.0,1
TXN-02283,CUST-0179,2024-04-27,Workshop Ticket,596.04,25.0,1
TXN-02284,CUST-0073,2024-04-17,SEO Package,3425.31,20.0,2
TXN-02285,CUST-0093,2025-08-20,Valuation Report,1955.01,35.0,1
TXN-02286,CUST-0149,2024-07-20,Bulk Order,18571.76,12.0,1
TXN-02287,CUST-0075,2024-08-28,Hourly Consultation,644.89,35.0,1
TXN-02288,CUST-0115,2025-11-04,Valuation Report,5827.2,35.0,1
TXN-02289,CUST-0046,2025-12-08,PPC Campaign,7506.94,18.0,1
TXN-02290,CUST-0087,2025-04-18,Subscription Box,187.3,20.0,1
TXN-02291,CUST-0146,2024-07-23,Website Development,50635.42,25.0,2
TXN-02292,CUST-0066,2024-01-25,Annual Subscription,4137.94,45.0,1
TXN-02293,CUST-0009,2025-09-21,Hourly Consultation,1852.82,35.0,1
TXN-02294,CUST-0076,2025-01-18,Implementation Fee,22310.87,20.0,1
TXN-02295,CUST-0126,2025-07-28,Strategy Session,5453.44,30.0,1
TXN-02296,CUST-0160,2024-06-22,PPC Campaign,17910.07,18.0,2
TXN-02297,CUST-0164,2024-04-10,Course Enrollment,3031.64,20.0,1
TXN-02298,CUST-0081,2025-04-12,Enterprise License,46133.62,35.0,1
TXN-02299,CUST-0034,2025-10-10,Contract Review,4100.91,30.0,1
TXN-02300,CUST-0107,2025-10-07,Product Sale,39.23,15.0,1
TXN-02301,CUST-0179,2024-03-23,Course Enrollment,2124.01,20.0,1
TXN-02302,CUST-0183,2024-08-12,Workshop Ticket,166.32,25.0,1
TXN-02303,CUST-0107,2025-01-30,Product Sale,158.69,15.0,1
TXN-02304,CUST-0077,2025-12-07,Wellness Program,10966.25,25.0,3
TXN-02305,CUST-0108,2025-11-03,Annual Subscription,3335.92,28.0,1
TXN-02306,CUST-0140,2025-05-12,Valuation Report,4881.27,35.0,1
TXN-02307,CUST-0092,2024-07-25,Litigation Support,76659.62,25.0,1
TXN-02308,CUST-0183,2025-05-09,Workshop Ticket,316.27,25.0,1
TXN-02309,CUST-0126,2024-06-29,Process Optimization,37600.73,22.0,1
TXN-02310,CUST-0070,2025-01-30,Annual Subscription,999.21,45.0,1
TXN-02311,CUST-0109,2025-11-02,Social Media Mgmt,3709.2,22.0,1
TXN-02312,CUST-0027,2024-01-04,Strategy Session,6910.01,30.0,1
TXN-02313,CUST-0023,2024-10-01,Hourly Consultation,800.99,35.0,1
TXN-02314,CUST-0188,2025-01-21,Corporate Training,14927.95,22.0,1
TXN-02315,CUST-0109,2025-12-21,PPC Campaign,25691.53,18.0,1
TXN-02316,CUST-0003,2025-04-02,Social Media Mgmt,6552.27,22.0,2
TXN-02317,CUST-0110,2025-05-07,Website Development,21130.73,25.0,1
TXN-02318,CUST-0069,2025-11-17,Premium Membership,918.04,18.0,1
TXN-02319,CUST-0161,2025-12-22,Course Enrollment,3114.89,20.0,1
TXN-02320,CUST-0158,2025-05-23,Bulk Order,40679.47,12.0,1
TXN-02321,CUST-0142,2025-12-01,PPC Campaign,8825.96,18.0,2
TXN-02322,CUST-0155,2025-02-01,Corporate Training,15757.92,22.0,1
TXN-02323,CUST-0092,2024-11-30,Hourly Consultation,1617.0,35.0,1
TXN-02324,CUST-0103,2024-11-09,Retainer,9544.81,28.0,1
TXN-02325,CUST-0068,2025-05-22,Subscription Box,42.01,20.0,1
TXN-02326,CUST-0180,2024-08-22,Premium Membership,736.47,18.0,1
TXN-02327,CUST-0033,2025-09-26,Subscription Box,195.13,20.0,1
TXN-02328,CUST-0063,2025-08-06,Social Media Mgmt,6131.53,22.0,1
TXN-02329,CUST-0104,2025-06-09,Strategy Session,12621.35,30.0,1
TXN-02330,CUST-0187,2024-05-14,Course Enrollment,818.86,20.0,1
TXN-02331,CUST-0026,2024-04-28,Market Analysis,8823.11,28.0,1
TXN-02332,CUST-0076,2024-03-08,Monthly Subscription,184.37,40.0,2
TXN-02333,CUST-0118,2025-06-27,Product Sale,181.46,15.0,1
TXN-02334,CUST-0122,2025-07-23,Hourly Consultation,845.83,35.0,1
TXN-02335,CUST-0183,2024-10-30,Workshop Ticket,868.2,25.0,1
TXN-02336,CUST-0123,2025-08-27,Website Development,27056.75,25.0,1
TXN-02337,CUST-0109,2025-11-03,PPC Campaign,6851.94,18.0,1
TXN-02338,CUST-0053,2025-04-01,Enterprise License,5277.52,35.0,2
TXN-02339,CUST-0081,2025-10-04,Implementation Fee,9561.3,20.0,1
TXN-02340,CUST-0074,2024-10-05,Contract Review,9156.92,30.0,1
TXN-02341,CUST-0013,2024-09-10,SEO Package,6055.69,20.0,1
TXN-02342,CUST-0056,2025-03-30,Hourly Consultation,1810.4,35.0,1
TXN-02343,CUST-0079,2025-06-14,Annual Subscription,4876.01,28.0,1
TXN-02344,CUST-0100,2024-08-11,SEO Package,3209.39,20.0,1
TXN-02345,CUST-0074,2025-08-18,Litigation Support,58604.93,25.0,1
TXN-02346,CUST-0174,2025-04-02,Property Management,1855.75,25.0,1
TXN-02347,CUST-0095,2024-03-25,Bulk Order,53255.15,12.0,1
TXN-02348,CUST-0056,2024-12-18,Litigation Support,46980.62,25.0,1
TXN-02349,CUST-0104,2025-01-22,Process Optimization,52903.96,22.0,1
TXN-02350,CUST-0111,2024-10-01,Monthly Subscription,372.37,40.0,1
TXN-02351,CUST-0029,2025-05-29,Telemedicine Plan,999.81,28.0,1
TXN-02352,CUST-0016,2024-05-22,Hourly Consultation,778.12,35.0,1
TXN-02353,CUST-0020,2025-06-06,Property Listing,1704.46,30.0,1
TXN-02354,CUST-0172,2025-08-07,Annual Subscription,1627.31,45.0,1
TXN-02355,CUST-0178,2024-07-31,SEO Package,1442.95,20.0,1
TXN-02356,CUST-0069,2025-11-06,Product Sale,232.45,15.0,1
TXN-02357,CUST-0011,2025-11-28,PPC Campaign,5912.01,18.0,1
TXN-02358,CUST-0191,2024-11-11,Course Enrollment,2147.97,20.0,1
TXN-02359,CUST-0159,2025-01-23,Executive Coaching,6783.62,35.0,1
TXN-02360,CUST-0142,2025-12-03,Social Media Mgmt,4410.48,22.0,1
TXN-02361,CUST-0084,2025-02-08,Premium Membership,749.63,18.0,1
TXN-02362,CUST-0139,2025-04-09,Corporate Training,23200.09,22.0,2
TXN-02363,CUST-0013,2024-06-24,Website Development,15532.46,25.0,1
TXN-02364,CUST-0039,2024-10-10,Retainer,17299.4,28.0,1
TXN-02365,CUST-0021,2024-06-11,Strategy Session,8596.14,30.0,1
TXN-02366,CUST-0087,2025-10-23,Premium Membership,956.17,18.0,1
TXN-02367,CUST-0073,2024-12-17,SEO Package,7160.82,20.0,1
TXN-02368,CUST-0004,2024-10-12,Social Media Mgmt,7043.65,22.0,1
TXN-02369,CUST-0084,2025-09-06,Premium Membership,357.49,18.0,1
TXN-02370,CUST-0063,2025-03-11,SEO Package,5019.9,20.0,1
TXN-02371,CUST-0105,2025-08-07,Retainer,5258.57,28.0,1
TXN-02372,CUST-0049,2025-11-27,Enterprise License,46922.88,35.0,1
TXN-02373,CUST-0056,2025-05-31,Retainer,13118.53,28.0,1
TXN-02374,CUST-0187,2025-05-07,Workshop Ticket,572.37,25.0,1
TXN-02375,CUST-0143,2024-07-11,Property Management,4762.68,25.0,1
TXN-02376,CUST-0179,2025-09-28,Workshop Ticket,570.3,25.0,1
TXN-02377,CUST-0097,2025-01-23,Strategy Session,9166.75,30.0,1
TXN-02378,CUST-0143,2025-11-28,Consultation Fee,1902.69,32.0,1
TXN-02379,CUST-0169,2024-07-08,Strategy Session,6070.31,30.0,1
TXN-02380,CUST-0063,2024-07-18,SEO Package,1246.52,20.0,1
TXN-02381,CUST-0031,2025-01-17,Valuation Report,2621.99,35.0,1
TXN-02382,CUST-0122,2025-05-05,Hourly Consultation,448.54,35.0,1
TXN-02383,CUST-0178,2025-10-14,Social Media Mgmt,8916.24,22.0,1
TXN-02384,CUST-0149,2025-09-23,Product Sale,270.28,15.0,1
TXN-02385,CUST-0165,2025-12-07,PPC Campaign,11388.41,18.0,1
TXN-02386,CUST-0056,2024-10-18,Litigation Support,25961.38,25.0,1
TXN-02387,CUST-0146,2024-05-10,Website Development,12742.18,25.0,1
TXN-02388,CUST-0178,2025-08-29,SEO Package,5173.74,20.0,1
TXN-02389,CUST-0078,2024-06-04,Property Management,1511.34,25.0,1
TXN-02390,CUST-0159,2025-05-14,Executive Coaching,10886.56,35.0,1
TXN-02391,CUST-0085,2025-09-18,Consultation Fee,1363.5,32.0,2
TXN-02392,CUST-0077,2025-12-21,Patient Consultation,174.8,30.0,1
TXN-02393,CUST-0045,2024-07-18,Property Management,1060.41,25.0,1
TXN-02394,CUST-0180,2025-04-18,Premium Membership,854.19,18.0,1
TXN-02395,CUST-0074,2025-07-24,Hourly Consultation,2216.26,35.0,1
TXN-02396,CUST-0178,2024-11-16,Website Development,11029.67,25.0,1
TXN-02397,CUST-0145,2025-07-05,Annual Subscription,2883.95,45.0,3
TXN-02398,CUST-0127,2025-02-14,Implementation Fee,8895.19,20.0,1
TXN-02399,CUST-0084,2025-09-23,Premium Membership,257.18,18.0,1
TXN-02400,CUST-0148,2025-01-12,Bulk Order,14399.02,12.0,1
TXN-02401,CUST-0136,2025-08-21,Property Listing,5029.27,30.0,1
TXN-02402,CUST-0112,2025-02-13,Strategy Session,9003.53,30.0,1
TXN-02403,CUST-0184,2024-04-21,Annual Subscription,4920.41,45.0,1
TXN-02404,CUST-0087,2025-03-26,Bulk Order,11623.42,12.0,3
TXN-02405,CUST-0004,2025-06-23,Website Development,26265.24,25.0,1
TXN-02406,CUST-0131,2025-06-23,Monthly Subscription,43.12,40.0,1
TXN-02407,CUST-0127,2025-04-22,Implementation Fee,16233.53,20.0,1
TXN-02408,CUST-0116,2024-11-14,Subscription Box,82.74,20.0,1
TXN-02409,CUST-0001,2024-12-18,Subscription Box,106.29,20.0,2
TXN-02410,CUST-0192,2025-12-30,Enterprise License,17446.35,35.0,1
TXN-02411,CUST-0173,2024-04-12,Social Media Mgmt,8457.51,22.0,1
TXN-02412,CUST-0029,2025-11-29,Telemedicine Plan,1512.63,28.0,1
TXN-02413,CUST-0190,2025-12-22,Consultation Fee,2561.88,32.0,1
TXN-02414,CUST-0023,2025-01-22,Litigation Support,20658.73,25.0,1
TXN-02415,CUST-0125,2025-05-20,Social Media Mgmt,9566.45,22.0,1
TXN-02416,CUST-0069,2025-11-04,Bulk Order,15865.41,12.0,1
TXN-02417,CUST-0101,2025-08-26,Valuation Report,3602.61,35.0,1
TXN-02418,CUST-0183,2024-03-31,Workshop Ticket,142.42,25.0,1
TXN-02419,CUST-0078,2025-06-12,Property Listing,2309.84,30.0,1
TXN-02420,CUST-0144,2025-04-14,Property Management,2153.7,25.0,1
TXN-02421,CUST-0110,2025-07-06,SEO Package,2185.55,20.0,1
TXN-02422,CUST-0186,2025-05-09,Website Development,43276.26,25.0,1
TXN-02423,CUST-0088,2025-09-04,SEO Package,2783.03,20.0,1
TXN-02424,CUST-0082,2025-11-18,Strategy Session,5492.0,30.0,1
TXN-02425,CUST-0054,2025-02-02,Property Management,8810.84,25.0,1
TXN-02426,CUST-0020,2025-01-10,Consultation Fee,635.29,32.0,2
TXN-02427,CUST-0031,2025-03-27,Consultation Fee,2221.26,32.0,2
TXN-02428,CUST-0089,2025-12-07,Process Optimization,25761.08,22.0,2
TXN-02429,CUST-0090,2024-02-10,Executive Coaching,11108.39,35.0,1
TXN-02430,CUST-0112,2024-05-08,Strategy Session,14560.18,30.0,1
TXN-02431,CUST-0197,2024-07-15,Social Media Mgmt,2010.57,22.0,1
TXN-02432,CUST-0072,2024-05-29,Property Management,3558.64,25.0,1
TXN-02433,CUST-0042,2025-05-15,Consultation Fee,3009.46,32.0,1
TXN-02434,CUST-0048,2025-03-20,Social Media Mgmt,4561.9,22.0,1
TXN-02435,CUST-0144,2024-07-05,Consultation Fee,750.83,32.0,2
TXN-02436,CUST-0078,2025-04-05,Valuation Report,4609.88,35.0,2
TXN-02437,CUST-0158,2025-02-11,Product Sale,129.76,15.0,2
TXN-02438,CUST-0179,2025-10-13,Course Enrollment,1647.86,20.0,1
TXN-02439,CUST-0037,2024-05-15,Workshop Ticket,978.17,25.0,1
TXN-02440,CUST-0051,2025-09-26,Enterprise License,41900.5,35.0,1
TXN-02441,CUST-0123,2025-10-25,Website Development,16737.39,25.0,1
TXN-02442,CUST-0152,2025-08-18,Contract Review,9920.11,30.0,1
TXN-02443,CUST-0129,2025-12-22,Litigation Support,63285.24,25.0,1
TXN-02444,CUST-0080,2024-08-19,Annual Subscription,1465.81,45.0,1
TXN-02445,CUST-0085,2024-09-01,Property Listing,3499.05,30.0,1
TXN-02446,CUST-0065,2025-12-20,Subscription Box,171.21,20.0,1
TXN-02447,CUST-0045,2024-08-14,Valuation Report,3297.98,35.0,1
TXN-02448,CUST-0199,2025-03-31,PPC Campaign,24894.26,18.0,1
TXN-02449,CUST-0082,2025-12-03,Strategy Session,10676.18,30.0,1
TXN-02450,CUST-0045,2024-07-27,Valuation Report,2061.29,35.0,1
TXN-02451,CUST-0026,2025-12-02,Process Optimization,48159.92,22.0,1
TXN-02452,CUST-0191,2024-08-06,Workshop Ticket,1278.45,25.0,1
TXN-02453,CUST-0004,2025-01-12,Website Development,17370.59,25.0,3
TXN-02454,CUST-0016,2024-05-26,Retainer,11407.04,28.0,1
TXN-02455,CUST-0130,2024-09-12,Executive Coaching,6345.74,35.0,1
TXN-02456,CUST-0057,2025-12-17,SEO Package,4801.1,20.0,1
TXN-02457,CUST-0100,2025-03-21,Website Development,38895.15,25.0,1
TXN-02458,CUST-0154,2025-12-25,PPC Campaign,12837.53,18.0,1
TXN-02459,CUST-0109,2025-12-22,Website Development,19838.19,25.0,1
TXN-02460,CUST-0040,2025-04-07,Wellness Program,7582.21,25.0,1
TXN-02461,CUST-0058,2025-08-21,Website Development,10742.35,25.0,1
TXN-02462,CUST-0001,2025-01-11,Product Sale,142.39,15.0,1
TXN-02463,CUST-0200,2025-04-25,Property Listing,4311.87,30.0,1
TXN-02464,CUST-0104,2025-04-10,Market Analysis,10006.31,28.0,1
TXN-02465,CUST-0009,2025-09-22,Contract Review,8802.69,30.0,1
TXN-02466,CUST-0120,2025-07-28,SEO Package,3261.11,20.0,1
TXN-02467,CUST-0176,2025-08-07,Corporate Health,51106.13,22.0,1
TXN-02468,CUST-0103,2025-09-21,Litigation Support,43609.6,25.0,1
TXN-02469,CUST-0176,2025-03-17,Patient Consultation,268.96,30.0,1
TXN-02470,CUST-0086,2024-10-05,Enterprise License,27063.23,35.0,1
TXN-02471,CUST-0059,2025-06-09,Patient Consultation,193.68,30.0,1
TXN-02472,CUST-0106,2024-08-07,Course Enrollment,1102.37,20.0,1
TXN-02473,CUST-0074,2024-11-20,Hourly Consultation,1482.0,35.0,1
TXN-02474,CUST-0093,2025-10-13,Property Management,9199.57,25.0,3
TXN-02475,CUST-0005,2024-05-26,PPC Campaign,11876.25,18.0,1
TXN-02476,CUST-0162,2025-06-12,Workshop Ticket,908.95,25.0,1
TXN-02477,CUST-0044,2025-09-21,Hourly Consultation,1882.72,35.0,1
TXN-02478,CUST-0157,2024-11-26,Social Media Mgmt,3683.98,22.0,1
TXN-02479,CUST-0091,2024-12-16,Website Development,44618.1,25.0,1
TXN-02480,CUST-0124,2024-04-03,Property Listing,3243.77,30.0,1
TXN-02481,CUST-0102,2025-12-10,PPC Campaign,12194.13,18.0,1
TXN-02482,CUST-0051,2024-12-11,Monthly Subscription,441.62,40.0,1
TXN-02483,CUST-0118,2025-09-02,Subscription Box,180.81,20.0,1
TXN-02484,CUST-0182,2025-03-24,Retainer,24130.62,28.0,1
TXN-02485,CUST-0132,2024-06-05,PPC Campaign,17687.5,18.0,1
TXN-02486,CUST-0136,2025-02-23,Consultation Fee,2779.24,32.0,1
TXN-02487,CUST-0073,2024-04-30,Website Development,27862.85,25.0,1
TXN-02488,CUST-0175,2025-05-31,Corporate Health,38691.84,22.0,1
TXN-02489,CUST-0178,2025-11-23,PPC Campaign,14914.63,18.0,1
TXN-02490,CUST-0093,2025-07-13,Property Management,2963.15,25.0,1
TXN-02491,CUST-0030,2025-01-21,Social Media Mgmt,4934.93,22.0,1
TXN-02492,CUST-0102,2024-05-17,SEO Package,6367.15,20.0,1
TXN-02493,CUST-0038,2024-04-12,Annual Subscription,454.94,45.0,1
TXN-02494,CUST-0070,2025-01-31,Enterprise License,54683.44,35.0,1
TXN-02495,CUST-0055,2025-06-13,Social Media Mgmt,10913.85,22.0,2
TXN-02496,CUST-0056,2025-01-06,Retainer,15268.74,28.0,2
TXN-02497,CUST-0143,2025-01-11,Property Management,8852.1,25.0,1
TXN-02498,CUST-0175,2025-08-31,Patient Consultation,388.08,30.0,1
TXN-02499,CUST-0054,2025-03-31,Property Management,2309.95,25.0,1
TXN-02500,CUST-0168,2025-05-10,Social Media Mgmt,7994.51,22.0,1
TXN-02501,CUST-0034,2025-12-10,Retainer,19759.51,28.0,2
TXN-02502,CUST-0004,2025-07-28,PPC Campaign,14911.05,18.0,1
TXN-02503,CUST-0107,2024-04-26,Bulk Order,38452.88,12.0,1
TXN-02504,CUST-0039,2025-03-02,Hourly Consultation,2206.23,35.0,1
TXN-02505,CUST-0039,2025-11-16,Hourly Consultation,1318.9,35.0,1
TXN-02506,CUST-0178,2025-07-28,Social Media Mgmt,8851.63,22.0,1
TXN-02507,CUST-0099,2025-09-12,Retainer,8894.27,28.0,1
TXN-02508,CUST-0046,2025-09-09,SEO Package,2052.51,20.0,1
TXN-02509,CUST-0140,2025-05-30,Consultation Fee,693.69,32.0,1
TXN-02510,CUST-0076,2024-06-05,Annual Subscription,1689.93,45.0,3
TXN-02511,CUST-0049,2025-06-11,Annual Subscription,2503.75,45.0,1
TXN-02512,CUST-0016,2024-04-17,Hourly Consultation,3211.06,35.0,1
TXN-02513,CUST-0112,2024-08-28,Executive Coaching,8722.02,35.0,1
TXN-02514,CUST-0130,2024-06-22,Process Optimization,42752.4,22.0,1
TXN-02515,CUST-0013,2024-06-19,PPC Campaign,13500.58,18.0,1
TXN-02516,CUST-0067,2025-10-05,PPC Campaign,7682.99,18.0,1
TXN-02517,CUST-0044,2025-11-24,Litigation Support,76685.71,25.0,2
TXN-02518,CUST-0012,2025-02-20,Premium Membership,625.08,18.0,1
TXN-02519,CUST-0017,2024-08-22,Executive Coaching,11857.54,35.0,1
TXN-02520,CUST-0125,2025-04-07,Social Media Mgmt,6352.56,22.0,1
TXN-02521,CUST-0094,2024-10-06,Annual Subscription,2475.12,45.0,1
TXN-02522,CUST-0179,2025-10-26,Course Enrollment,711.44,20.0,3
TXN-02523,CUST-0014,2025-07-22,Valuation Report,2640.59,35.0,1
TXN-02524,CUST-0198,2025-10-02,Market Analysis,17257.79,28.0,1
TXN-02525,CUST-0056,2025-05-04,Hourly Consultation,2406.64,35.0,3
TXN-02526,CUST-0026,2024-04-14,Process Optimization,41895.83,22.0,1
TXN-02527,CUST-0096,2024-06-30,Strategy Session,9123.16,30.0,1
TXN-02528,CUST-0108,2025-10-29,Annual Subscription,3785.8,28.0,1
TXN-02529,CUST-0185,2025-12-26,Enterprise License,42393.38,35.0,1
TXN-02530,CUST-0013,2024-05-01,SEO Package,6142.5,20.0,1
TXN-02531,CUST-0186,2025-08-05,SEO Package,5534.51,20.0,1
TXN-02532,CUST-0181,2025-03-19,Course Enrollment,1774.33,20.0,1
TXN-02533,CUST-0046,2024-11-11,SEO Package,4773.33,20.0,1
TXN-02534,CUST-0065,2025-09-10,Subscription Box,111.26,20.0,1
TXN-02535,CUST-0105,2025-11-24,Litigation Support,39948.95,25.0,1
TXN-02536,CUST-0154,2025-12-02,Website Development,42809.25,25.0,1
TXN-02537,CUST-0007,2024-09-06,SEO Package,5566.6,20.0,1
TXN-02538,CUST-0041,2025-03-04,Bulk Order,28179.39,12.0,1
TXN-02539,CUST-0083,2025-12-28,Process Optimization,22104.89,22.0,1
TXN-02540,CUST-0127,2024-06-10,Annual Subscription,2421.54,45.0,1
TXN-02541,CUST-0111,2024-11-13,Annual Subscription,620.15,45.0,1
TXN-02542,CUST-0200,2025-12-24,Property Management,1789.52,25.0,1
TXN-02543,CUST-0082,2025-11-03,Process Optimization,30233.58,22.0,1
TXN-02544,CUST-0158,2025-02-15,Premium Membership,490.52,18.0,1
TXN-02545,CUST-0135,2024-07-17,Product Sale,144.21,15.0,1
TXN-02546,CUST-0188,2025-06-24,Corporate Training,3882.24,22.0,1
TXN-02547,CUST-0094,2025-02-02,Annual Subscription,2804.45,45.0,1
TXN-02548,CUST-0056,2024-09-17,Contract Review,3106.55,30.0,1
TXN-02549,CUST-0121,2025-10-14,Retainer,19870.38,28.0,1
TXN-02550,CUST-0025,2025-09-02,Telemedicine Plan,2980.83,28.0,1
TXN-02551,CUST-0161,2025-12-17,Workshop Ticket,1170.4,25.0,2
TXN-02552,CUST-0061,2025-07-13,Executive Coaching,12681.68,35.0,1
TXN-02553,CUST-0197,2024-08-20,Website Development,6719.89,25.0,1
TXN-02554,CUST-0032,2024-09-22,Website Development,11031.88,25.0,1
TXN-02555,CUST-0121,2025-07-03,Hourly Consultation,363.48,35.0,1
TXN-02556,CUST-0157,2025-06-17,SEO Package,3251.74,20.0,1
TXN-02557,CUST-0134,2025-01-08,SEO Package,2310.06,20.0,1
TXN-02558,CUST-0182,2025-02-11,Hourly Consultation,620.08,35.0,1
TXN-02559,CUST-0187,2024-09-08,Annual Subscription,2517.65,28.0,1
TXN-02560,CUST-0101,2025-03-25,Property Listing,3076.85,30.0,1
TXN-02561,CUST-0178,2025-12-18,Social Media Mgmt,2735.53,22.0,1
TXN-02562,CUST-0146,2024-06-16,SEO Package,6985.72,20.0,1
TXN-02563,CUST-0157,2025-11-20,SEO Package,3885.31,20.0,1
TXN-02564,CUST-0034,2025-07-28,Litigation Support,13298.82,25.0,1
TXN-02565,CUST-0080,2024-05-04,Annual Subscription,2801.97,45.0,1
TXN-02566,CUST-0116,2024-12-02,Premium Membership,543.27,18.0,1
TXN-02567,CUST-0126,2025-04-19,Strategy Session,3893.52,30.0,2
TXN-02568,CUST-0086,2024-08-10,Monthly Subscription,525.95,40.0,1
TXN-02569,CUST-0110,2025-10-15,SEO Package,1988.17,20.0,1
TXN-02570,CUST-0073,2024-08-28,SEO Package,6287.38,20.0,1
TXN-02571,CUST-0009,2025-11-28,Hourly Consultation,3277.04,35.0,1
TXN-02572,CUST-0144,2025-02-12,Valuation Report,4351.58,35.0,1
TXN-02573,CUST-0177,2025-09-22,Website Development,34688.5,25.0,1
TXN-02574,CUST-0048,2024-12-05,Social Media Mgmt,8000.77,22.0,1
TXN-02575,CUST-0043,2025-10-01,Bulk Order,11728.74,12.0,1
TXN-02576,CUST-0158,2024-12-18,Product Sale,407.93,15.0,1
TXN-02577,CUST-0105,2025-04-09,Litigation Support,9901.58,25.0,1
TXN-02578,CUST-0022,2024-05-03,Corporate Training,15987.53,22.0,1
TXN-02579,CUST-0162,2024-12-03,Corporate Training,29841.57,22.0,1
TXN-02580,CUST-0090,2024-07-08,Market Analysis,18355.5,28.0,1
TXN-02581,CUST-0145,2025-12-01,Annual Subscription,1246.01,45.0,1
TXN-02582,CUST-0138,2024-11-23,Retainer,22779.17,28.0,1
TXN-02583,CUST-0037,2024-03-27,Annual Subscription,5289.55,28.0,1
TXN-02584,CUST-0198,2025-08-22,Process Optimization,36082.45,22.0,1
TXN-02585,CUST-0191,2024-09-06,Workshop Ticket,1413.01,25.0,1
TXN-02586,CUST-0096,2024-12-28,Process Optimization,28075.38,22.0,2
TXN-02587,CUST-0055,2025-02-23,SEO Package,5432.51,20.0,1
TXN-02588,CUST-0064,2025-11-02,Wellness Program,5543.93,25.0,1
TXN-02589,CUST-0070,2025-11-26,Implementation Fee,3755.91,20.0,1
TXN-02590,CUST-0027,2025-08-17,Process Optimization,28172.54,22.0,1
TXN-02591,CUST-0054,2025-02-20,Valuation Report,5597.3,35.0,1
TXN-02592,CUST-0187,2024-03-31,Workshop Ticket,150.0,25.0,1
TXN-02593,CUST-0112,2025-04-14,Market Analysis,5186.77,28.0,1
TXN-02594,CUST-0182,2025-04-18,Hourly Consultation,912.65,35.0,1
TXN-02595,CUST-0068,2025-09-10,Bulk Order,42198.55,12.0,2
TXN-02596,CUST-0067,2025-08-21,Website Development,50049.71,25.0,1
TXN-02597,CUST-0188,2024-07-30,Workshop Ticket,279.95,25.0,1
TXN-02598,CUST-0074,2025-12-09,Litigation Support,52704.18,25.0,1
TXN-02599,CUST-0051,2024-12-22,Annual Subscription,3802.55,45.0,1
TXN-02600,CUST-0148,2025-08-14,Product Sale,133.41,15.0,1
TXN-02601,CUST-0053,2024-08-24,Implementation Fee,4468.44,20.0,1
TXN-02602,CUST-0055,2025-11-29,SEO Package,2098.32,20.0,1
TXN-02603,CUST-0027,2025-03-27,Process Optimization,63861.13,22.0,1
TXN-02604,CUST-0172,2024-10-18,Monthly Subscription,390.29,40.0,1
TXN-02605,CUST-0074,2024-12-10,Contract Review,5741.34,30.0,3
TXN-02606,CUST-0148,2025-05-25,Premium Membership,167.67,18.0,1
TXN-02607,CUST-0027,2024-04-29,Process Optimization,20907.27,22.0,1
TXN-02608,CUST-0014,2025-02-19,Property Management,8877.88,25.0,1
TXN-02609,CUST-0018,2025-04-01,Property Listing,3252.9,30.0,1
TXN-02610,CUST-0056,2025-02-18,Litigation Support,80360.38,25.0,1
TXN-02611,CUST-0097,2025-11-03,Executive Coaching,7988.67,35.0,1
TXN-02612,CUST-0110,2025-05-25,Website Development,7644.29,25.0,1
TXN-02613,CUST-0100,2025-11-25,Social Media Mgmt,2701.61,22.0,2
TXN-02614,CUST-0020,2024-07-01,Property Management,2289.78,25.0,1
TXN-02615,CUST-0089,2025-12-13,Market Analysis,26012.54,28.0,1
TXN-02616,CUST-0095,2024-07-06,Product Sale,307.69,15.0,1
TXN-02617,CUST-0196,2025-12-21,Telemedicine Plan,2758.37,28.0,1
TXN-02618,CUST-0076,2025-05-02,Enterprise License,49140.6,35.0,1
TXN-02619,CUST-0179,2025-09-06,Course Enrollment,2792.86,20.0,1
TXN-02620,CUST-0034,2025-12-01,Hourly Consultation,928.57,35.0,1
TXN-02621,CUST-0110,2025-07-24,Website Development,4674.44,25.0,1
TXN-02622,CUST-0083,2025-12-09,Executive Coaching,8857.27,35.0,1
TXN-02623,CUST-0165,2025-12-17,PPC Campaign,4115.14,18.0,1
TXN-02624,CUST-0108,2025-11-11,Annual Subscription,3070.48,28.0,1
TXN-02625,CUST-0030,2025-06-01,SEO Package,6132.77,20.0,3
TXN-02626,CUST-0126,2025-03-06,Executive Coaching,15445.45,35.0,1
TXN-02627,CUST-0022,2025-11-21,Annual Subscription,2449.92,28.0,1
TXN-02628,CUST-0064,2025-11-25,Corporate Health,31172.54,22.0,1
TXN-02629,CUST-0187,2025-08-17,Corporate Training,26500.99,22.0,3
TXN-02630,CUST-0185,2025-12-12,Implementation Fee,19276.37,20.0,1
TXN-02631,CUST-0005,2024-05-27,Website Development,56554.11,25.0,2
TXN-02632,CUST-0108,2025-08-23,Annual Subscription,1234.0,28.0,1
TXN-02633,CUST-0173,2024-04-08,SEO Package,2985.6,20.0,2
TXN-02634,CUST-0116,2024-11-10,Subscription Box,129.27,20.0,1
TXN-02635,CUST-0168,2025-02-08,PPC Campaign,20849.31,18.0,1
TXN-02636,CUST-0098,2024-10-02,Hourly Consultation,767.98,35.0,1
TXN-02637,CUST-0130,2024-03-10,Strategy Session,10089.66,30.0,1
TXN-02638,CUST-0086,2024-02-23,Enterprise License,43012.46,35.0,1
TXN-02639,CUST-0128,2024-09-24,Website Development,22471.62,25.0,1
TXN-02640,CUST-0114,2025-11-04,Process Optimization,9834.41,22.0,1
TXN-02641,CUST-0068,2025-07-30,Premium Membership,1056.65,18.0,1
TXN-02642,CUST-0052,2024-04-13,Property Listing,3630.75,30.0,1
TXN-02643,CUST-0033,2025-03-31,Product Sale,83.4,15.0,1
TXN-02644,CUST-0188,2025-09-25,Corporate Training,11228.19,22.0,1
TXN-02645,CUST-0162,2025-10-15,Workshop Ticket,199.6,25.0,3
TXN-02646,CUST-0003,2025-05-26,PPC Campaign,7289.0,18.0,1
TXN-02647,CUST-0005,2025-06-06,SEO Package,5537.54,20.0,1
TXN-02648,CUST-0150,2025-01-07,Patient Consultation,373.4,30.0,1
TXN-02649,CUST-0007,2024-09-01,Website Development,51509.67,25.0,1
TXN-02650,CUST-0129,2025-12-11,Litigation Support,52048.62,25.0,1
TXN-02651,CUST-0166,2025-11-08,Corporate Health,9700.51,22.0,1
TXN-02652,CUST-0001,2024-11-21,Product Sale,307.13,15.0,1
TXN-02653,CUST-0013,2024-04-14,PPC Campaign,25985.78,18.0,1
TXN-02654,CUST-0107,2025-03-08,Subscription Box,110.45,20.0,1
TXN-02655,CUST-0118,2025-01-14,Bulk Order,18876.4,12.0,1
TXN-02656,CUST-0145,2025-06-28,Annual Subscription,3795.88,45.0,1
TXN-02657,CUST-0138,2024-07-22,Hourly Consultation,902.59,35.0,1
TXN-02658,CUST-0197,2024-09-13,Website Development,38841.02,25.0,1
TXN-02659,CUST-0043,2024-09-23,Premium Membership,1140.77,18.0,1
TXN-02660,CUST-0126,2025-02-16,Market Analysis,19278.63,28.0,1
TXN-02661,CUST-0108,2025-08-24,Workshop Ticket,1640.99,25.0,1
TXN-02662,CUST-0181,2024-09-07,Annual Subscription,4358.78,28.0,1
TXN-02663,CUST-0129,2025-12-30,Litigation Support,27624.38,25.0,1
TXN-02664,CUST-0138,2024-12-22,Litigation Support,20297.06,25.0,1
TXN-02665,CUST-0094,2024-12-14,Enterprise License,29325.49,35.0,1
TXN-02666,CUST-0017,2025-02-03,Market Analysis,24234.9,28.0,1
TXN-02667,CUST-0192,2025-06-22,Monthly Subscription,144.12,40.0,1
TXN-02668,CUST-0080,2025-04-29,Monthly Subscription,523.55,40.0,1
TXN-02669,CUST-0096,2024-09-11,Executive Coaching,18760.33,35.0,3
TXN-02670,CUST-0053,2025-07-01,Implementation Fee,5197.11,20.0,1
TXN-02671,CUST-0055,2025-09-25,SEO Package,8683.54,20.0,3
TXN-02672,CUST-0137,2024-02-24,Property Listing,4034.04,30.0,1
TXN-02673,CUST-0051,2025-10-03,Enterprise License,47738.0,35.0,1
TXN-02674,CUST-0177,2025-07-26,Website Development,8562.31,25.0,1
TXN-02675,CUST-0106,2024-08-16,Annual Subscription,643.41,28.0,1
TXN-02676,CUST-0001,2024-05-07,Product Sale,39.96,15.0,1
TXN-02677,CUST-0129,2025-12-17,Litigation Support,24799.27,25.0,1
TXN-02678,CUST-0084,2025-05-30,Bulk Order,9710.71,12.0,1
TXN-02679,CUST-0135,2024-03-12,Subscription Box,95.18,20.0,1
TXN-02680,CUST-0076,2025-07-11,Monthly Subscription,90.09,40.0,1
TXN-02681,CUST-0095,2025-05-14,Product Sale,180.36,15.0,1
TXN-02682,CUST-0091,2024-09-12,SEO Package,2644.59,20.0,1
TXN-02683,CUST-0127,2025-03-21,Annual Subscription,999.25,45.0,1
TXN-02684,CUST-0031,2025-04-27,Valuation Report,1387.03,35.0,1
TXN-02685,CUST-0059,2024-12-10,Patient Consultation,251.9,30.0,1
TXN-02686,CUST-0067,2025-03-01,PPC Campaign,16914.83,18.0,1
TXN-02687,CUST-0038,2025-05-05,Monthly Subscription,537.36,40.0,1
TXN-02688,CUST-0032,2025-01-10,Social Media Mgmt,4471.57,22.0,1
TXN-02689,CUST-0022,2025-02-21,Annual Subscription,579.2,28.0,1
TXN-02690,CUST-0192,2024-07-23,Implementation Fee,6237.87,20.0,1
TXN-02691,CUST-0127,2024-09-18,Implementation Fee,12590.54,20.0,1
TXN-02692,CUST-0148,2025-01-29,Premium Membership,904.23,18.0,1
TXN-02693,CUST-0076,2025-07-30,Monthly Subscription,348.73,40.0,1
TXN-02694,CUST-0158,2025-08-30,Bulk Order,15220.68,12.0,1
TXN-02695,CUST-0008,2025-11-14,SEO Package,7431.79,20.0,1
TXN-02696,CUST-0112,2024-04-20,Process Optimization,55930.0,22.0,1
TXN-02697,CUST-0055,2025-03-28,PPC Campaign,15839.72,18.0,1
TXN-02698,CUST-0124,2024-03-27,Valuation Report,1829.74,35.0,1
TXN-02699,CUST-0091,2024-12-10,SEO Package,6117.31,20.0,1
TXN-02700,CUST-0184,2024-01-07,Implementation Fee,7481.18,20.0,1
TXN-02701,CUST-0090,2024-07-25,Strategy Session,11936.93,30.0,1
TXN-02702,CUST-0060,2025-06-17,Valuation Report,2476.34,35.0,1
TXN-02703,CUST-0113,2024-04-11,Implementation Fee,5982.98,20.0,1
TXN-02704,CUST-0071,2024-05-19,PPC Campaign,20333.16,18.0,1
TXN-02705,CUST-0099,2024-11-15,Litigation Support,14229.95,25.0,1
TXN-02706,CUST-0141,2025-03-28,Market Analysis,23363.02,28.0,1
TXN-02707,CUST-0096,2024-08-06,Process Optimization,12099.93,22.0,1
TXN-02708,CUST-0074,2025-02-25,Hourly Consultation,1305.62,35.0,1
TXN-02709,CUST-0007,2024-07-03,SEO Package,5042.79,20.0,1
TXN-02710,CUST-0154,2025-12-13,Website Development,26111.71,25.0,1
TXN-02711,CUST-0197,2024-09-11,Website Development,37678.82,25.0,1
TXN-02712,CUST-0150,2024-11-22,Telemedicine Plan,1373.67,28.0,3
TXN-02713,CUST-0106,2024-07-20,Annual Subscription,773.35,28.0,1
TXN-02714,CUST-0038,2025-10-28,Annual Subscription,1379.42,45.0,1
TXN-02715,CUST-0155,2024-12-17,Course Enrollment,1608.84,20.0,1
TXN-02716,CUST-0143,2025-01-31,Consultation Fee,432.18,32.0,1
TXN-02717,CUST-0155,2024-07-05,Annual Subscription,3276.57,28.0,1
TXN-02718,CUST-0053,2024-10-17,Implementation Fee,9544.41,20.0,1
TXN-02719,CUST-0184,2024-01-18,Annual Subscription,5396.13,45.0,1
TXN-02720,CUST-0146,2025-11-21,PPC Campaign,25786.72,18.0,1
TXN-02721,CUST-0145,2025-09-23,Enterprise License,41540.25,35.0,1
TXN-02722,CUST-0146,2025-07-19,Website Development,24461.48,25.0,1
TXN-02723,CUST-0055,2025-11-08,PPC Campaign,10487.34,18.0,1
TXN-02724,CUST-0128,2024-10-14,Website Development,43328.39,25.0,1
TXN-02725,CUST-0164,2024-03-24,Workshop Ticket,246.08,25.0,1
TXN-02726,CUST-0027,2025-04-24,Strategy Session,9496.04,30.0,1
TXN-02727,CUST-0059,2024-03-20,Corporate Health,33720.71,22.0,1
TXN-02728,CUST-0147,2025-02-27,Market Analysis,13198.54,28.0,1
TXN-02729,CUST-0172,2025-11-09,Annual Subscription,4164.01,45.0,1
TXN-02730,CUST-0164,2024-03-11,Workshop Ticket,156.94,25.0,1
TXN-02731,CUST-0152,2025-09-08,Contract Review,2758.84,30.0,1
TXN-02732,CUST-0155,2025-01-26,Workshop Ticket,631.12,25.0,2
TXN-02733,CUST-0031,2025-12-18,Property Listing,874.73,30.0,3
TXN-02734,CUST-0006,2024-03-24,Annual Subscription,4371.72,28.0,1
TXN-02735,CUST-0111,2025-12-17,Monthly Subscription,146.29,40.0,1
TXN-02736,CUST-0149,2024-12-07,Bulk Order,40782.36,12.0,1
TXN-02737,CUST-0193,2024-10-25,Market Analysis,11657.71,28.0,1
TXN-02738,CUST-0124,2025-10-04,Property Management,5634.73,25.0,1
TXN-02739,CUST-0087,2025-06-15,Premium Membership,434.16,18.0,1
TXN-02740,CUST-0156,2025-12-04,Enterprise License,23038.44,35.0,1
TXN-02741,CUST-0042,2025-06-27,Property Listing,2474.21,30.0,2
TXN-02742,CUST-0003,2025-07-12,Website Development,9302.31,25.0,1
TXN-02743,CUST-0100,2025-03-20,PPC Campaign,22312.5,18.0,1
TXN-02744,CUST-0082,2025-11-25,Executive Coaching,3288.62,35.0,1
TXN-02745,CUST-0119,2024-11-24,Corporate Training,2965.08,22.0,1
TXN-02746,CUST-0130,2025-12-15,Process Optimization,40311.36,22.0,1
TXN-02747,CUST-0057,2025-12-09,PPC Campaign,15057.15,18.0,1
TXN-02748,CUST-0122,2025-04-12,Hourly Consultation,1815.52,35.0,1
TXN-02749,CUST-0061,2025-11-08,Executive Coaching,9531.16,35.0,2
TXN-02750,CUST-0138,2024-07-25,Hourly Consultation,3186.34,35.0,1
TXN-02751,CUST-0012,2025-09-08,Bulk Order,5204.72,12.0,1
TXN-02752,CUST-0113,2024-10-11,Annual Subscription,2615.78,45.0,1
TXN-02753,CUST-0158,2025-11-11,Subscription Box,68.46,20.0,1
TXN-02754,CUST-0056,2025-12-17,Hourly Consultation,1429.36,35.0,1
TXN-02755,CUST-0169,2024-06-20,Strategy Session,2629.67,30.0,1
TXN-02756,CUST-0049,2025-12-26,Monthly Subscription,409.35,40.0,1
TXN-02757,CUST-0174,2025-11-20,Valuation Report,3925.29,35.0,1
TXN-02758,CUST-0062,2025-03-16,Litigation Support,14293.17,25.0,1
TXN-02759,CUST-0075,2025-07-16,Retainer,13653.55,28.0,1
TXN-02760,CUST-0143,2025-12-06,Valuation Report,1394.41,35.0,1
TXN-02761,CUST-0136,2025-05-04,Consultation Fee,1939.04,32.0,1
TXN-02762,CUST-0043,2025-10-13,Bulk Order,9622.95,12.0,1
TXN-02763,CUST-0112,2025-06-05,Executive Coaching,7590.98,35.0,1
TXN-02764,CUST-0050,2025-04-01,Strategy Session,6912.17,30.0,1
TXN-02765,CUST-0023,2024-05-18,Contract Review,7123.05,30.0,1
TXN-02766,CUST-0137,2024-04-22,Valuation Report,3738.88,35.0,1
TXN-02767,CUST-0006,2024-03-20,Annual Subscription,2946.02,28.0,1
TXN-02768,CUST-0105,2024-12-05,Contract Review,5002.96,30.0,2
TXN-02769,CUST-0136,2024-06-13,Consultation Fee,1256.26,32.0,1
TXN-02770,CUST-0001,2024-06-15,Product Sale,379.95,15.0,1
TXN-02771,CUST-0144,2024-10-13,Consultation Fee,2912.31,32.0,1
TXN-02772,CUST-0094,2025-12-16,Enterprise License,30032.56,35.0,1
TXN-02773,CUST-0043,2024-10-12,Subscription Box,77.26,20.0,1
TXN-02774,CUST-0144,2025-01-05,Property Listing,2369.65,30.0,1
TXN-02775,CUST-0110,2025-03-17,PPC Campaign,20429.92,18.0,2
TXN-02776,CUST-0108,2025-09-17,Corporate Training,17625.02,22.0,1
TXN-02777,CUST-0022,2024-05-10,Corporate Training,26149.49,22.0,1
TXN-02778,CUST-0072,2024-07-05,Property Listing,3893.09,30.0,1
TXN-02779,CUST-0050,2025-01-23,Process Optimization,14758.88,22.0,3
TXN-02780,CUST-0085,2024-11-18,Valuation Report,3914.84,35.0,1
TXN-02781,CUST-0136,2025-04-20,Valuation Report,4598.48,35.0,2
TXN-02782,CUST-0072,2025-08-30,Valuation Report,1870.14,35.0,1
TXN-02783,CUST-0196,2025-12-27,Corporate Health,24068.01,22.0,2
TXN-02784,CUST-0137,2024-07-19,Property Listing,1251.59,30.0,1
TXN-02785,CUST-0026,2025-07-02,Market Analysis,22640.84,28.0,2
TXN-02786,CUST-0036,2025-01-25,Annual Subscription,825.47,45.0,1
TXN-02787,CUST-0065,2025-12-13,Premium Membership,95.67,18.0,1
TXN-02788,CUST-0096,2025-07-11,Executive Coaching,9141.53,35.0,1
TXN-02789,CUST-0146,2025-10-30,Social Media Mgmt,6883.56,22.0,1
TXN-02790,CUST-0080,2024-02-08,Enterprise License,32901.72,35.0,1
TXN-02791,CUST-0092,2024-10-02,Retainer,27715.72,28.0,1
TXN-02792,CUST-0117,2025-10-28,Monthly Subscription,178.32,40.0,1
TXN-02793,CUST-0100,2024-09-04,SEO Package,6908.67,20.0,1
TXN-02794,CUST-0088,2025-07-20,PPC Campaign,20508.89,18.0,1
TXN-02795,CUST-0156,2025-12-24,Annual Subscription,4520.07,45.0,1
TXN-02796,CUST-0112,2025-10-01,Executive Coaching,17843.64,35.0,1
TXN-02797,CUST-0097,2025-10-22,Executive Coaching,8685.42,35.0,1
TXN-02798,CUST-0159,2024-12-22,Process Optimization,67987.42,22.0,3
TXN-02799,CUST-0022,2025-05-18,Course Enrollment,800.43,20.0,2
TXN-02800,CUST-0112,2025-05-20,Market Analysis,19625.61,28.0,1
TXN-02801,CUST-0099,2024-11-29,Hourly Consultation,2123.26,35.0,1
TXN-02802,CUST-0029,2025-06-24,Telemedicine Plan,2510.42,28.0,1
TXN-02803,CUST-0125,2025-01-27,PPC Campaign,13506.74,18.0,1
TXN-02804,CUST-0142,2025-12-12,SEO Package,3007.06,20.0,1
TXN-02805,CUST-0152,2025-09-26,Hourly Consultation,1073.28,35.0,1
TXN-02806,CUST-0098,2024-12-21,Contract Review,5795.36,30.0,1
TXN-02807,CUST-0042,2025-09-18,Property Management,5215.87,25.0,1
TXN-02808,CUST-0170,2024-09-08,SEO Package,7886.58,20.0,1
TXN-02809,CUST-0034,2025-12-18,Hourly Consultation,2951.56,35.0,1
TXN-02810,CUST-0197,2024-07-19,SEO Package,7719.28,20.0,1
TXN-02811,CUST-0065,2025-06-09,Product Sale,287.85,15.0,1
TXN-02812,CUST-0126,2025-05-31,Executive Coaching,19413.46,35.0,1
TXN-02813,CUST-0140,2025-09-17,Property Listing,2897.28,30.0,1
TXN-02814,CUST-0152,2025-08-14,Litigation Support,74553.82,25.0,1
TXN-02815,CUST-0036,2024-06-26,Annual Subscription,3980.75,45.0,1
TXN-02816,CUST-0050,2025-04-30,Process Optimization,8879.2,22.0,1
TXN-02817,CUST-0038,2024-10-22,Enterprise License,7605.54,35.0,1
TXN-02818,CUST-0194,2025-06-08,Implementation Fee,7332.87,20.0,1
TXN-02819,CUST-0134,2025-05-16,PPC Campaign,3678.8,18.0,1
TXN-02820,CUST-0007,2024-09-14,Website Development,22288.75,25.0,1
TXN-02821,CUST-0065,2025-05-21,Product Sale,406.35,15.0,1
TXN-02822,CUST-0002,2025-07-14,Subscription Box,120.49,20.0,2
TXN-02823,CUST-0104,2025-03-11,Process Optimization,18354.56,22.0,1
TXN-02824,CUST-0184,2024-02-23,Implementation Fee,10163.4,20.0,1
TXN-02825,CUST-0167,2025-04-14,PPC Campaign,18165.04,18.0,1
TXN-02826,CUST-0179,2025-09-14,Workshop Ticket,367.89,25.0,1
TXN-02827,CUST-0169,2025-02-07,Executive Coaching,20757.31,35.0,1
TXN-02828,CUST-0056,2025-12-21,Litigation Support,58398.83,25.0,1
TXN-02829,CUST-0149,2025-11-23,Premium Membership,104.07,18.0,1
TXN-02830,CUST-0160,2024-03-25,SEO Package,3183.55,20.0,1
TXN-02831,CUST-0154,2025-12-08,Social Media Mgmt,6275.5,22.0,1
TXN-02832,CUST-0117,2025-06-14,Monthly Subscription,294.73,40.0,1
TXN-02833,CUST-0114,2025-12-10,Process Optimization,18967.86,22.0,1
TXN-02834,CUST-0003,2025-09-05,Website Development,30584.07,25.0,1
TXN-02835,CUST-0039,2024-09-23,Retainer,5923.4,28.0,1
TXN-02836,CUST-0058,2025-04-01,Website Development,41223.9,25.0,1
TXN-02837,CUST-0186,2025-05-18,SEO Package,4121.43,20.0,1
TXN-02838,CUST-0142,2025-12-01,SEO Package,1961.87,20.0,1
TXN-02839,CUST-0036,2025-06-01,Annual Subscription,658.79,45.0,1
TXN-02840,CUST-0158,2024-11-16,Subscription Box,134.3,20.0,1
TXN-02841,CUST-0148,2025-12-17,Subscription Box,112.01,20.0,1
TXN-02842,CUST-0087,2024-10-06,Premium Membership,829.5,18.0,1
TXN-02843,CUST-0062,2025-01-19,Retainer,8807.86,28.0,1
TXN-02844,CUST-0103,2025-01-21,Hourly Consultation,432.45,35.0,1
TXN-02845,CUST-0128,2024-09-24,Website Development,24158.17,25.0,1
TXN-02846,CUST-0088,2025-04-16,PPC Campaign,14724.09,18.0,1
TXN-02847,CUST-0051,2025-06-22,Annual Subscription,4964.22,45.0,1
TXN-02848,CUST-0171,2025-11-26,Property Management,8567.24,25.0,1
TXN-02849,CUST-0070,2025-01-18,Monthly Subscription,152.29,40.0,1
TXN-02850,CUST-0131,2024-08-17,Annual Subscription,731.86,45.0,3
TXN-02851,CUST-0149,2025-06-02,Premium Membership,808.16,18.0,1
TXN-02852,CUST-0182,2024-10-11,Litigation Support,11962.7,25.0,2
TXN-02853,CUST-0039,2024-05-11,Litigation Support,69268.17,25.0,1
TXN-02854,CUST-0016,2024-05-13,Retainer,12316.25,28.0,1
TXN-02855,CUST-0042,2025-01-23,Consultation Fee,1982.86,32.0,1
TXN-02856,CUST-0173,2025-04-22,Social Media Mgmt,7386.41,22.0,1
TXN-02857,CUST-0177,2025-08-06,PPC Campaign,14661.32,18.0,1
TXN-02858,CUST-0089,2025-12-08,Process Optimization,44351.7,22.0,1
TXN-02859,CUST-0137,2024-06-30,Property Management,8420.13,25.0,1
TXN-02860,CUST-0150,2025-08-29,Corporate Health,14097.54,22.0,2
TXN-02861,CUST-0182,2024-11-22,Litigation Support,49069.5,25.0,1
TXN-02862,CUST-0053,2025-01-26,Implementation Fee,14575.18,20.0,1
TXN-02863,CUST-0144,2025-05-13,Property Listing,1274.13,30.0,1
TXN-02864,CUST-0103,2025-03-07,Hourly Consultation,2498.35,35.0,1
TXN-02865,CUST-0073,2024-04-06,Social Media Mgmt,8392.3,22.0,1
TXN-02866,CUST-0012,2025-05-14,Premium Membership,553.79,18.0,1
TXN-02867,CUST-0112,2025-05-17,Process Optimization,10569.38,22.0,1
TXN-02868,CUST-0046,2024-07-28,Website Development,56073.48,25.0,1
TXN-02869,CUST-0084,2024-12-23,Bulk Order,5218.63,12.0,1
TXN-02870,CUST-0021,2024-07-09,Strategy Session,12926.66,30.0,1
TXN-02871,CUST-0022,2025-02-25,Corporate Training,16691.46,22.0,1
TXN-02872,CUST-0078,2025-09-23,Valuation Report,1797.72,35.0,1
TXN-02873,CUST-0180,2025-05-16,Premium Membership,807.66,18.0,1
TXN-02874,CUST-0190,2025-12-30,Valuation Report,1050.9,35.0,1
TXN-02875,CUST-0031,2024-05-28,Valuation Report,1686.4,35.0,3
TXN-02876,CUST-0143,2024-11-28,Valuation Report,2218.99,35.0,1
TXN-02877,CUST-0102,2024-10-12,SEO Package,4104.56,20.0,1
TXN-02878,CUST-0140,2025-10-14,Property Management,4758.41,25.0,1
TXN-02879,CUST-0014,2024-12-31,Property Management,1268.02,25.0,1
TXN-02880,CUST-0039,2025-05-22,Hourly Consultation,562.94,35.0,1
TXN-02881,CUST-0040,2024-09-28,Corporate Health,26651.96,22.0,1
TXN-02882,CUST-0103,2025-07-01,Litigation Support,65701.92,25.0,1
TXN-02883,CUST-0186,2025-12-24,SEO Package,4933.6,20.0,1
TXN-02884,CUST-0124,2024-06-19,Property Listing,3266.88,30.0,1
TXN-02885,CUST-0101,2025-04-01,Consultation Fee,930.53,32.0,1
TXN-02886,CUST-0145,2025-11-19,Enterprise License,35224.86,35.0,1
TXN-02887,CUST-0031,2025-03-06,Valuation Report,3671.62,35.0,2
TXN-02888,CUST-0094,2025-01-21,Implementation Fee,17195.53,20.0,1
TXN-02889,CUST-0181,2025-03-08,Annual Subscription,3956.04,28.0,1
TXN-02890,CUST-0041,2025-03-12,Bulk Order,36051.68,12.0,1
TXN-02891,CUST-0195,2025-12-16,Product Sale,63.39,15.0,1
TXN-02892,CUST-0088,2025-08-15,SEO Package,3068.99,20.0,1
TXN-02893,CUST-0130,2025-03-08,Process Optimization,40101.84,22.0,1
TXN-02894,CUST-0118,2024-10-27,Subscription Box,184.77,20.0,1
TXN-02895,CUST-0199,2025-01-07,PPC Campaign,22589.74,18.0,1
TXN-02896,CUST-0035,2024-09-12,Corporate Training,15154.99,22.0,1
TXN-02897,CUST-0038,2025-09-04,Enterprise License,39948.85,35.0,1
TXN-02898,CUST-0107,2024-09-10,Subscription Box,131.05,20.0,1
TXN-02899,CUST-0172,2025-05-18,Annual Subscription,3623.09,45.0,1
TXN-02900,CUST-0185,2025-12-28,Enterprise License,51135.92,35.0,1
TXN-02901,CUST-0094,2025-04-14,Monthly Subscription,239.54,40.0,1
TXN-02902,CUST-0147,2025-11-07,Executive Coaching,10957.8,35.0,2
TXN-02903,CUST-0173,2024-08-05,SEO Package,5988.15,20.0,1
TXN-02904,CUST-0062,2025-01-29,Litigation Support,31754.07,25.0,1
TXN-02905,CUST-0115,2025-03-07,Property Management,6415.59,25.0,1
TXN-02906,CUST-0190,2025-12-23,Valuation Report,1148.41,35.0,1
TXN-02907,CUST-0033,2025-09-19,Product Sale,148.65,15.0,1
TXN-02908,CUST-0182,2025-03-20,Contract Review,7928.88,30.0,2
TXN-02909,CUST-0067,2025-05-14,Social Media Mgmt,4250.59,22.0,1
TXN-02910,CUST-0109,2025-11-01,SEO Package,4058.21,20.0,1
TXN-02911,CUST-0112,2024-10-03,Process Optimization,42855.97,22.0,1
TXN-02912,CUST-0072,2024-12-13,Consultation Fee,840.22,32.0,1
TXN-02913,CUST-0146,2024-11-16,Social Media Mgmt,11810.46,22.0,3
TXN-02914,CUST-0002,2025-06-09,Premium Membership,505.33,18.0,1
TXN-02915,CUST-0070,2024-12-07,Enterprise License,19611.88,35.0,1
TXN-02916,CUST-0090,2024-01-27,Process Optimization,44929.33,22.0,3
TXN-02917,CUST-0064,2025-12-17,Corporate Health,49809.12,22.0,1
TXN-02918,CUST-0039,2024-03-25,Hourly Consultation,2087.75,35.0,1
TXN-02919,CUST-0184,2024-03-24,Implementation Fee,9059.58,20.0,1
TXN-02920,CUST-0191,2024-09-22,Course Enrollment,2237.04,20.0,1
TXN-02921,CUST-0014,2025-04-13,Property Listing,3800.67,30.0,1
TXN-02922,CUST-0184,2024-04-29,Implementation Fee,18835.97,20.0,2
TXN-02923,CUST-0038,2024-09-27,Annual Subscription,1530.42,45.0,1
TXN-02924,CUST-0162,2024-10-29,Course Enrollment,3284.87,20.0,1
TXN-02925,CUST-0193,2024-09-07,Executive Coaching,5209.05,35.0,1
TXN-02926,CUST-0159,2025-09-19,Process Optimization,17785.24,22.0,1
TXN-02927,CUST-0030,2025-05-29,PPC Campaign,21607.45,18.0,3
TXN-02928,CUST-0068,2024-12-25,Product Sale,172.33,15.0,1
TXN-02929,CUST-0024,2025-12-08,SEO Package,2095.98,20.0,1
TXN-02930,CUST-0159,2024-10-17,Market Analysis,5278.17,28.0,1
TXN-02931,CUST-0007,2024-09-08,SEO Package,4629.44,20.0,1
TXN-02932,CUST-0006,2024-04-13,Corporate Training,21974.43,22.0,1
TXN-02933,CUST-0095,2025-10-01,Bulk Order,42367.47,12.0,1
TXN-02934,CUST-0009,2025-09-12,Retainer,24587.84,28.0,1
TXN-02935,CUST-0136,2025-01-13,Property Management,2294.1,25.0,1
TXN-02936,CUST-0105,2024-12-25,Litigation Support,57597.46,25.0,1
TXN-02937,CUST-0179,2025-04-29,Workshop Ticket,920.0,25.0,1
TXN-02938,CUST-0026,2025-12-30,Strategy Session,6519.58,30.0,1
TXN-02939,CUST-0093,2025-07-18,Consultation Fee,2801.69,32.0,2
TXN-02940,CUST-0101,2025-11-10,Valuation Report,3493.61,35.0,1
TXN-02941,CUST-0159,2025-04-30,Market Analysis,24320.41,28.0,1
TXN-02942,CUST-0192,2024-11-06,Enterprise License,8503.66,35.0,1
TXN-02943,CUST-0106,2024-08-05,Course Enrollment,215.61,20.0,1
TXN-02944,CUST-0071,2024-06-14,Website Development,26959.92,25.0,1
TXN-02945,CUST-0058,2024-05-31,PPC Campaign,6823.32,18.0,1
TXN-02946,CUST-0108,2025-08-28,Corporate Training,15159.46,22.0,1
TXN-02947,CUST-0034,2025-06-21,Contract Review,9054.6,30.0,1
TXN-02948,CUST-0043,2025-05-30,Subscription Box,104.86,20.0,1
TXN-02949,CUST-0144,2024-06-20,Property Management,6383.35,25.0,1
TXN-02950,CUST-0006,2024-07-18,Annual Subscription,5041.21,28.0,1
TXN-02951,CUST-0193,2024-04-27,Strategy Session,7575.58,30.0,1
TXN-02952,CUST-0067,2025-07-23,SEO Package,8007.08,20.0,1
TXN-02953,CUST-0120,2025-07-10,PPC Campaign,14709.45,18.0,1
TXN-02954,CUST-0143,2024-08-15,Consultation Fee,686.0,32.0,1
TXN-02955,CUST-0096,2024-06-24,Executive Coaching,20176.13,35.0,1
TXN-02956,CUST-0073,2025-09-15,PPC Campaign,9481.54,18.0,1
TXN-02957,CUST-0033,2024-09-21,Bulk Order,39593.19,12.0,1
TXN-02958,CUST-0047,2025-04-20,Bulk Order,25690.48,12.0,1
TXN-02959,CUST-0067,2025-05-16,Website Development,27379.78,25.0,1
TXN-02960,CUST-0199,2025-08-04,Website Development,16478.34,25.0,1
TXN-02961,CUST-0069,2025-12-09,Subscription Box,150.29,20.0,1
TXN-02962,CUST-0194,2024-04-27,Enterprise License,27765.81,35.0,1
TXN-02963,CUST-0090,2024-05-28,Strategy Session,9806.89,30.0,1
TXN-02964,CUST-0138,2025-09-07,Litigation Support,20184.69,25.0,1
TXN-02965,CUST-0098,2024-07-31,Contract Review,7902.48,30.0,1
TXN-02966,CUST-0175,2025-06-06,Patient Consultation,313.13,30.0,1
TXN-02967,CUST-0034,2025-04-26,Hourly Consultation,2739.99,35.0,1
TXN-02968,CUST-0162,2025-05-18,Workshop Ticket,154.37,25.0,1
TXN-02969,CUST-0032,2024-10-19,SEO Package,2373.0,20.0,1
TXN-02970,CUST-0054,2025-04-15,Valuation Report,3514.0,35.0,1
TXN-02971,CUST-0037,2024-05-17,Corporate Training,23691.99,22.0,1
TXN-02972,CUST-0077,2025-12-15,Wellness Program,9637.36,25.0,1
TXN-02973,CUST-0188,2024-10-13,Course Enrollment,1288.85,20.0,1
TXN-02974,CUST-0099,2024-05-10,Retainer,21947.0,28.0,1
TXN-02975,CUST-0180,2025-02-24,Premium Membership,904.2,18.0,1
TXN-02976,CUST-0186,2025-02-27,SEO Package,6845.54,20.0,1
TXN-02977,CUST-0103,2025-11-10,Hourly Consultation,1562.85,35.0,1
TXN-02978,CUST-0167,2024-07-15,Website Development,48491.28,25.0,1
TXN-02979,CUST-0025,2024-11-27,Telemedicine Plan,2392.15,28.0,1
TXN-02980,CUST-0096,2025-08-15,Process Optimization,56658.92,22.0,1
TXN-02981,CUST-0122,2025-02-28,Retainer,20292.64,28.0,1
TXN-02982,CUST-0184,2024-03-18,Enterprise License,29776.05,35.0,2
TXN-02983,CUST-0166,2025-11-04,Corporate Health,26254.48,22.0,1
TXN-02984,CUST-0064,2025-11-21,Wellness Program,4069.33,25.0,2
TXN-02985,CUST-0097,2025-05-08,Process Optimization,39905.35,22.0,1
TXN-02986,CUST-0114,2025-12-28,Executive Coaching,5983.38,35.0,1
TXN-02987,CUST-0121,2025-12-12,Litigation Support,83442.67,25.0,1
TXN-02988,CUST-0168,2025-02-02,SEO Package,5095.34,20.0,1
TXN-02989,CUST-0157,2025-10-07,SEO Package,7554.79,20.0,1
TXN-02990,CUST-0105,2025-12-05,Retainer,18817.66,28.0,1
TXN-02991,CUST-0177,2025-12-13,Website Development,6666.77,25.0,1
TXN-02992,CUST-0161,2025-10-05,Workshop Ticket,254.77,25.0,1
TXN-02993,CUST-0174,2025-03-21,Property Management,3323.42,25.0,1
TXN-02994,CUST-0020,2024-12-30,Property Management,5780.01,25.0,1
TXN-02995,CUST-0102,2024-12-20,SEO Package,6032.92,20.0,1
TXN-02996,CUST-0056,2025-04-30,Hourly Consultation,911.08,35.0,1
TXN-02997,CUST-0198,2024-11-27,Market Analysis,21387.67,28.0,1
TXN-02998,CUST-0187,2024-02-27,Course Enrollment,1195.38,20.0,1
TXN-02999,CUST-0059,2025-11-09,Telemedicine Plan,2385.42,28.0,1
TXN-03000,CUST-0199,2025-12-10,Website Development,6425.64,25.0,1
TXN-03001,CUST-0082,2025-10-18,Executive Coaching,17787.07,35.0,1
TXN-03002,CUST-0146,2024-03-11,Social Media Mgmt,10723.23,22.0,1
TXN-03003,CUST-0058,2024-12-20,Website Development,41924.1,25.0,1
TXN-03004,CUST-0134,2024-12-13,Website Development,31714.79,25.0,1
TXN-03005,CUST-0131,2024-09-17,Monthly Subscription,451.68,40.0,1
TXN-03006,CUST-0133,2024-06-15,Product Sale,551.36,15.0,1
TXN-03007,CUST-0189,2024-09-16,Monthly Subscription,228.12,40.0,1
TXN-03008,CUST-0027,2025-02-19,Strategy Session,8612.48,30.0,1
TXN-03009,CUST-0150,2025-11-27,Corporate Health,24246.27,22.0,1
TXN-03010,CUST-0168,2025-09-29,PPC Campaign,11171.53,18.0,1
TXN-03011,CUST-0141,2024-12-28,Executive Coaching,18697.88,35.0,1
TXN-03012,CUST-0049,2025-05-13,Monthly Subscription,116.6,40.0,3
TXN-03013,CUST-0013,2024-10-10,Social Media Mgmt,1982.69,22.0,1
TXN-03014,CUST-0120,2024-06-06,PPC Campaign,6443.06,18.0,1
TXN-03015,CUST-0199,2025-08-09,SEO Package,7143.01,20.0,1
TXN-03016,CUST-0129,2025-12-20,Contract Review,2769.16,30.0,1
TXN-03017,CUST-0087,2025-02-26,Product Sale,233.87,15.0,1
TXN-03018,CUST-0061,2024-09-06,Process Optimization,29662.49,22.0,1
TXN-03019,CUST-0170,2024-10-29,PPC Campaign,5599.06,18.0,1
TXN-03020,CUST-0128,2025-02-17,Website Development,9333.14,25.0,1
TXN-03021,CUST-0118,2024-12-24,Premium Membership,702.46,18.0,2
TXN-03022,CUST-0073,2025-06-12,SEO Package,3202.58,20.0,1
TXN-03023,CUST-0105,2025-06-21,Retainer,11181.67,28.0,1
TXN-03024,CUST-0156,2025-12-08,Monthly Subscription,425.27,40.0,1
TXN-03025,CUST-0109,2025-11-01,Website Development,36076.9,25.0,1
TXN-03026,CUST-0177,2025-10-24,Social Media Mgmt,9244.15,22.0,1
TXN-03027,CUST-0029,2025-04-24,Patient Consultation,481.18,30.0,1
TXN-03028,CUST-0028,2025-02-03,Course Enrollment,1387.43,20.0,1
TXN-03029,CUST-0170,2025-12-25,PPC Campaign,20272.3,18.0,1
TXN-03030,CUST-0089,2025-12-02,Market Analysis,19273.51,28.0,1
TXN-03031,CUST-0071,2024-07-03,SEO Package,5848.9,20.0,1
TXN-03032,CUST-0131,2025-11-11,Enterprise License,22801.56,35.0,1
TXN-03033,CUST-0116,2024-12-20,Subscription Box,139.3,20.0,1
TXN-03034,CUST-0097,2025-07-17,Process Optimization,47953.25,22.0,1
TXN-03035,CUST-0058,2024-10-31,PPC Campaign,5777.23,18.0,1
TXN-03036,CUST-0108,2025-08-16,Corporate Training,24780.21,22.0,1
TXN-03037,CUST-0135,2024-05-14,Subscription Box,104.59,20.0,2
TXN-03038,CUST-0133,2024-06-12,Product Sale,323.79,15.0,1
TXN-03039,CUST-0147,2024-08-02,Executive Coaching,16725.23,35.0,1
TXN-03040,CUST-0004,2025-06-12,SEO Package,2780.34,20.0,1
TXN-03041,CUST-0098,2024-08-01,Retainer,27408.08,28.0,1
TXN-03042,CUST-0044,2025-04-20,Litigation Support,47353.08,25.0,1
TXN-03043,CUST-0160,2024-05-28,SEO Package,7335.13,20.0,1
TXN-03044,CUST-0115,2025-09-10,Property Listing,3323.98,30.0,1
TXN-03045,CUST-0028,2025-11-30,Course Enrollment,1223.5,20.0,3
TXN-03046,CUST-0026,2024-02-10,Strategy Session,2536.83,30.0,1
TXN-03047,CUST-0124,2025-07-20,Property Listing,2078.98,30.0,2
TXN-03048,CUST-0153,2025-03-24,Corporate Health,29222.35,22.0,1
TXN-03049,CUST-0162,2025-07-26,Workshop Ticket,367.0,25.0,2
TXN-03050,CUST-0173,2024-11-30,Website Development,5119.56,25.0,1
TXN-03051,CUST-0082,2025-10-13,Strategy Session,4730.12,30.0,1
TXN-03052,CUST-0012,2025-05-28,Product Sale,77.42,15.0,1
TXN-03053,CUST-0035,2025-11-08,Corporate Training,12075.03,22.0,1
TXN-03054,CUST-0192,2025-06-29,Annual Subscription,618.38,45.0,1
TXN-03055,CUST-0110,2025-03-21,PPC Campaign,4081.94,18.0,1
TXN-03056,CUST-0033,2025-05-02,Premium Membership,668.19,18.0,1
TXN-03057,CUST-0031,2024-10-23,Valuation Report,3604.24,35.0,1
TXN-03058,CUST-0015,2025-08-26,Implementation Fee,5883.14,20.0,1
TXN-03059,CUST-0040,2024-07-29,Patient Consultation,134.04,30.0,1
TXN-03060,CUST-0181,2025-02-23,Course Enrollment,846.19,20.0,1
TXN-03061,CUST-0107,2025-11-14,Subscription Box,156.03,20.0,1
TXN-03062,CUST-0046,2025-04-04,Website Development,50447.32,25.0,1
TXN-03063,CUST-0132,2025-12-06,Social Media Mgmt,4896.3,22.0,1
TXN-03064,CUST-0069,2025-12-02,Premium Membership,438.21,18.0,1
TXN-03065,CUST-0048,2024-12-06,Social Media Mgmt,5701.55,22.0,1
TXN-03066,CUST-0091,2024-11-23,PPC Campaign,18132.65,18.0,1
TXN-03067,CUST-0041,2024-11-14,Product Sale,219.45,15.0,2
TXN-03068,CUST-0053,2025-09-14,Monthly Subscription,390.84,40.0,1
TXN-03069,CUST-0095,2025-06-14,Product Sale,171.52,15.0,1
TXN-03070,CUST-0033,2025-04-16,Product Sale,53.19,15.0,1
TXN-03071,CUST-0053,2024-05-30,Annual Subscription,636.13,45.0,1
TXN-03072,CUST-0098,2025-02-11,Contract Review,6494.91,30.0,1
TXN-03073,CUST-0081,2025-08-10,Enterprise License,17049.84,35.0,1
TXN-03074,CUST-0011,2024-12-03,Social Media Mgmt,9803.92,22.0,1
TXN-03075,CUST-0050,2025-05-29,Executive Coaching,7768.2,35.0,1
TXN-03076,CUST-0118,2024-12-14,Premium Membership,1014.11,18.0,1
TXN-03077,CUST-0095,2025-04-16,Product Sale,386.14,15.0,1
TXN-03078,CUST-0181,2024-07-21,Corporate Training,7960.75,22.0,1
TXN-03079,CUST-0193,2024-12-26,Process Optimization,54721.66,22.0,1
TXN-03080,CUST-0035,2024-05-09,Workshop Ticket,691.92,25.0,1
TXN-03081,CUST-0163,2025-04-29,Strategy Session,2482.52,30.0,1
TXN-03082,CUST-0189,2025-04-03,Implementation Fee,13513.44,20.0,1
TXN-03083,CUST-0123,2025-12-17,PPC Campaign,2463.62,18.0,1
TXN-03084,CUST-0127,2024-06-22,Implementation Fee,2917.76,20.0,1
TXN-03085,CUST-0158,2025-12-27,Premium Membership,568.57,18.0,1
TXN-03086,CUST-0167,2025-05-06,PPC Campaign,4745.78,18.0,1
TXN-03087,CUST-0048,2025-10-27,PPC Campaign,24884.03,18.0,1
TXN-03088,CUST-0196,2025-12-08,Corporate Health,8755.87,22.0,1
TXN-03089,CUST-0092,2025-04-07,Contract Review,4940.4,30.0,1
TXN-03090,CUST-0084,2025-03-15,Product Sale,444.84,15.0,1
TXN-03091,CUST-0074,2025-03-06,Contract Review,8956.69,30.0,1
TXN-03092,CUST-0059,2025-08-07,Patient Consultation,382.37,30.0,1
TXN-03093,CUST-0181,2024-11-09,Workshop Ticket,228.11,25.0,1
TXN-03094,CUST-0174,2025-03-10,Property Listing,1868.03,30.0,1
TXN-03095,CUST-0192,2025-03-16,Implementation Fee,6544.13,20.0,1
TXN-03096,CUST-0017,2025-10-24,Executive Coaching,17717.25,35.0,1
TXN-03097,CUST-0002,2025-08-24,Bulk Order,11772.98,12.0,1
TXN-03098,CUST-0186,2025-12-15,SEO Package,4737.96,20.0,1
TXN-03099,CUST-0175,2025-09-20,Corporate Health,35016.27,22.0,2
TXN-03100,CUST-0006,2024-03-11,Corporate Training,8921.4,22.0,1
TXN-03101,CUST-0199,2024-08-22,Website Development,44223.68,25.0,1
TXN-03102,CUST-0128,2024-10-17,SEO Package,7081.63,20.0,1
TXN-03103,CUST-0125,2025-03-05,PPC Campaign,11563.46,18.0,1
TXN-03104,CUST-0023,2024-08-20,Retainer,28514.79,28.0,1
TXN-03105,CUST-0192,2025-01-18,Monthly Subscription,469.02,40.0,2
TXN-03106,CUST-0042,2025-11-09,Consultation Fee,1321.41,32.0,1
TXN-03107,CUST-0086,2024-04-29,Implementation Fee,16215.45,20.0,1
TXN-03108,CUST-0167,2025-11-03,Website Development,32520.36,25.0,1
TXN-03109,CUST-0181,2025-08-21,Course Enrollment,2479.53,20.0,1
TXN-03110,CUST-0056,2025-02-09,Litigation Support,74285.41,25.0,1
TXN-03111,CUST-0065,2025-09-22,Premium Membership,752.17,18.0,1
TXN-03112,CUST-0152,2025-07-06,Hourly Consultation,730.48,35.0,1
TXN-03113,CUST-0168,2025-01-29,SEO Package,1934.75,20.0,1
TXN-03114,CUST-0155,2024-07-09,Corporate Training,13623.85,22.0,2
TXN-03115,CUST-0001,2025-03-22,Product Sale,397.44,15.0,1
TXN-03116,CUST-0077,2025-12-17,Corporate Health,31205.28,22.0,1
TXN-03117,CUST-0051,2025-11-08,Annual Subscription,4143.59,45.0,1
TXN-03118,CUST-0065,2025-08-29,Bulk Order,34096.58,12.0,1
TXN-03119,CUST-0035,2024-04-17,Corporate Training,5331.26,22.0,1
TXN-03120,CUST-0111,2025-03-19,Implementation Fee,4772.85,20.0,1
TXN-03121,CUST-0170,2024-12-07,SEO Package,5288.91,20.0,3
TXN-03122,CUST-0112,2025-06-18,Strategy Session,4228.54,30.0,1
TXN-03123,CUST-0192,2025-02-16,Monthly Subscription,338.94,40.0,1
TXN-03124,CUST-0018,2025-09-20,Property Management,8885.02,25.0,1
TXN-03125,CUST-0200,2025-06-15,Consultation Fee,605.6,32.0,1
TXN-03126,CUST-0151,2025-07-18,Retainer,24352.66,28.0,1
TXN-03127,CUST-0168,2025-11-09,SEO Package,1735.1,20.0,1
TXN-03128,CUST-0104,2025-10-03,Strategy Session,10193.92,30.0,1
TXN-03129,CUST-0030,2024-12-05,PPC Campaign,10976.35,18.0,1
TXN-03130,CUST-0144,2024-02-24,Valuation Report,4495.2,35.0,1
TXN-03131,CUST-0126,2025-01-26,Market Analysis,26133.85,28.0,1
TXN-03132,CUST-0189,2025-04-13,Enterprise License,25917.56,35.0,1
TXN-03133,CUST-0159,2025-10-16,Process Optimization,25068.67,22.0,1
TXN-03134,CUST-0185,2025-12-28,Monthly Subscription,464.74,40.0,1
TXN-03135,CUST-0083,2025-12-01,Market Analysis,31426.57,28.0,3
TXN-03136,CUST-0081,2025-11-07,Implementation Fee,11198.24,20.0,1
TXN-03137,CUST-0137,2024-03-22,Consultation Fee,2105.97,32.0,1
TXN-03138,CUST-0026,2025-03-03,Market Analysis,21478.6,28.0,1
TXN-03139,CUST-0056,2025-03-15,Hourly Consultation,1617.05,35.0,1
TXN-03140,CUST-0183,2025-09-24,Annual Subscription,1947.2,28.0,1
TXN-03141,CUST-0001,2025-07-09,Bulk Order,53944.71,12.0,1
TXN-03142,CUST-0186,2025-01-27,PPC Campaign,15134.45,18.0,1
TXN-03143,CUST-0031,2024-07-05,Property Listing,3882.33,30.0,3
TXN-03144,CUST-0161,2025-10-30,Annual Subscription,786.34,28.0,1
TXN-03145,CUST-0051,2024-10-01,Implementation Fee,10589.69,20.0,1
TXN-03146,CUST-0186,2025-03-19,Social Media Mgmt,5261.1,22.0,1
TXN-03147,CUST-0175,2025-12-23,Patient Consultation,338.11,30.0,1
TXN-03148,CUST-0008,2025-01-21,PPC Campaign,9689.08,18.0,1
TXN-03149,CUST-0123,2025-12-14,Website Development,42266.83,25.0,1
TXN-03150,CUST-0012,2025-09-05,Product Sale,162.09,15.0,1
TXN-03151,CUST-0122,2025-07-28,Retainer,18519.38,28.0,1
TXN-03152,CUST-0137,2024-03-14,Consultation Fee,2470.61,32.0,1
TXN-03153,CUST-0065,2025-09-08,Product Sale,397.33,15.0,1
TXN-03154,CUST-0087,2025-01-16,Product Sale,344.81,15.0,1
TXN-03155,CUST-0176,2025-05-22,Patient Consultation,269.9,30.0,1
TXN-03156,CUST-0042,2025-03-14,Valuation Report,3647.49,35.0,1
TXN-03157,CUST-0046,2024-08-19,SEO Package,7949.24,20.0,1
TXN-03158,CUST-0162,2024-10-17,Annual Subscription,612.88,28.0,1
TXN-03159,CUST-0003,2025-07-08,Social Media Mgmt,10492.78,22.0,1
TXN-03160,CUST-0081,2025-02-17,Enterprise License,18647.73,35.0,2
TXN-03161,CUST-0042,2025-10-28,Property Listing,662.76,30.0,1
TXN-03162,CUST-0087,2024-05-09,Subscription Box,140.8,20.0,1
TXN-03163,CUST-0006,2024-05-03,Annual Subscription,3113.26,28.0,1
TXN-03164,CUST-0109,2025-10-28,Social Media Mgmt,4957.21,22.0,1
TXN-03165,CUST-0021,2024-08-26,Executive Coaching,20491.64,35.0,2
TXN-03166,CUST-0103,2024-10-31,Litigation Support,18550.14,25.0,1
TXN-03167,CUST-0179,2025-06-04,Annual Subscription,1042.95,28.0,1
TXN-03168,CUST-0047,2024-09-28,Product Sale,377.96,15.0,1
TXN-03169,CUST-0056,2025-04-24,Hourly Consultation,411.14,35.0,1
TXN-03170,CUST-0164,2024-04-21,Workshop Ticket,1145.82,25.0,1
TXN-03171,CUST-0093,2025-10-18,Property Listing,2539.47,30.0,1
TXN-03172,CUST-0067,2025-08-19,Social Media Mgmt,6741.48,22.0,1
TXN-03173,CUST-0148,2025-07-15,Premium Membership,189.55,18.0,1
TXN-03174,CUST-0148,2025-05-06,Premium Membership,600.56,18.0,1
TXN-03175,CUST-0187,2024-06-28,Corporate Training,22514.07,22.0,2
TXN-03176,CUST-0075,2025-01-03,Hourly Consultation,845.93,35.0,1
TXN-03177,CUST-0119,2025-12-17,Course Enrollment,2163.85,20.0,1
TXN-03178,CUST-0126,2025-01-21,Market Analysis,5226.09,28.0,1
TXN-03179,CUST-0010,2025-09-13,Implementation Fee,8422.03,20.0,3
TXN-03180,CUST-0065,2025-08-05,Subscription Box,120.75,20.0,1
TXN-03181,CUST-0105,2025-06-21,Retainer,7767.02,28.0,2
TXN-03182,CUST-0126,2025-04-01,Strategy Session,8543.28,30.0,1
TXN-03183,CUST-0187,2025-06-22,Corporate Training,7641.28,22.0,1
TXN-03184,CUST-0164,2024-04-24,Workshop Ticket,678.17,25.0,1
TXN-03185,CUST-0162,2025-09-16,Workshop Ticket,1131.6,25.0,1
TXN-03186,CUST-0023,2025-09-22,Hourly Consultation,579.81,35.0,1
TXN-03187,CUST-0055,2025-10-31,PPC Campaign,13194.85,18.0,1
TXN-03188,CUST-0011,2025-03-29,SEO Package,7105.19,20.0,1
TXN-03189,CUST-0191,2024-10-02,Annual Subscription,4198.25,28.0,1
TXN-03190,CUST-0115,2025-04-11,Property Management,5144.6,25.0,1
TXN-03191,CUST-0014,2025-03-26,Valuation Report,2177.83,35.0,1
TXN-03192,CUST-0049,2025-02-15,Monthly Subscription,453.58,40.0,1
TXN-03193,CUST-0122,2025-05-16,Retainer,21244.76,28.0,1
TXN-03194,CUST-0002,2025-08-18,Product Sale,252.72,15.0,1
TXN-03195,CUST-0196,2025-12-21,Patient Consultation,431.18,30.0,1
TXN-03196,CUST-0015,2025-10-03,Implementation Fee,7727.45,20.0,1
TXN-03197,CUST-0114,2025-10-02,Executive Coaching,5042.07,35.0,1
TXN-03198,CUST-0071,2024-06-15,SEO Package,3212.3,20.0,1
TXN-03199,CUST-0165,2025-11-28,PPC Campaign,22646.9,18.0,1
TXN-03200,CUST-0045,2024-07-18,Property Listing,2863.9,30.0,1
TXN-03201,CUST-0063,2025-01-21,Website Development,47998.59,25.0,1
TXN-03202,CUST-0118,2025-04-26,Bulk Order,33265.68,12.0,1
TXN-03203,CUST-0039,2024-05-27,Retainer,10078.77,28.0,1
TXN-03204,CUST-0200,2025-12-03,Property Management,3175.14,25.0,1
TXN-03205,CUST-0055,2024-02-29,SEO Package,2525.3,20.0,1
TXN-03206,CUST-0164,2024-03-13,Workshop Ticket,1203.39,25.0,1
TXN-03207,CUST-0170,2025-08-06,Website Development,21232.2,25.0,1
TXN-03208,CUST-0142,2025-12-30,PPC Campaign,16534.29,18.0,1
TXN-03209,CUST-0185,2025-12-07,Enterprise License,22566.73,35.0,1
TXN-03210,CUST-0049,2025-02-10,Implementation Fee,18454.39,20.0,1
TXN-03211,CUST-0015,2025-08-24,Implementation Fee,16027.85,20.0,1
TXN-03212,CUST-0079,2024-09-05,Workshop Ticket,406.21,25.0,2
TXN-03213,CUST-0015,2025-06-20,Enterprise License,38876.3,35.0,1
TXN-03214,CUST-0041,2025-03-29,Bulk Order,42649.29,12.0,1
TXN-03215,CUST-0102,2024-06-02,Social Media Mgmt,5173.51,22.0,1
TXN-03216,CUST-0044,2024-11-13,Litigation Support,33082.87,25.0,1
TXN-03217,CUST-0114,2025-12-07,Executive Coaching,16119.98,35.0,1
TXN-03218,CUST-0036,2025-10-06,Annual Subscription,3072.21,45.0,1
TXN-03219,CUST-0045,2024-07-26,Property Management,1512.1,25.0,1
TXN-03220,CUST-0064,2025-12-01,Corporate Health,32230.76,22.0,1
TXN-03221,CUST-0117,2025-04-14,Enterprise License,30563.25,35.0,1
TXN-03222,CUST-0032,2024-12-15,Social Media Mgmt,5384.64,22.0,1
TXN-03223,CUST-0014,2025-07-25,Property Management,5624.6,25.0,1
TXN-03224,CUST-0191,2024-11-13,Workshop Ticket,226.81,25.0,1
TXN-03225,CUST-0076,2025-03-31,Annual Subscription,3751.06,45.0,1
TXN-03226,CUST-0092,2024-03-29,Litigation Support,56291.51,25.0,1
TXN-03227,CUST-0150,2025-04-16,Telemedicine Plan,1987.13,28.0,1
TXN-03228,CUST-0097,2024-06-18,Market Analysis,5801.52,28.0,1
TXN-03229,CUST-0108,2025-11-10,Workshop Ticket,317.51,25.0,1
TXN-03230,CUST-0130,2025-10-10,Process Optimization,45310.04,22.0,1
TXN-03231,CUST-0078,2024-07-09,Property Listing,1367.83,30.0,1
TXN-03232,CUST-0005,2025-10-20,Social Media Mgmt,8140.63,22.0,1
TXN-03233,CUST-0119,2025-06-03,Annual Subscription,436.78,28.0,1
TXN-03234,CUST-0036,2025-12-02,Implementation Fee,11483.2,20.0,1
TXN-03235,CUST-0160,2025-04-23,Social Media Mgmt,3304.35,22.0,1
TXN-03236,CUST-0097,2025-07-02,Executive Coaching,6895.08,35.0,1
TXN-03237,CUST-0197,2024-09-20,Website Development,28938.6,25.0,2
TXN-03238,CUST-0076,2024-11-04,Monthly Subscription,268.97,40.0,1
TXN-03239,CUST-0178,2024-09-21,Website Development,13415.81,25.0,2
TXN-03240,CUST-0114,2025-12-29,Executive Coaching,7906.14,35.0,1
TXN-03241,CUST-0180,2025-06-28,Subscription Box,174.22,20.0,2
TXN-03242,CUST-0086,2024-11-02,Monthly Subscription,289.76,40.0,1
TXN-03243,CUST-0040,2025-11-19,Patient Consultation,573.77,30.0,1
TXN-03244,CUST-0077,2025-12-06,Wellness Program,13017.4,25.0,1
TXN-03245,CUST-0052,2024-04-24,Valuation Report,4226.99,35.0,1
TXN-03246,CUST-0140,2025-09-13,Property Management,9230.17,25.0,1
TXN-03247,CUST-0198,2024-12-02,Process Optimization,46343.04,22.0,1
TXN-03248,CUST-0126,2025-04-09,Process Optimization,45859.98,22.0,1
TXN-03249,CUST-0108,2025-08-29,Workshop Ticket,543.2,25.0,1
TXN-03250,CUST-0088,2025-11-18,Website Development,36827.52,25.0,1
TXN-03251,CUST-0058,2024-10-13,Social Media Mgmt,7679.63,22.0,1
TXN-03252,CUST-0186,2024-10-01,SEO Package,2221.82,20.0,1
TXN-03253,CUST-0115,2025-05-13,Property Listing,2671.47,30.0,2
TXN-03254,CUST-0059,2025-06-07,Telemedicine Plan,2333.0,28.0,1
TXN-03255,CUST-0177,2025-08-05,PPC Campaign,18654.17,18.0,1
TXN-03256,CUST-0124,2025-02-26,Property Listing,3303.08,30.0,1
TXN-03257,CUST-0051,2025-08-27,Annual Subscription,4881.96,45.0,1
TXN-03258,CUST-0101,2024-12-25,Consultation Fee,2090.35,32.0,1
TXN-03259,CUST-0088,2025-11-14,SEO Package,4296.62,20.0,1
TXN-03260,CUST-0071,2024-06-26,Social Media Mgmt,6763.22,22.0,1
TXN-03261,CUST-0145,2025-08-20,Monthly Subscription,214.56,40.0,1
TXN-03262,CUST-0044,2024-06-07,Retainer,17934.44,28.0,1
TXN-03263,CUST-0136,2024-06-30,Consultation Fee,1386.36,32.0,1
TXN-03264,CUST-0075,2025-11-09,Retainer,15957.94,28.0,1
TXN-03265,CUST-0098,2024-12-12,Litigation Support,63107.03,25.0,1
TXN-03266,CUST-0188,2025-12-04,Course Enrollment,2352.27,20.0,1
TXN-03267,CUST-0167,2024-10-03,Website Development,27688.19,25.0,1
TXN-03268,CUST-0138,2025-05-19,Litigation Support,57880.84,25.0,1
TXN-03269,CUST-0095,2025-11-19,Subscription Box,56.02,20.0,1
TXN-03270,CUST-0071,2024-07-29,PPC Campaign,2895.0,18.0,2
TXN-03271,CUST-0120,2025-07-23,SEO Package,5429.93,20.0,1
TXN-03272,CUST-0080,2025-03-07,Enterprise License,49508.45,35.0,1
TXN-03273,CUST-0011,2024-04-07,SEO Package,8001.68,20.0,1
TXN-03274,CUST-0109,2025-09-02,SEO Package,7314.2,20.0,1
TXN-03275,CUST-0090,2024-04-16,Process Optimization,23012.55,22.0,1
TXN-03276,CUST-0180,2025-09-03,Bulk Order,6291.73,12.0,1
TXN-03277,CUST-0040,2024-10-17,Wellness Program,12079.67,25.0,1
TXN-03278,CUST-0052,2024-04-06,Property Listing,2386.8,30.0,1
TXN-03279,CUST-0195,2025-02-06,Subscription Box,186.31,20.0,1
TXN-03280,CUST-0038,2024-12-31,Annual Subscription,2711.48,45.0,1
TXN-03281,CUST-0088,2025-03-21,Website Development,26999.68,25.0,1
TXN-03282,CUST-0154,2025-12-10,PPC Campaign,20900.45,18.0,1
TXN-03283,CUST-0157,2025-11-20,Website Development,39069.37,25.0,1
TXN-03284,CUST-0047,2025-03-09,Bulk Order,20665.19,12.0,1
TXN-03285,CUST-0171,2025-11-16,Valuation Report,2334.21,35.0,1
TXN-03286,CUST-0040,2024-07-03,Telemedicine Plan,1099.45,28.0,1
TXN-03287,CUST-0156,2025-12-12,Annual Subscription,822.81,45.0,2
TXN-03288,CUST-0172,2025-01-18,Annual Subscription,3242.71,45.0,1
TXN-03289,CUST-0017,2024-08-14,Process Optimization,40229.75,22.0,1
TXN-03290,CUST-0033,2024-11-06,Product Sale,423.53,15.0,1
TXN-03291,CUST-0177,2025-11-27,Social Media Mgmt,6125.63,22.0,1
TXN-03292,CUST-0150,2025-04-03,Corporate Health,4392.53,22.0,1
TXN-03293,CUST-0184,2024-03-06,Annual Subscription,1269.51,45.0,1
TXN-03294,CUST-0054,2024-10-01,Property Listing,2652.81,30.0,2
TXN-03295,CUST-0071,2024-08-03,SEO Package,5986.94,20.0,1
TXN-03296,CUST-0093,2025-08-18,Valuation Report,2255.09,35.0,1
TXN-03297,CUST-0045,2024-08-10,Property Listing,2523.28,30.0,1
TXN-03298,CUST-0119,2025-05-25,Corporate Training,26171.09,22.0,1
TXN-03299,CUST-0119,2025-04-22,Annual Subscription,1538.9,28.0,1
TXN-03300,CUST-0065,2024-12-06,Premium Membership,611.75,18.0,1
TXN-03301,CUST-0015,2025-04-11,Monthly Subscription,133.52,40.0,1
TXN-03302,CUST-0031,2025-08-21,Valuation Report,2633.4,35.0,1
TXN-03303,CUST-0003,2025-07-28,SEO Package,1770.51,20.0,1
TXN-03304,CUST-0082,2025-11-01,Market Analysis,7080.72,28.0,1
TXN-03305,CUST-0118,2025-11-27,Product Sale,38.16,15.0,1
TXN-03306,CUST-0069,2025-12-02,Subscription Box,191.1,20.0,1
TXN-03307,CUST-0072,2025-03-22,Consultation Fee,646.86,32.0,3
TXN-03308,CUST-0072,2024-11-07,Consultation Fee,3329.69,32.0,1
TXN-03309,CUST-0161,2025-12-13,Course Enrollment,1275.47,20.0,1
TXN-03310,CUST-0135,2024-12-22,Premium Membership,212.05,18.0,1
TXN-03311,CUST-0196,2025-12-16,Wellness Program,6657.45,25.0,1
TXN-03312,CUST-0071,2024-06-20,SEO Package,7340.35,20.0,1
TXN-03313,CUST-0074,2024-11-26,Litigation Support,47390.49,25.0,1
TXN-03314,CUST-0166,2025-10-29,Telemedicine Plan,2747.35,28.0,1
TXN-03315,CUST-0172,2024-11-07,Enterprise License,43412.59,35.0,1
TXN-03316,CUST-0149,2025-12-27,Premium Membership,408.86,18.0,1
TXN-03317,CUST-0088,2025-10-28,SEO Package,2068.24,20.0,1
TXN-03318,CUST-0194,2025-09-25,Implementation Fee,6670.28,20.0,1
TXN-03319,CUST-0188,2024-06-23,Course Enrollment,2108.43,20.0,1
TXN-03320,CUST-0189,2025-11-10,Monthly Subscription,383.63,40.0,1
TXN-03321,CUST-0027,2025-12-19,Process Optimization,53464.35,22.0,1
TXN-03322,CUST-0081,2025-11-01,Implementation Fee,9190.57,20.0,1
TXN-03323,CUST-0174,2024-09-12,Property Management,4088.46,25.0,1
TXN-03324,CUST-0143,2024-09-15,Property Management,1411.87,25.0,1
TXN-03325,CUST-0146,2024-07-18,Website Development,24479.28,25.0,1
TXN-03326,CUST-0103,2025-07-28,Litigation Support,51982.66,25.0,1
TXN-03327,CUST-0009,2025-11-17,Retainer,25532.72,28.0,1
TXN-03328,CUST-0041,2024-12-25,Product Sale,153.16,15.0,3
TXN-03329,CUST-0155,2024-08-10,Annual Subscription,3174.78,28.0,1
TXN-03330,CUST-0009,2025-12-12,Litigation Support,23058.32,25.0,1
TXN-03331,CUST-0175,2025-04-24,Telemedicine Plan,1747.69,28.0,1
TXN-03332,CUST-0048,2024-09-10,Website Development,30271.24,25.0,1
TXN-03333,CUST-0070,2025-01-25,Enterprise License,21486.11,35.0,1
TXN-03334,CUST-0095,2025-06-15,Bulk Order,20738.58,12.0,1
TXN-03335,CUST-0115,2024-09-13,Consultation Fee,2462.13,32.0,1
TXN-03336,CUST-0038,2025-03-06,Monthly Subscription,481.77,40.0,1
TXN-03337,CUST-0037,2024-04-04,Corporate Training,27043.45,22.0,2
TXN-03338,CUST-0002,2025-12-11,Subscription Box,75.26,20.0,1
TXN-03339,CUST-0114,2025-09-24,Process Optimization,22925.21,22.0,1
TXN-03340,CUST-0101,2025-12-14,Property Listing,2919.35,30.0,1
TXN-03341,CUST-0149,2024-08-10,Product Sale,433.54,15.0,1
TXN-03342,CUST-0159,2024-10-27,Market Analysis,6953.42,28.0,1
TXN-03343,CUST-0034,2025-03-07,Hourly Consultation,1495.49,35.0,1
TXN-03344,CUST-0058,2024-06-22,Website Development,41202.64,25.0,1
TXN-03345,CUST-0103,2024-10-08,Contract Review,8084.15,30.0,1
TXN-03346,CUST-0171,2025-12-15,Property Management,5091.33,25.0,2
TXN-03347,CUST-0190,2025-12-01,Consultation Fee,944.09,32.0,1
TXN-03348,CUST-0055,2025-04-05,Website Development,33451.21,25.0,3
TXN-03349,CUST-0095,2024-09-14,Subscription Box,198.64,20.0,1
TXN-03350,CUST-0200,2025-04-26,Consultation Fee,2966.84,32.0,1
TXN-03351,CUST-0005,2025-08-21,Website Development,47324.93,25.0,1
TXN-03352,CUST-0008,2025-09-05,SEO Package,3447.38,20.0,1
TXN-03353,CUST-0157,2024-12-09,Website Development,30199.79,25.0,1
TXN-03354,CUST-0125,2024-06-04,PPC Campaign,18825.01,18.0,1
TXN-03355,CUST-0197,2024-08-10,Social Media Mgmt,6808.11,22.0,1
TXN-03356,CUST-0067,2025-07-22,Website Development,44295.83,25.0,1
TXN-03357,CUST-0037,2024-04-27,Course Enrollment,304.68,20.0,2
TXN-03358,CUST-0061,2025-06-22,Strategy Session,5600.75,30.0,1
TXN-03359,CUST-0041,2025-11-18,Product Sale,444.81,15.0,1
TXN-03360,CUST-0056,2025-07-02,Contract Review,5741.0,30.0,1
TXN-03361,CUST-0150,2025-11-03,Telemedicine Plan,2080.44,28.0,1
TXN-03362,CUST-0011,2024-05-30,Website Development,14111.06,25.0,1
TXN-03363,CUST-0057,2025-12-01,SEO Package,4025.33,20.0,1
TXN-03364,CUST-0044,2025-12-18,Litigation Support,45024.21,25.0,1
TXN-03365,CUST-0016,2024-04-20,Retainer,15380.45,28.0,1
TXN-03366,CUST-0176,2024-11-30,Corporate Health,7228.15,22.0,1
TXN-03367,CUST-0052,2024-03-09,Consultation Fee,918.09,32.0,1
TXN-03368,CUST-0002,2025-09-24,Bulk Order,32703.12,12.0,2
TXN-03369,CUST-0159,2025-05-10,Executive Coaching,5502.66,35.0,1
TXN-03370,CUST-0029,2025-04-29,Telemedicine Plan,492.57,28.0,3
TXN-03371,CUST-0060,2025-02-16,Property Listing,2295.74,30.0,1
TXN-03372,CUST-0150,2025-03-09,Corporate Health,42293.82,22.0,1
TXN-03373,CUST-0068,2024-05-22,Product Sale,315.5,15.0,1
TXN-03374,CUST-0007,2024-08-09,Website Development,50385.51,25.0,1
TXN-03375,CUST-0056,2024-11-24,Hourly Consultation,673.45,35.0,1
TXN-03376,CUST-0134,2024-03-01,Website Development,22029.71,25.0,1
TXN-03377,CUST-0087,2025-03-30,Product Sale,217.46,15.0,2
TXN-03378,CUST-0131,2024-02-18,Enterprise License,34727.82,35.0,2
TXN-03379,CUST-0078,2025-06-19,Property Listing,1176.08,30.0,1
TXN-03380,CUST-0057,2025-12-07,Social Media Mgmt,2943.54,22.0,2
TXN-03381,CUST-0129,2025-12-29,Litigation Support,53842.9,25.0,3
TXN-03382,CUST-0189,2024-09-19,Monthly Subscription,323.63,40.0,1
TXN-03383,CUST-0135,2025-01-10,Premium Membership,264.75,18.0,2
TXN-03384,CUST-0079,2024-10-15,Annual Subscription,5821.66,28.0,1
TXN-03385,CUST-0080,2024-10-21,Implementation Fee,15128.23,20.0,2
TXN-03386,CUST-0167,2024-10-16,PPC Campaign,26466.07,18.0,1
TXN-03387,CUST-0087,2025-08-14,Product Sale,194.59,15.0,1
TXN-03388,CUST-0138,2025-11-22,Retainer,9804.89,28.0,1
TXN-03389,CUST-0063,2025-11-10,SEO Package,4237.74,20.0,1
TXN-03390,CUST-0155,2025-06-01,Workshop Ticket,1404.67,25.0,1
TXN-03391,CUST-0038,2025-06-01,Annual Subscription,4963.15,45.0,1
TXN-03392,CUST-0099,2025-04-28,Retainer,17447.77,28.0,1
TXN-03393,CUST-0141,2025-01-05,Process Optimization,52356.99,22.0,1
TXN-03394,CUST-0171,2025-11-27,Property Management,2431.19,25.0,1
TXN-03395,CUST-0180,2025-07-31,Premium Membership,268.62,18.0,1
TXN-03396,CUST-0063,2024-07-18,Social Media Mgmt,2155.05,22.0,1
TXN-03397,CUST-0152,2025-07-27,Hourly Consultation,2099.35,35.0,3
TXN-03398,CUST-0124,2024-05-08,Property Management,3500.19,25.0,1
TXN-03399,CUST-0184,2024-03-28,Monthly Subscription,409.87,40.0,1
TXN-03400,CUST-0024,2025-07-18,Website Development,41611.98,25.0,1
TXN-03401,CUST-0016,2024-01-20,Hourly Consultation,1499.0,35.0,3
TXN-03402,CUST-0108,2025-12-13,Annual Subscription,5135.45,28.0,1
TXN-03403,CUST-0164,2024-04-27,Course Enrollment,1090.19,20.0,1
TXN-03404,CUST-0105,2025-10-11,Litigation Support,64168.25,25.0,1
TXN-03405,CUST-0007,2024-06-20,SEO Package,5274.79,20.0,1
TXN-03406,CUST-0147,2024-10-11,Process Optimization,19355.0,22.0,1
TXN-03407,CUST-0094,2025-11-28,Annual Subscription,1916.66,45.0,3
TXN-03408,CUST-0037,2024-05-02,Annual Subscription,681.08,28.0,2
TXN-03409,CUST-0003,2025-05-24,SEO Package,5076.46,20.0,1
TXN-03410,CUST-0019,2025-10-03,Property Management,10492.53,25.0,1
TXN-03411,CUST-0098,2025-01-30,Contract Review,6423.83,30.0,1
TXN-03412,CUST-0035,2025-07-23,Workshop Ticket,1181.58,25.0,1
TXN-03413,CUST-0195,2025-10-22,Premium Membership,389.28,18.0,1
TXN-03414,CUST-0156,2025-12-25,Annual Subscription,4458.22,45.0,1
TXN-03415,CUST-0077,2025-12-03,Patient Consultation,201.14,30.0,1
TXN-03416,CUST-0097,2025-08-07,Market Analysis,15943.62,28.0,1
TXN-03417,CUST-0105,2025-05-03,Hourly Consultation,1517.66,35.0,1
TXN-03418,CUST-0127,2025-05-22,Implementation Fee,19174.2,20.0,1
TXN-03419,CUST-0072,2024-07-17,Property Listing,4500.47,30.0,2
TXN-03420,CUST-0197,2024-10-04,Social Media Mgmt,11015.26,22.0,1
TXN-03421,CUST-0003,2025-07-10,Website Development,34533.23,25.0,1
TXN-03422,CUST-0045,2024-07-30,Valuation Report,2806.97,35.0,1
TXN-03423,CUST-0133,2024-05-29,Product Sale,380.23,15.0,1
TXN-03424,CUST-0001,2025-10-23,Subscription Box,136.04,20.0,1
TXN-03425,CUST-0086,2024-12-08,Implementation Fee,15307.67,20.0,1
TXN-03426,CUST-0068,2024-06-18,Premium Membership,495.3,18.0,1
TXN-03427,CUST-0089,2025-12-24,Process Optimization,33497.5,22.0,1
TXN-03428,CUST-0074,2024-10-18,Contract Review,6017.48,30.0,1
TXN-03429,CUST-0008,2025-10-13,SEO Package,1551.59,20.0,1
TXN-03430,CUST-0022,2024-09-21,Course Enrollment,1800.75,20.0,1
TXN-03431,CUST-0102,2025-02-15,Social Media Mgmt,7734.51,22.0,1
TXN-03432,CUST-0150,2025-12-16,Patient Consultation,296.87,30.0,1
TXN-03433,CUST-0046,2025-12-18,SEO Package,3865.81,20.0,1
TXN-03434,CUST-0095,2024-07-31,Premium Membership,439.48,18.0,1
TXN-03435,CUST-0115,2024-12-09,Consultation Fee,2731.81,32.0,1
TXN-03436,CUST-0101,2024-07-12,Consultation Fee,831.46,32.0,1
TXN-03437,CUST-0181,2025-04-19,Corporate Training,19786.41,22.0,1
TXN-03438,CUST-0093,2025-07-18,Valuation Report,1304.5,35.0,1
TXN-03439,CUST-0094,2024-06-30,Annual Subscription,1106.29,45.0,1
TXN-03440,CUST-0197,2024-08-19,Social Media Mgmt,3702.3,22.0,1
TXN-03441,CUST-0123,2025-10-31,Social Media Mgmt,6091.71,22.0,1
TXN-03442,CUST-0100,2024-11-13,PPC Campaign,7571.05,18.0,1
TXN-03443,CUST-0158,2025-07-27,Subscription Box,121.2,20.0,1
TXN-03444,CUST-0006,2024-05-01,Course Enrollment,2170.14,20.0,1
TXN-03445,CUST-0052,2024-02-08,Valuation Report,1443.51,35.0,1
TXN-03446,CUST-0089,2025-12-01,Market Analysis,10626.44,28.0,1
TXN-03447,CUST-0114,2025-09-12,Market Analysis,16897.9,28.0,1
TXN-03448,CUST-0048,2025-12-10,PPC Campaign,3757.7,18.0,1
TXN-03449,CUST-0136,2025-09-21,Valuation Report,2414.86,35.0,1
TXN-03450,CUST-0040,2025-11-20,Telemedicine Plan,1238.55,28.0,1
TXN-03451,CUST-0037,2024-03-31,Workshop Ticket,245.39,25.0,1
TXN-03452,CUST-0038,2024-08-27,Enterprise License,42246.49,35.0,1
TXN-03453,CUST-0033,2025-02-14,Bulk Order,40517.23,12.0,1
TXN-03454,CUST-0027,2025-04-01,Executive Coaching,15083.5,35.0,1
TXN-03455,CUST-0115,2024-12-16,Consultation Fee,1013.98,32.0,1
TXN-03456,CUST-0087,2024-06-23,Premium Membership,995.12,18.0,1
TXN-03457,CUST-0105,2025-03-25,Litigation Support,23726.77,25.0,1
TXN-03458,CUST-0156,2025-12-27,Implementation Fee,15579.74,20.0,1
TXN-03459,CUST-0140,2025-06-09,Property Listing,2392.99,30.0,1
TXN-03460,CUST-0053,2024-12-02,Annual Subscription,2434.88,45.0,1
TXN-03461,CUST-0101,2025-07-11,Property Listing,3838.89,30.0,1
TXN-03462,CUST-0040,2024-09-04,Telemedicine Plan,2458.2,28.0,1
TXN-03463,CUST-0141,2025-11-05,Market Analysis,4656.75,28.0,1
TXN-03464,CUST-0138,2024-11-09,Contract Review,5497.58,30.0,1
TXN-03465,CUST-0003,2025-09-06,Social Media Mgmt,3344.53,22.0,1
TXN-03466,CUST-0059,2024-02-02,Patient Consultation,447.84,30.0,1
TXN-03467,CUST-0043,2025-08-27,Product Sale,366.3,15.0,2
TXN-03468,CUST-0049,2025-12-01,Monthly Subscription,329.4,40.0,1
TXN-03469,CUST-0053,2025-03-07,Monthly Subscription,223.08,40.0,1
TXN-03470,CUST-0072,2025-02-26,Consultation Fee,2052.17,32.0,2
TXN-03471,CUST-0023,2024-08-17,Contract Review,9354.6,30.0,1
TXN-03472,CUST-0018,2025-05-18,Property Listing,2608.72,30.0,1
TXN-03473,CUST-0134,2025-10-17,Social Media Mgmt,9014.14,22.0,1
TXN-03474,CUST-0144,2024-06-14,Consultation Fee,602.5,32.0,1
TXN-03475,CUST-0107,2025-02-08,Subscription Box,144.16,20.0,2
TXN-03476,CUST-0099,2024-08-30,Litigation Support,70990.91,25.0,1
TXN-03477,CUST-0165,2025-12-29,PPC Campaign,8414.29,18.0,1
TXN-03478,CUST-0030,2025-12-01,SEO Package,5399.85,20.0,1
TXN-03479,CUST-0053,2024-12-02,Enterprise License,32263.63,35.0,1
TXN-03480,CUST-0043,2025-01-03,Subscription Box,88.61,20.0,1
TXN-03481,CUST-0130,2025-04-06,Executive Coaching,13803.95,35.0,1
TXN-03482,CUST-0037,2024-05-27,Course Enrollment,934.05,20.0,1
TXN-03483,CUST-0135,2025-10-01,Bulk Order,33508.0,12.0,1
TXN-03484,CUST-0116,2025-01-18,Premium Membership,717.19,18.0,1
TXN-03485,CUST-0161,2025-09-07,Course Enrollment,955.06,20.0,1
TXN-03486,CUST-0173,2024-06-25,SEO Package,3568.76,20.0,1
TXN-03487,CUST-0177,2025-10-11,SEO Package,5809.91,20.0,1
TXN-03488,CUST-0058,2025-03-05,SEO Package,4486.97,20.0,1
TXN-03489,CUST-0108,2025-08-12,Annual Subscription,663.56,28.0,1
TXN-03490,CUST-0041,2025-09-28,Subscription Box,186.15,20.0,1
TXN-03491,CUST-0070,2025-02-12,Annual Subscription,2029.83,45.0,1
TXN-03492,CUST-0065,2025-11-07,Subscription Box,145.93,20.0,1
TXN-03493,CUST-0016,2024-03-20,Retainer,10822.71,28.0,1
TXN-03494,CUST-0035,2025-09-04,Corporate Training,20928.93,22.0,1
TXN-03495,CUST-0083,2025-11-09,Strategy Session,11819.28,30.0,1
TXN-03496,CUST-0164,2024-04-20,Workshop Ticket,1169.07,25.0,1
TXN-03497,CUST-0143,2025-02-20,Consultation Fee,1297.46,32.0,1
TXN-03498,CUST-0111,2024-09-15,Annual Subscription,1654.69,45.0,1
TXN-03499,CUST-0162,2025-01-22,Course Enrollment,3170.29,20.0,1
TXN-03500,CUST-0104,2025-09-03,Process Optimization,41544.24,22.0,1
TXN-03501,CUST-0114,2025-09-22,Process Optimization,12972.26,22.0,1
TXN-03502,CUST-0173,2024-12-08,SEO Package,5145.85,20.0,1
TXN-03503,CUST-0086,2024-11-01,Monthly Subscription,349.9,40.0,1
TXN-03504,CUST-0092,2024-12-25,Contract Review,1832.64,30.0,1
TXN-03505,CUST-0086,2024-06-09,Enterprise License,35318.15,35.0,1
TXN-03506,CUST-0038,2024-12-19,Implementation Fee,14324.65,20.0,1
TXN-03507,CUST-0041,2025-11-26,Bulk Order,43881.49,12.0,1
TXN-03508,CUST-0098,2024-12-25,Retainer,10897.25,28.0,1
TXN-03509,CUST-0176,2025-11-23,Patient Consultation,99.25,30.0,1
TXN-03510,CUST-0081,2025-06-27,Monthly Subscription,133.83,40.0,1
TXN-03511,CUST-0155,2024-08-01,Corporate Training,12403.77,22.0,1
TXN-03512,CUST-0190,2025-12-16,Property Listing,3836.27,30.0,1
TXN-03513,CUST-0122,2025-03-21,Litigation Support,87937.22,25.0,1
TXN-03514,CUST-0098,2024-10-08,Litigation Support,38395.3,25.0,1
TXN-03515,CUST-0187,2024-10-22,Workshop Ticket,1082.11,25.0,1
TXN-03516,CUST-0101,2024-08-15,Consultation Fee,1986.52,32.0,1
TXN-03517,CUST-0163,2024-10-11,Executive Coaching,12027.16,35.0,1
TXN-03518,CUST-0151,2025-02-03,Litigation Support,10977.84,25.0,1
TXN-03519,CUST-0138,2025-09-04,Hourly Consultation,1694.12,35.0,1
TXN-03520,CUST-0118,2025-02-05,Premium Membership,429.7,18.0,1
TXN-03521,CUST-0089,2025-12-17,Executive Coaching,14615.89,35.0,1
TXN-03522,CUST-0084,2025-07-31,Subscription Box,111.88,20.0,1
TXN-03523,CUST-0058,2025-11-26,PPC Campaign,16326.09,18.0,1
TXN-03524,CUST-0083,2025-12-03,Process Optimization,8409.45,22.0,1
TXN-03525,CUST-0176,2025-05-10,Telemedicine Plan,998.06,28.0,1
TXN-03526,CUST-0128,2025-02-18,PPC Campaign,6276.8,18.0,1
TXN-03527,CUST-0166,2025-09-28,Corporate Health,21387.94,22.0,1
TXN-03528,CUST-0070,2025-06-16,Monthly Subscription,403.75,40.0,1
TXN-03529,CUST-0181,2024-08-02,Workshop Ticket,264.91,25.0,1
TXN-03530,CUST-0185,2025-12-12,Implementation Fee,21283.96,20.0,1
TXN-03531,CUST-0174,2024-10-05,Property Management,6960.08,25.0,1
TXN-03532,CUST-0079,2025-08-07,Workshop Ticket,1244.18,25.0,2
TXN-03533,CUST-0022,2024-05-26,Course Enrollment,2603.97,20.0,1
TXN-03534,CUST-0061,2025-06-24,Process Optimization,23778.13,22.0,1
TXN-03535,CUST-0072,2025-06-10,Property Management,2527.36,25.0,1
TXN-03536,CUST-0109,2025-10-06,SEO Package,5987.66,20.0,1
TXN-03537,CUST-0181,2024-06-29,Workshop Ticket,1174.0,25.0,1
TXN-03538,CUST-0130,2025-03-26,Market Analysis,18391.71,28.0,1
TXN-03539,CUST-0163,2025-10-12,Process Optimization,19562.04,22.0,1
TXN-03540,CUST-0056,2025-01-27,Hourly Consultation,2047.45,35.0,1
TXN-03541,CUST-0147,2025-01-23,Market Analysis,21478.55,28.0,3
TXN-03542,CUST-0045,2024-07-20,Consultation Fee,1819.33,32.0,1
TXN-03543,CUST-0158,2024-11-03,Premium Membership,380.55,18.0,1
TXN-03544,CUST-0141,2024-09-02,Strategy Session,9776.58,30.0,1
TXN-03545,CUST-0105,2025-12-27,Retainer,10297.52,28.0,1
TXN-03546,CUST-0107,2024-10-07,Bulk Order,41922.65,12.0,1
TXN-03547,CUST-0146,2025-12-17,PPC Campaign,8286.24,18.0,1
TXN-03548,CUST-0108,2025-12-01,Workshop Ticket,877.02,25.0,1
TXN-03549,CUST-0109,2025-12-22,SEO Package,2135.49,20.0,1
TXN-03550,CUST-0052,2024-03-03,Consultation Fee,3354.68,32.0,1
TXN-03551,CUST-0068,2024-10-09,Product Sale,326.85,15.0,1
TXN-03552,CUST-0144,2024-09-21,Property Management,7235.76,25.0,1
TXN-03553,CUST-0200,2025-07-27,Property Listing,4512.15,30.0,1
TXN-03554,CUST-0115,2025-09-26,Property Management,4301.2,25.0,1
TXN-03555,CUST-0146,2024-12-05,SEO Package,3268.73,20.0,1
TXN-03556,CUST-0046,2025-11-27,SEO Package,6177.11,20.0,1
TXN-03557,CUST-0195,2024-10-20,Product Sale,373.61,15.0,2
TXN-03558,CUST-0197,2024-10-17,SEO Package,4217.12,20.0,1
TXN-03559,CUST-0167,2025-05-24,Website Development,39080.49,25.0,1
TXN-03560,CUST-0113,2025-03-05,Annual Subscription,570.07,45.0,1
TXN-03561,CUST-0127,2024-07-31,Enterprise License,18630.4,35.0,1
TXN-03562,CUST-0068,2024-05-01,Subscription Box,63.96,20.0,2
TXN-03563,CUST-0098,2024-06-20,Retainer,23681.85,28.0,1
TXN-03564,CUST-0083,2025-11-07,Strategy Session,2612.82,30.0,1
TXN-03565,CUST-0188,2025-10-01,Corporate Training,18802.31,22.0,1
TXN-03566,CUST-0095,2025-02-09,Product Sale,39.26,15.0,1
TXN-03567,CUST-0089,2025-12-28,Market Analysis,15148.21,28.0,1
TXN-03568,CUST-0138,2025-04-07,Retainer,25862.86,28.0,1
TXN-03569,CUST-0041,2025-06-08,Bulk Order,31256.24,12.0,1
TXN-03570,CUST-0148,2024-11-17,Bulk Order,51177.64,12.0,1
TXN-03571,CUST-0068,2024-03-24,Subscription Box,163.96,20.0,1
TXN-03572,CUST-0013,2024-04-07,SEO Package,2272.68,20.0,1
TXN-03573,CUST-0162,2025-11-09,Annual Subscription,2116.68,28.0,1
TXN-03574,CUST-0004,2024-11-28,SEO Package,6805.99,20.0,1
TXN-03575,CUST-0076,2025-02-25,Annual Subscription,2629.57,45.0,1
TXN-03576,CUST-0128,2024-12-28,Social Media Mgmt,3205.38,22.0,1
TXN-03577,CUST-0066,2024-12-28,Annual Subscription,4700.21,45.0,1
TXN-03578,CUST-0159,2025-05-14,Process Optimization,50354.8,22.0,1
TXN-03579,CUST-0006,2024-04-28,Annual Subscription,5585.63,28.0,1
TXN-03580,CUST-0068,2025-10-17,Product Sale,299.08,15.0,1
TXN-03581,CUST-0180,2025-11-09,Subscription Box,104.83,20.0,1
TXN-03582,CUST-0148,2024-10-10,Bulk Order,34423.81,12.0,1
TXN-03583,CUST-0042,2025-12-29,Consultation Fee,2523.58,32.0,1
TXN-03584,CUST-0192,2024-12-27,Annual Subscription,2799.01,45.0,2
TXN-03585,CUST-0046,2024-08-08,Website Development,33212.76,25.0,1
TXN-03586,CUST-0159,2024-09-19,Strategy Session,6792.19,30.0,1
TXN-03587,CUST-0145,2025-09-14,Annual Subscription,3286.41,45.0,1
TXN-03588,CUST-0127,2024-08-15,Implementation Fee,18168.75,20.0,1
TXN-03589,CUST-0098,2024-06-18,Contract Review,6323.45,30.0,1
TXN-03590,CUST-0059,2025-07-10,Patient Consultation,349.01,30.0,1
TXN-03591,CUST-0094,2024-11-23,Annual Subscription,3734.57,45.0,1
TXN-03592,CUST-0174,2024-05-29,Consultation Fee,1141.4,32.0,1
TXN-03593,CUST-0127,2024-11-05,Monthly Subscription,396.22,40.0,1
TXN-03594,CUST-0100,2025-02-21,Website Development,24993.29,25.0,1
TXN-03595,CUST-0126,2025-05-31,Strategy Session,15560.97,30.0,3
TXN-03596,CUST-0001,2025-05-21,Bulk Order,46606.58,12.0,1
TXN-03597,CUST-0193,2025-11-28,Market Analysis,16261.91,28.0,2
TXN-03598,CUST-0181,2024-09-12,Course Enrollment,264.27,20.0,2
TXN-03599,CUST-0099,2025-10-12,Retainer,13210.37,28.0,1
TXN-03600,CUST-0029,2025-06-08,Corporate Health,22882.6,22.0,1
TXN-03601,CUST-0173,2025-04-08,Social Media Mgmt,7233.41,22.0,1
TXN-03602,CUST-0181,2025-03-14,Course Enrollment,3162.22,20.0,1
TXN-03603,CUST-0120,2025-03-09,PPC Campaign,19652.84,18.0,1
TXN-03604,CUST-0025,2024-12-12,Wellness Program,9216.89,25.0,1
TXN-03605,CUST-0017,2024-10-25,Executive Coaching,8240.38,35.0,1
TXN-03606,CUST-0042,2025-10-31,Consultation Fee,825.37,32.0,1
TXN-03607,CUST-0030,2025-12-09,Social Media Mgmt,5064.64,22.0,2
TXN-03608,CUST-0190,2025-12-04,Property Listing,1614.98,30.0,1
TXN-03609,CUST-0093,2025-12-28,Consultation Fee,2369.4,32.0,1
TXN-03610,CUST-0098,2024-11-19,Contract Review,10337.63,30.0,1
TXN-03611,CUST-0038,2025-08-14,Enterprise License,47293.53,35.0,1
TXN-03612,CUST-0184,2024-02-15,Implementation Fee,14611.6,20.0,1
TXN-03613,CUST-0131,2025-01-25,Annual Subscription,5780.17,45.0,1
TXN-03614,CUST-0037,2024-04-25,Course Enrollment,1325.55,20.0,1
TXN-03615,CUST-0142,2025-12-03,Social Media Mgmt,2184.25,22.0,1
TXN-03616,CUST-0159,2025-04-04,Executive Coaching,5171.17,35.0,1
TXN-03617,CUST-0124,2025-11-16,Valuation Report,1373.93,35.0,1
TXN-03618,CUST-0180,2024-12-08,Subscription Box,196.62,20.0,1
TXN-03619,CUST-0137,2024-03-10,Property Listing,4425.51,30.0,1
TXN-03620,CUST-0088,2025-10-12,Website Development,18247.77,25.0,1
TXN-03621,CUST-0035,2024-08-23,Course Enrollment,302.84,20.0,1
TXN-03622,CUST-0175,2025-12-28,Patient Consultation,325.12,30.0,1
TXN-03623,CUST-0178,2025-03-29,PPC Campaign,25871.77,18.0,1
TXN-03624,CUST-0083,2025-12-03,Market Analysis,23320.84,28.0,1
TXN-03625,CUST-0073,2025-04-16,Social Media Mgmt,6682.47,22.0,1
TXN-03626,CUST-0010,2025-09-27,Implementation Fee,5436.19,20.0,1
TXN-03627,CUST-0108,2025-09-17,Corporate Training,12286.46,22.0,1
TXN-03628,CUST-0009,2025-09-14,Hourly Consultation,1211.15,35.0,1
TXN-03629,CUST-0051,2024-08-10,Annual Subscription,1784.93,45.0,1
TXN-03630,CUST-0063,2025-04-03,PPC Campaign,24588.84,18.0,1
TXN-03631,CUST-0006,2024-03-22,Corporate Training,26179.37,22.0,1
TXN-03632,CUST-0018,2025-08-16,Valuation Report,2489.95,35.0,1
TXN-03633,CUST-0179,2024-04-24,Annual Subscription,3696.2,28.0,1
TXN-03634,CUST-0055,2024-12-12,Social Media Mgmt,6998.0,22.0,1
TXN-03635,CUST-0116,2024-12-16,Premium Membership,760.16,18.0,1
TXN-03636,CUST-0053,2024-06-24,Implementation Fee,17152.56,20.0,2
TXN-03637,CUST-0040,2025-02-02,Wellness Program,4398.24,25.0,1
TXN-03638,CUST-0143,2024-09-29,Consultation Fee,1048.75,32.0,2
TXN-03639,CUST-0029,2025-10-05,Corporate Health,5472.59,22.0,1
TXN-03640,CUST-0154,2025-12-28,SEO Package,3535.76,20.0,1
TXN-03641,CUST-0200,2025-11-07,Valuation Report,3918.76,35.0,1
TXN-03642,CUST-0017,2024-12-26,Executive Coaching,12989.36,35.0,1
TXN-03643,CUST-0171,2025-11-30,Valuation Report,4414.08,35.0,2
TXN-03644,CUST-0124,2025-12-11,Valuation Report,3320.07,35.0,1
TXN-03645,CUST-0165,2025-11-08,Social Media Mgmt,10829.48,22.0,1
TXN-03646,CUST-0060,2025-01-02,Consultation Fee,2483.81,32.0,2
TXN-03647,CUST-0090,2024-02-07,Market Analysis,23727.74,28.0,1
TXN-03648,CUST-0103,2025-09-15,Hourly Consultation,1344.35,35.0,1
TXN-03649,CUST-0031,2024-07-26,Property Management,1605.8,25.0,1
TXN-03650,CUST-0030,2024-08-03,PPC Campaign,5963.63,18.0,1
TXN-03651,CUST-0027,2025-04-21,Market Analysis,12456.24,28.0,1
TXN-03652,CUST-0187,2024-12-20,Course Enrollment,1878.37,20.0,1
TXN-03653,CUST-0148,2025-03-05,Subscription Box,53.67,20.0,1
TXN-03654,CUST-0180,2025-02-25,Bulk Order,8402.72,12.0,1
TXN-03655,CUST-0061,2025-01-14,Process Optimization,54219.37,22.0,1
TXN-03656,CUST-0140,2025-12-11,Property Listing,5316.78,30.0,1
TXN-03657,CUST-0171,2025-12-09,Property Management,10206.63,25.0,1
TXN-03658,CUST-0195,2025-09-27,Bulk Order,21772.25,12.0,1
TXN-03659,CUST-0172,2025-08-10,Monthly Subscription,320.8,40.0,1
TXN-03660,CUST-0089,2025-12-16,Strategy Session,15618.28,30.0,1
TXN-03661,CUST-0077,2025-12-22,Wellness Program,5186.59,25.0,1
TXN-03662,CUST-0117,2025-02-24,Implementation Fee,19568.12,20.0,2
TXN-03663,CUST-0059,2024-07-26,Corporate Health,36826.79,22.0,1
TXN-03664,CUST-0017,2024-09-06,Strategy Session,2534.99,30.0,1
TXN-03665,CUST-0137,2024-04-25,Property Listing,1714.16,30.0,1
TXN-03666,CUST-0062,2024-12-17,Litigation Support,94839.24,25.0,1
TXN-03667,CUST-0126,2025-07-18,Market Analysis,20220.12,28.0,1
TXN-03668,CUST-0171,2025-12-29,Valuation Report,2496.35,35.0,1
TXN-03669,CUST-0147,2024-12-18,Strategy Session,15230.77,30.0,1
TXN-03670,CUST-0152,2025-10-23,Hourly Consultation,545.03,35.0,1
TXN-03671,CUST-0041,2025-07-22,Bulk Order,10419.62,12.0,1
TXN-03672,CUST-0035,2024-08-18,Annual Subscription,2627.29,28.0,1
TXN-03673,CUST-0118,2024-03-15,Premium Membership,767.34,18.0,1
TXN-03674,CUST-0030,2025-06-30,Website Development,26005.54,25.0,1
TXN-03675,CUST-0171,2025-11-20,Property Management,1661.95,25.0,1
TXN-03676,CUST-0028,2025-06-03,Annual Subscription,4556.87,28.0,1
TXN-03677,CUST-0021,2024-05-18,Executive Coaching,15346.3,35.0,1
TXN-03678,CUST-0099,2025-11-30,Hourly Consultation,1850.06,35.0,1
TXN-03679,CUST-0186,2024-10-16,SEO Package,4438.65,20.0,1
TXN-03680,CUST-0047,2025-10-07,Premium Membership,704.05,18.0,1
TXN-03681,CUST-0084,2025-07-06,Subscription Box,106.53,20.0,1
TXN-03682,CUST-0200,2025-10-16,Property Listing,4040.32,30.0,3
TXN-03683,CUST-0129,2025-12-27,Contract Review,9956.98,30.0,1
TXN-03684,CUST-0124,2025-02-20,Property Management,2556.81,25.0,1
TXN-03685,CUST-0052,2024-03-16,Property Listing,3616.94,30.0,1
TXN-03686,CUST-0028,2025-04-22,Corporate Training,16524.0,22.0,1
TXN-03687,CUST-0026,2025-11-02,Market Analysis,23018.89,28.0,3
TXN-03688,CUST-0013,2024-05-14,Website Development,31443.73,25.0,1
TXN-03689,CUST-0055,2024-09-11,SEO Package,5167.49,20.0,1
TXN-03690,CUST-0085,2025-12-02,Property Listing,1735.35,30.0,1
TXN-03691,CUST-0165,2025-11-24,Social Media Mgmt,8340.58,22.0,1
TXN-03692,CUST-0175,2025-12-16,Corporate Health,30567.81,22.0,1
TXN-03693,CUST-0154,2025-12-13,Social Media Mgmt,3651.71,22.0,1
TXN-03694,CUST-0178,2025-06-15,PPC Campaign,11866.76,18.0,1
TXN-03695,CUST-0068,2024-09-15,Bulk Order,2158.92,12.0,2
TXN-03696,CUST-0064,2025-12-23,Wellness Program,6489.69,25.0,1
TXN-03697,CUST-0038,2025-06-17,Monthly Subscription,365.52,40.0,1
TXN-03698,CUST-0047,2025-06-27,Product Sale,500.24,15.0,1
TXN-03699,CUST-0122,2025-09-11,Hourly Consultation,2913.27,35.0,2
TXN-03700,CUST-0089,2025-12-14,Process Optimization,31862.77,22.0,1
TXN-03701,CUST-0013,2024-08-01,Social Media Mgmt,5138.83,22.0,1
TXN-03702,CUST-0136,2024-10-12,Valuation Report,1280.31,35.0,3
TXN-03703,CUST-0153,2024-12-27,Telemedicine Plan,442.64,28.0,2
TXN-03704,CUST-0022,2025-08-06,Workshop Ticket,929.27,25.0,1
TXN-03705,CUST-0159,2024-07-27,Market Analysis,11735.92,28.0,1
TXN-03706,CUST-0147,2024-05-22,Executive Coaching,4800.93,35.0,1
TXN-03707,CUST-0011,2024-11-14,PPC Campaign,23642.88,18.0,1
TXN-03708,CUST-0094,2025-10-13,Monthly Subscription,431.53,40.0,1
TXN-03709,CUST-0060,2024-12-01,Valuation Report,3506.76,35.0,1
TXN-03710,CUST-0138,2025-11-22,Contract Review,3719.37,30.0,1
TXN-03711,CUST-0087,2024-04-20,Bulk Order,2652.15,12.0,1
TXN-03712,CUST-0069,2025-11-19,Product Sale,134.97,15.0,1
TXN-03713,CUST-0016,2024-06-08,Hourly Consultation,1232.29,35.0,2
TXN-03714,CUST-0179,2025-10-12,Corporate Training,19665.89,22.0,1
TXN-03715,CUST-0191,2025-02-22,Corporate Training,17999.19,22.0,1
TXN-03716,CUST-0200,2025-10-05,Property Listing,4372.22,30.0,1
TXN-03717,CUST-0191,2024-10-28,Corporate Training,10339.73,22.0,1
TXN-03718,CUST-0051,2025-02-15,Enterprise License,19462.68,35.0,1
TXN-03719,CUST-0007,2024-05-26,PPC Campaign,26093.68,18.0,2
TXN-03720,CUST-0037,2024-03-22,Annual Subscription,987.36,28.0,1
TXN-03721,CUST-0136,2025-06-22,Consultation Fee,1791.25,32.0,1
TXN-03722,CUST-0109,2025-09-22,SEO Package,3055.28,20.0,1
TXN-03723,CUST-0122,2025-01-06,Litigation Support,19098.67,25.0,1
TXN-03724,CUST-0030,2025-07-27,PPC Campaign,13157.07,18.0,1
TXN-03725,CUST-0107,2025-06-20,Bulk Order,35372.73,12.0,1
TXN-03726,CUST-0183,2025-08-18,Course Enrollment,1375.87,20.0,1
TXN-03727,CUST-0028,2025-12-28,Annual Subscription,1647.25,28.0,1
TXN-03728,CUST-0041,2025-09-23,Product Sale,208.7,15.0,1
TXN-03729,CUST-0147,2025-02-06,Process Optimization,7346.02,22.0,3
TXN-03730,CUST-0120,2025-06-18,Website Development,28236.46,25.0,1
TXN-03731,CUST-0154,2025-12-28,PPC Campaign,24314.66,18.0,1
TXN-03732,CUST-0029,2025-07-13,Wellness Program,13089.28,25.0,2
TXN-03733,CUST-0041,2025-11-16,Subscription Box,78.03,20.0,1
TXN-03734,CUST-0109,2025-09-02,Social Media Mgmt,10051.1,22.0,2
TXN-03735,CUST-0021,2024-05-23,Executive Coaching,6034.56,35.0,1
TXN-03736,CUST-0108,2025-11-06,Corporate Training,8399.65,22.0,1
TXN-03737,CUST-0022,2024-04-30,Course Enrollment,3446.3,20.0,1
TXN-03738,CUST-0102,2025-09-03,Social Media Mgmt,5471.26,22.0,1
TXN-03739,CUST-0051,2025-01-29,Annual Subscription,1703.32,45.0,1
TXN-03740,CUST-0071,2024-07-18,Social Media Mgmt,7843.82,22.0,1
TXN-03741,CUST-0097,2025-04-02,Strategy Session,14989.7,30.0,1
TXN-03742,CUST-0078,2024-12-13,Consultation Fee,2494.53,32.0,2
TXN-03743,CUST-0144,2025-02-05,Valuation Report,4397.35,35.0,1
TXN-03744,CUST-0162,2025-10-05,Course Enrollment,2596.9,20.0,1
TXN-03745,CUST-0016,2024-06-21,Contract Review,5556.51,30.0,1
TXN-03746,CUST-0121,2025-11-12,Retainer,12455.04,28.0,1
TXN-03747,CUST-0036,2025-05-17,Enterprise License,46096.1,35.0,1
TXN-03748,CUST-0117,2025-04-13,Enterprise License,23071.07,35.0,1
TXN-03749,CUST-0198,2024-09-19,Market Analysis,13647.26,28.0,1
TXN-03750,CUST-0116,2025-01-21,Premium Membership,840.23,18.0,2
TXN-03751,CUST-0183,2024-02-04,Workshop Ticket,245.13,25.0,1
TXN-03752,CUST-0088,2025-08-06,SEO Package,4566.41,20.0,1
TXN-03753,CUST-0099,2025-11-24,Retainer,9440.38,28.0,1
TXN-03754,CUST-0005,2025-10-14,SEO Package,5275.73,20.0,1
TXN-03755,CUST-0135,2025-04-29,Subscription Box,170.11,20.0,1
TXN-03756,CUST-0041,2025-08-17,Subscription Box,129.64,20.0,1
TXN-03757,CUST-0051,2025-06-28,Enterprise License,33314.1,35.0,3
TXN-03758,CUST-0123,2025-09-30,SEO Package,2740.39,20.0,1
TXN-03759,CUST-0168,2025-04-09,SEO Package,3088.43,20.0,1
TXN-03760,CUST-0110,2025-02-11,SEO Package,6041.41,20.0,1
TXN-03761,CUST-0099,2024-07-26,Contract Review,3899.14,30.0,1
TXN-03762,CUST-0069,2025-11-21,Premium Membership,1104.38,18.0,1
TXN-03763,CUST-0117,2025-09-25,Annual Subscription,3888.07,45.0,1
TXN-03764,CUST-0176,2025-08-16,Patient Consultation,377.92,30.0,1
TXN-03765,CUST-0004,2024-04-15,Website Development,51151.14,25.0,1
TXN-03766,CUST-0168,2025-10-03,Website Development,33485.29,25.0,1
TXN-03767,CUST-0017,2024-08-27,Executive Coaching,13269.02,35.0,1
TXN-03768,CUST-0004,2025-05-06,Website Development,22098.8,25.0,1
TXN-03769,CUST-0142,2025-12-14,Website Development,29131.02,25.0,1
TXN-03770,CUST-0028,2024-12-25,Annual Subscription,1727.29,28.0,1
TXN-03771,CUST-0138,2025-06-05,Litigation Support,68935.33,25.0,1
TXN-03772,CUST-0094,2025-04-09,Enterprise License,13021.44,35.0,1
TXN-03773,CUST-0081,2025-06-24,Implementation Fee,12398.6,20.0,1
TXN-03774,CUST-0003,2025-08-09,Social Media Mgmt,6758.21,22.0,1
TXN-03775,CUST-0151,2024-10-05,Retainer,24046.1,28.0,1
TXN-03776,CUST-0183,2025-09-13,Workshop Ticket,275.56,25.0,1
TXN-03777,CUST-0095,2024-12-09,Premium Membership,150.25,18.0,1
TXN-03778,CUST-0155,2025-05-18,Annual Subscription,2754.92,28.0,1
TXN-03779,CUST-0011,2024-03-24,SEO Package,3433.26,20.0,1
TXN-03780,CUST-0053,2025-03-28,Annual Subscription,3073.24,45.0,1
TXN-03781,CUST-0048,2025-06-28,Website Development,28658.51,25.0,1
TXN-03782,CUST-0064,2025-11-01,Corporate Health,13893.56,22.0,2
TXN-03783,CUST-0072,2025-10-10,Consultation Fee,1016.21,32.0,1
TXN-03784,CUST-0092,2024-08-02,Hourly Consultation,3176.73,35.0,1
TXN-03785,CUST-0148,2024-11-28,Premium Membership,238.4,18.0,1
TXN-03786,CUST-0170,2024-10-25,PPC Campaign,21123.27,18.0,1
TXN-03787,CUST-0038,2024-12-23,Annual Subscription,3175.83,45.0,3
TXN-03788,CUST-0034,2025-09-07,Retainer,21384.56,28.0,1
TXN-03789,CUST-0003,2025-08-04,Website Development,44331.61,25.0,1
TXN-03790,CUST-0189,2024-05-12,Implementation Fee,20525.32,20.0,2
TXN-03791,CUST-0180,2024-12-11,Premium Membership,327.37,18.0,2
TXN-03792,CUST-0019,2025-12-15,Property Listing,4706.79,30.0,1
TXN-03793,CUST-0114,2025-09-21,Strategy Session,5257.2,30.0,1
TXN-03794,CUST-0095,2024-05-22,Subscription Box,32.68,20.0,1
TXN-03795,CUST-0078,2025-01-20,Consultation Fee,3084.19,32.0,1
TXN-03796,CUST-0147,2025-01-31,Strategy Session,5577.91,30.0,1
TXN-03797,CUST-0085,2024-09-15,Valuation Report,2511.98,35.0,1
TXN-03798,CUST-0055,2025-09-05,Social Media Mgmt,5943.21,22.0,2
TXN-03799,CUST-0162,2025-11-30,Corporate Training,10925.9,22.0,1
TXN-03800,CUST-0053,2025-01-15,Annual Subscription,3705.54,45.0,1
TXN-03801,CUST-0076,2024-06-14,Enterprise License,45460.57,35.0,3
TXN-03802,CUST-0071,2024-07-01,SEO Package,5174.9,20.0,1
TXN-03803,CUST-0102,2024-10-15,Social Media Mgmt,6975.1,22.0,1
TXN-03804,CUST-0132,2024-12-06,PPC Campaign,11726.77,18.0,3
TXN-03805,CUST-0154,2025-12-13,Social Media Mgmt,4997.48,22.0,3
TXN-03806,CUST-0144,2024-09-24,Valuation Report,2657.2,35.0,1
TXN-03807,CUST-0054,2025-04-21,Property Management,3532.46,25.0,1
TXN-03808,CUST-0057,2025-12-01,PPC Campaign,15269.49,18.0,1
TXN-03809,CUST-0048,2025-08-14,PPC Campaign,18807.05,18.0,1
TXN-03810,CUST-0029,2025-12-13,Wellness Program,6269.93,25.0,1
TXN-03811,CUST-0108,2025-12-03,Annual Subscription,3571.89,28.0,1
TXN-03812,CUST-0115,2025-06-25,Valuation Report,3743.47,35.0,1
TXN-03813,CUST-0024,2025-10-20,Social Media Mgmt,3526.27,22.0,1
TXN-03814,CUST-0163,2024-05-15,Executive Coaching,10118.31,35.0,1
TXN-03815,CUST-0135,2025-03-20,Premium Membership,1137.93,18.0,1
TXN-03816,CUST-0019,2025-08-20,Consultation Fee,1973.77,32.0,1
TXN-03817,CUST-0041,2025-02-21,Subscription Box,177.1,20.0,1
TXN-03818,CUST-0155,2024-08-22,Workshop Ticket,818.96,25.0,1
TXN-03819,CUST-0095,2025-09-17,Subscription Box,129.46,20.0,1
TXN-03820,CUST-0111,2025-04-11,Monthly Subscription,445.29,40.0,1
TXN-03821,CUST-0035,2024-10-22,Corporate Training,16980.13,22.0,1
TXN-03822,CUST-0160,2024-09-13,SEO Package,7549.42,20.0,1
TXN-03823,CUST-0175,2025-06-29,Corporate Health,24732.62,22.0,1
TXN-03824,CUST-0199,2024-09-03,PPC Campaign,14476.61,18.0,1
TXN-03825,CUST-0191,2024-08-17,Workshop Ticket,1304.08,25.0,2
TXN-03826,CUST-0071,2024-06-22,SEO Package,4064.87,20.0,2
TXN-03827,CUST-0181,2025-03-24,Workshop Ticket,930.2,25.0,1
TXN-03828,CUST-0050,2025-04-03,Executive Coaching,8462.89,35.0,1
TXN-03829,CUST-0049,2025-04-03,Monthly Subscription,252.41,40.0,1
TXN-03830,CUST-0168,2024-12-20,SEO Package,4669.91,20.0,1
TXN-03831,CUST-0107,2024-05-09,Bulk Order,34760.04,12.0,1
TXN-03832,CUST-0127,2024-10-19,Implementation Fee,15944.72,20.0,1
TXN-03833,CUST-0047,2025-07-16,Subscription Box,159.4,20.0,1
TXN-03834,CUST-0085,2025-01-12,Valuation Report,4039.21,35.0,1
TXN-03835,CUST-0188,2025-06-24,Annual Subscription,5659.31,28.0,1
TXN-03836,CUST-0173,2025-06-11,Social Media Mgmt,8835.48,22.0,1
TXN-03837,CUST-0058,2024-07-11,Social Media Mgmt,9282.65,22.0,1
TXN-03838,CUST-0061,2025-09-27,Strategy Session,4009.69,30.0,2
TXN-03839,CUST-0186,2024-10-07,PPC Campaign,22421.62,18.0,1
TXN-03840,CUST-0014,2024-11-07,Property Listing,3355.98,30.0,3
TXN-03841,CUST-0169,2025-10-31,Market Analysis,28892.45,28.0,1
TXN-03842,CUST-0078,2024-11-14,Property Listing,3133.67,30.0,3
TXN-03843,CUST-0022,2024-06-11,Workshop Ticket,175.98,25.0,1
TXN-03844,CUST-0123,2025-12-07,Social Media Mgmt,4942.04,22.0,1
TXN-03845,CUST-0001,2025-08-09,Bulk Order,25862.14,12.0,1
TXN-03846,CUST-0064,2025-12-11,Patient Consultation,331.73,30.0,1
TXN-03847,CUST-0171,2025-11-18,Consultation Fee,2718.13,32.0,2
TXN-03848,CUST-0125,2025-03-03,Social Media Mgmt,2096.72,22.0,1
TXN-03849,CUST-0018,2025-12-01,Valuation Report,1351.46,35.0,1
TXN-03850,CUST-0024,2025-11-29,Social Media Mgmt,2972.13,22.0,1
TXN-03851,CUST-0097,2025-12-06,Process Optimization,24067.21,22.0,1
TXN-03852,CUST-0049,2025-05-21,Enterprise License,28481.92,35.0,1
TXN-03853,CUST-0034,2025-04-15,Litigation Support,7357.6,25.0,1
TXN-03854,CUST-0037,2024-03-29,Course Enrollment,823.99,20.0,1
TXN-03855,CUST-0186,2025-07-31,PPC Campaign,11845.93,18.0,1
TXN-03856,CUST-0127,2024-07-09,Monthly Subscription,43.5,40.0,2
TXN-03857,CUST-0060,2024-12-31,Valuation Report,1552.06,35.0,1
TXN-03858,CUST-0157,2025-07-24,SEO Package,2011.53,20.0,1
TXN-03859,CUST-0153,2025-09-28,Wellness Program,12679.95,25.0,1
TXN-03860,CUST-0177,2025-12-29,Social Media Mgmt,5747.27,22.0,1
TXN-03861,CUST-0122,2024-09-27,Litigation Support,22936.75,25.0,1
TXN-03862,CUST-0072,2025-12-10,Valuation Report,1425.58,35.0,1
TXN-03863,CUST-0158,2025-08-09,Bulk Order,39635.58,12.0,1
TXN-03864,CUST-0068,2024-08-23,Bulk Order,6653.19,12.0,1
TXN-03865,CUST-0064,2025-10-25,Patient Consultation,420.67,30.0,1
TXN-03866,CUST-0117,2025-09-29,Implementation Fee,6553.08,20.0,1
TXN-03867,CUST-0179,2024-05-23,Corporate Training,9309.03,22.0,1
TXN-03868,CUST-0124,2024-02-20,Consultation Fee,849.11,32.0,1
TXN-03869,CUST-0139,2025-07-31,Workshop Ticket,808.89,25.0,1
TXN-03870,CUST-0068,2024-02-19,Subscription Box,184.46,20.0,1
TXN-03871,CUST-0174,2024-11-02,Valuation Report,3013.66,35.0,1
TXN-03872,CUST-0100,2025-08-09,PPC Campaign,25607.14,18.0,1
TXN-03873,CUST-0178,2024-07-08,PPC Campaign,22533.08,18.0,1
TXN-03874,CUST-0089,2025-12-13,Strategy Session,5149.84,30.0,1
TXN-03875,CUST-0085,2025-04-23,Property Listing,1361.93,30.0,1
TXN-03876,CUST-0194,2025-06-08,Annual Subscription,3719.91,45.0,1
TXN-03877,CUST-0024,2025-11-28,Social Media Mgmt,6896.24,22.0,1
TXN-03878,CUST-0145,2025-08-04,Annual Subscription,4355.74,45.0,1
TXN-03879,CUST-0123,2025-12-16,Social Media Mgmt,5026.31,22.0,1
TXN-03880,CUST-0143,2024-11-14,Valuation Report,1594.18,35.0,1
TXN-03881,CUST-0110,2025-06-29,Social Media Mgmt,3872.48,22.0,1
TXN-03882,CUST-0129,2025-12-12,Litigation Support,18119.7,25.0,1
TXN-03883,CUST-0133,2024-06-30,Bulk Order,50150.04,12.0,1
TXN-03884,CUST-0127,2024-06-05,Enterprise License,6367.29,35.0,1
TXN-03885,CUST-0038,2024-03-25,Implementation Fee,12582.38,20.0,1
TXN-03886,CUST-0084,2024-11-28,Premium Membership,1020.72,18.0,1
TXN-03887,CUST-0077,2025-12-26,Corporate Health,30018.47,22.0,1
TXN-03888,CUST-0154,2025-12-04,PPC Campaign,5079.66,18.0,1
TXN-03889,CUST-0039,2024-12-06,Contract Review,8651.17,30.0,1
TXN-03890,CUST-0066,2025-12-11,Annual Subscription,3976.26,45.0,1
TXN-03891,CUST-0008,2025-02-26,Website Development,52422.93,25.0,1
TXN-03892,CUST-0006,2024-05-16,Workshop Ticket,615.46,25.0,1
TXN-03893,CUST-0139,2024-11-29,Workshop Ticket,561.05,25.0,1
TXN-03894,CUST-0013,2024-05-17,Social Media Mgmt,7720.62,22.0,1
TXN-03895,CUST-0143,2025-07-14,Property Listing,1792.82,30.0,1
TXN-03896,CUST-0194,2024-02-03,Annual Subscription,3817.31,45.0,1
TXN-03897,CUST-0075,2025-04-27,Contract Review,6087.2,30.0,1
TXN-03898,CUST-0021,2024-07-01,Executive Coaching,9835.16,35.0,1
TXN-03899,CUST-0054,2025-03-13,Property Listing,3737.05,30.0,1
TXN-03900,CUST-0043,2024-11-18,Product Sale,219.55,15.0,1
TXN-03901,CUST-0090,2024-03-27,Strategy Session,6315.99,30.0,1
TXN-03902,CUST-0039,2024-06-24,Retainer,12936.41,28.0,3
TXN-03903,CUST-0096,2025-06-01,Strategy Session,10195.65,30.0,1
TXN-03904,CUST-0120,2025-04-23,Website Development,37396.89,25.0,1
TXN-03905,CUST-0006,2024-02-21,Annual Subscription,2817.75,28.0,1
TXN-03906,CUST-0064,2025-12-04,Patient Consultation,477.21,30.0,1
TXN-03907,CUST-0144,2024-10-06,Property Listing,5076.44,30.0,2
TXN-03908,CUST-0139,2025-10-08,Corporate Training,5163.71,22.0,1
TXN-03909,CUST-0009,2025-09-29,Contract Review,2039.78,30.0,1
TXN-03910,CUST-0003,2025-06-03,Website Development,10356.95,25.0,1
TXN-03911,CUST-0043,2025-10-07,Bulk Order,40779.39,12.0,1
TXN-03912,CUST-0102,2025-11-13,Social Media Mgmt,8096.18,22.0,2
TXN-03913,CUST-0011,2025-07-08,SEO Package,3264.79,20.0,2
TXN-03914,CUST-0075,2024-05-31,Contract Review,3516.35,30.0,1
TXN-03915,CUST-0103,2025-11-29,Litigation Support,59657.67,25.0,1
TXN-03916,CUST-0110,2025-11-27,PPC Campaign,21354.82,18.0,1
TXN-03917,CUST-0113,2025-02-04,Annual Subscription,688.91,45.0,2
TXN-03918,CUST-0144,2025-07-13,Property Management,5026.67,25.0,1
TXN-03919,CUST-0110,2025-08-26,SEO Package,5667.85,20.0,1
TXN-03920,CUST-0169,2025-07-13,Strategy Session,3187.87,30.0,1
TXN-03921,CUST-0019,2025-06-11,Property Listing,5013.68,30.0,3
TXN-03922,CUST-0147,2024-10-31,Process Optimization,25344.51,22.0,1
TXN-03923,CUST-0009,2025-10-02,Litigation Support,89590.27,25.0,1
TXN-03924,CUST-0194,2025-06-18,Implementation Fee,6871.35,20.0,1
TXN-03925,CUST-0015,2025-08-17,Implementation Fee,10738.04,20.0,1
TXN-03926,CUST-0194,2025-01-22,Enterprise License,14968.61,35.0,1
TXN-03927,CUST-0072,2024-11-15,Consultation Fee,2074.06,32.0,1
TXN-03928,CUST-0089,2025-12-20,Market Analysis,23696.94,28.0,1
TXN-03929,CUST-0125,2025-07-20,SEO Package,7425.81,20.0,1
TXN-03930,CUST-0121,2025-11-04,Retainer,20129.66,28.0,1
TXN-03931,CUST-0181,2025-03-22,Annual Subscription,1244.36,28.0,1
TXN-03932,CUST-0196,2025-12-20,Telemedicine Plan,2516.75,28.0,1
TXN-03933,CUST-0023,2025-08-26,Litigation Support,34629.5,25.0,1
TXN-03934,CUST-0074,2025-06-06,Retainer,19387.94,28.0,1
TXN-03935,CUST-0189,2025-06-15,Annual Subscription,3401.7,45.0,1
TXN-03936,CUST-0162,2024-08-28,Course Enrollment,239.58,20.0,1
TXN-03937,CUST-0085,2025-12-16,Consultation Fee,940.91,32.0,1
TXN-03938,CUST-0061,2025-02-19,Process Optimization,64443.76,22.0,1
TXN-03939,CUST-0034,2025-03-01,Litigation Support,105983.95,25.0,1
TXN-03940,CUST-0112,2025-03-28,Executive Coaching,7288.13,35.0,1
TXN-03941,CUST-0027,2024-08-13,Process Optimization,12757.11,22.0,1
TXN-03942,CUST-0172,2025-05-08,Annual Subscription,733.77,45.0,1
TXN-03943,CUST-0181,2025-04-30,Corporate Training,13401.47,22.0,2
TXN-03944,CUST-0024,2025-12-08,Website Development,40238.65,25.0,2
TXN-03945,CUST-0072,2025-07-11,Property Listing,2288.48,30.0,1
TXN-03946,CUST-0164,2024-05-18,Workshop Ticket,173.93,25.0,1
TXN-03947,CUST-0169,2025-01-28,Process Optimization,47403.57,22.0,1
TXN-03948,CUST-0049,2025-06-01,Enterprise License,39018.06,35.0,1
TXN-03949,CUST-0078,2025-05-12,Consultation Fee,2178.23,32.0,1
TXN-03950,CUST-0063,2025-11-25,Website Development,28970.41,25.0,2
TXN-03951,CUST-0129,2025-12-23,Retainer,5779.46,28.0,1
TXN-03952,CUST-0051,2024-09-30,Implementation Fee,12555.65,20.0,1
TXN-03953,CUST-0198,2025-07-30,Process Optimization,27651.7,22.0,1
TXN-03954,CUST-0100,2025-11-24,Website Development,32435.34,25.0,1
TXN-03955,CUST-0128,2024-08-23,PPC Campaign,8720.56,18.0,3
TXN-03956,CUST-0185,2025-12-26,Enterprise License,53199.85,35.0,1
TXN-03957,CUST-0138,2025-09-01,Contract Review,3625.41,30.0,1
TXN-03958,CUST-0068,2025-12-09,Product Sale,273.2,15.0,1
TXN-03959,CUST-0145,2025-11-02,Enterprise License,18946.15,35.0,1
TXN-03960,CUST-0149,2024-08-21,Subscription Box,63.24,20.0,1
TXN-03961,CUST-0141,2024-12-03,Executive Coaching,17590.95,35.0,1
TXN-03962,CUST-0112,2024-12-16,Executive Coaching,8098.48,35.0,1
TXN-03963,CUST-0100,2025-01-15,PPC Campaign,7033.43,18.0,1
TXN-03964,CUST-0045,2024-08-12,Property Management,9310.74,25.0,1
TXN-03965,CUST-0020,2024-05-20,Property Management,9797.07,25.0,2
TXN-03966,CUST-0116,2024-11-20,Bulk Order,21687.44,12.0,1
TXN-03967,CUST-0122,2025-09-08,Retainer,5243.72,28.0,1
TXN-03968,CUST-0181,2025-08-20,Workshop Ticket,505.85,25.0,1
TXN-03969,CUST-0065,2025-07-22,Premium Membership,614.7,18.0,1
TXN-03970,CUST-0008,2024-12-31,Website Development,47374.87,25.0,1
TXN-03971,CUST-0069,2025-12-02,Bulk Order,8403.29,12.0,1
TXN-03972,CUST-0122,2024-11-19,Contract Review,4113.01,30.0,1
TXN-03973,CUST-0063,2024-08-18,Social Media Mgmt,3647.64,22.0,3
TXN-03974,CUST-0196,2025-12-05,Telemedicine Plan,2688.96,28.0,1
TXN-03975,CUST-0002,2025-11-03,Premium Membership,480.15,18.0,1
TXN-03976,CUST-0081,2025-05-14,Implementation Fee,5573.41,20.0,1
TXN-03977,CUST-0147,2024-04-17,Market Analysis,18100.34,28.0,1
TXN-03978,CUST-0100,2025-01-24,Website Development,23670.44,25.0,2
TXN-03979,CUST-0061,2025-01-15,Market Analysis,6284.79,28.0,1
TXN-03980,CUST-0143,2025-03-30,Property Management,2873.73,25.0,1
TXN-03981,CUST-0041,2025-12-27,Premium Membership,265.1,18.0,1
TXN-03982,CUST-0144,2025-06-22,Property Listing,2560.34,30.0,1
TXN-03983,CUST-0077,2025-12-27,Corporate Health,27035.62,22.0,1
TXN-03984,CUST-0073,2025-09-11,PPC Campaign,5004.55,18.0,1
TXN-03985,CUST-0140,2025-05-04,Valuation Report,4215.77,35.0,1
TXN-03986,CUST-0091,2024-11-22,PPC Campaign,4231.01,18.0,1
TXN-03987,CUST-0035,2024-10-01,Workshop Ticket,404.44,25.0,1
TXN-03988,CUST-0089,2025-12-15,Process Optimization,60711.38,22.0,1
TXN-03989,CUST-0197,2024-06-25,Website Development,30635.37,25.0,1
TXN-03990,CUST-0096,2025-03-25,Market Analysis,17523.35,28.0,1
TXN-03991,CUST-0002,2025-08-08,Product Sale,450.83,15.0,3
TXN-03992,CUST-0067,2024-11-13,Website Development,35517.24,25.0,1
TXN-03993,CUST-0006,2024-04-12,Workshop Ticket,386.53,25.0,1
TXN-03994,CUST-0015,2024-10-19,Monthly Subscription,128.78,40.0,1
TXN-03995,CUST-0055,2024-05-19,Social Media Mgmt,4617.44,22.0,1
TXN-03996,CUST-0006,2024-07-29,Corporate Training,8846.65,22.0,1
TXN-03997,CUST-0174,2024-08-28,Property Management,1239.49,25.0,1
TXN-03998,CUST-0087,2024-07-18,Bulk Order,11280.96,12.0,1
TXN-03999,CUST-0015,2025-10-24,Monthly Subscription,137.99,40.0,1
TXN-04000,CUST-0145,2025-08-04,Annual Subscription,1534.05,45.0,1
TXN-04001,CUST-0172,2025-06-24,Monthly Subscription,357.4,40.0,1
TXN-04002,CUST-0053,2025-11-21,Annual Subscription,2090.15,45.0,1
TXN-04003,CUST-0142,2025-12-17,Website Development,21483.54,25.0,1
TXN-04004,CUST-0079,2025-11-02,Annual Subscription,1480.87,28.0,1
TXN-04005,CUST-0146,2024-10-31,SEO Package,2955.44,20.0,1
TXN-04006,CUST-0003,2025-08-28,Social Media Mgmt,2242.73,22.0,1
TXN-04007,CUST-0058,2025-05-29,PPC Campaign,5829.85,18.0,1
TXN-04008,CUST-0050,2025-09-06,Process Optimization,26764.48,22.0,1
TXN-04009,CUST-0138,2024-12-03,Retainer,8571.83,28.0,1
TXN-04010,CUST-0022,2025-10-20,Corporate Training,10306.3,22.0,1
TXN-04011,CUST-0054,2024-11-03,Consultation Fee,839.02,32.0,1
TXN-04012,CUST-0115,2024-11-24,Property Listing,581.48,30.0,1
TXN-04013,CUST-0156,2025-12-23,Enterprise License,10778.01,35.0,1
TXN-04014,CUST-0032,2024-09-07,Website Development,18677.16,25.0,1
TXN-04015,CUST-0100,2025-01-04,SEO Package,5137.63,20.0,1
TXN-04016,CUST-0159,2024-11-25,Strategy Session,5924.88,30.0,1
TXN-04017,CUST-0018,2025-04-18,Valuation Report,2323.98,35.0,1
TXN-04018,CUST-0186,2025-02-15,PPC Campaign,20301.99,18.0,1
TXN-04019,CUST-0029,2025-08-24,Patient Consultation,504.25,30.0,1
TXN-04020,CUST-0111,2025-08-26,Implementation Fee,17121.2,20.0,1
TXN-04021,CUST-0032,2024-10-14,SEO Package,4014.63,20.0,1
TXN-04022,CUST-0181,2025-02-05,Workshop Ticket,715.84,25.0,1
TXN-04023,CUST-0150,2024-12-20,Telemedicine Plan,438.17,28.0,1
TXN-04024,CUST-0198,2025-08-04,Executive Coaching,9640.76,35.0,1
TXN-04025,CUST-0124,2025-01-14,Property Listing,1973.35,30.0,1
TXN-04026,CUST-0031,2025-05-06,Property Listing,3182.77,30.0,1
TXN-04027,CUST-0067,2025-05-16,SEO Package,2192.43,20.0,1
TXN-04028,CUST-0046,2025-06-17,PPC Campaign,9676.49,18.0,1
TXN-04029,CUST-0069,2025-11-13,Bulk Order,39765.28,12.0,1
TXN-04030,CUST-0083,2025-11-16,Market Analysis,5988.62,28.0,1
TXN-04031,CUST-0053,2025-09-05,Monthly Subscription,97.08,40.0,1
TXN-04032,CUST-0102,2025-11-22,SEO Package,5998.51,20.0,1
TXN-04033,CUST-0189,2024-08-20,Implementation Fee,12893.59,20.0,1
TXN-04034,CUST-0050,2025-01-02,Strategy Session,15642.54,30.0,1
TXN-04035,CUST-0191,2024-08-22,Workshop Ticket,619.25,25.0,1
TXN-04036,CUST-0103,2025-04-17,Retainer,19973.96,28.0,1
TXN-04037,CUST-0071,2024-06-27,PPC Campaign,16172.06,18.0,1
TXN-04038,CUST-0142,2025-12-24,Social Media Mgmt,8575.49,22.0,1
TXN-04039,CUST-0098,2024-06-16,Litigation Support,50663.75,25.0,1
TXN-04040,CUST-0022,2024-07-07,Workshop Ticket,1488.94,25.0,1
TXN-04041,CUST-0053,2025-09-20,Monthly Subscription,103.01,40.0,1
TXN-04042,CUST-0054,2025-06-27,Property Listing,2664.44,30.0,1
TXN-04043,CUST-0074,2025-10-24,Litigation Support,17632.31,25.0,1
TXN-04044,CUST-0064,2025-12-13,Corporate Health,30879.67,22.0,1
TXN-04045,CUST-0101,2025-04-24,Valuation Report,5173.59,35.0,1
TXN-04046,CUST-0056,2025-03-16,Contract Review,2514.82,30.0,1
TXN-04047,CUST-0188,2025-07-10,Corporate Training,22273.6,22.0,1
TXN-04048,CUST-0093,2025-08-12,Property Listing,1108.97,30.0,1
TXN-04049,CUST-0078,2024-11-28,Property Management,3267.08,25.0,1
TXN-04050,CUST-0003,2025-12-16,Website Development,38420.91,25.0,1
TXN-04051,CUST-0095,2024-06-06,Subscription Box,102.82,20.0,1
TXN-04052,CUST-0161,2025-11-10,Annual Subscription,4024.17,28.0,1
TXN-04053,CUST-0161,2025-09-10,Corporate Training,18148.43,22.0,1
TXN-04054,CUST-0080,2025-10-16,Monthly Subscription,447.62,40.0,1
TXN-04055,CUST-0107,2024-06-19,Subscription Box,200.29,20.0,2
TXN-04056,CUST-0051,2025-10-02,Enterprise License,25917.74,35.0,1
TXN-04057,CUST-0196,2025-12-02,Patient Consultation,426.82,30.0,3
TXN-04058,CUST-0103,2025-06-20,Retainer,21726.23,28.0,1
TXN-04059,CUST-0077,2025-12-20,Wellness Program,4745.06,25.0,1
TXN-04060,CUST-0190,2025-12-24,Property Listing,3565.31,30.0,1
TXN-04061,CUST-0177,2025-04-12,Website Development,20676.19,25.0,1
TXN-04062,CUST-0181,2025-05-30,Annual Subscription,3995.13,28.0,1
TXN-04063,CUST-0046,2025-10-28,SEO Package,3376.87,20.0,1
TXN-04064,CUST-0044,2025-10-18,Litigation Support,98637.48,25.0,1
TXN-04065,CUST-0045,2024-07-22,Property Listing,2569.46,30.0,1
TXN-04066,CUST-0186,2025-03-04,SEO Package,3739.84,20.0,2
TXN-04067,CUST-0069,2025-12-17,Subscription Box,136.69,20.0,1
TXN-04068,CUST-0036,2024-07-09,Implementation Fee,7804.39,20.0,1
TXN-04069,CUST-0056,2025-07-09,Hourly Consultation,1788.96,35.0,1
TXN-04070,CUST-0114,2025-12-30,Process Optimization,28408.19,22.0,1
TXN-04071,CUST-0159,2024-12-31,Strategy Session,9709.91,30.0,1
TXN-04072,CUST-0181,2025-11-30,Course Enrollment,1936.71,20.0,1
TXN-04073,CUST-0006,2024-06-10,Corporate Training,7007.83,22.0,1
TXN-04074,CUST-0121,2025-03-28,Contract Review,9046.09,30.0,1
TXN-04075,CUST-0083,2025-11-19,Strategy Session,12627.15,30.0,1
TXN-04076,CUST-0099,2025-02-10,Contract Review,7192.82,30.0,1
TXN-04077,CUST-0080,2024-05-08,Implementation Fee,10207.7,20.0,1
TXN-04078,CUST-0036,2024-12-31,Annual Subscription,2813.05,45.0,1
TXN-04079,CUST-0131,2024-04-28,Enterprise License,15252.11,35.0,1
TXN-04080,CUST-0057,2025-12-01,Social Media Mgmt,7576.62,22.0,2
TXN-04081,CUST-0107,2025-01-03,Bulk Order,31752.96,12.0,1
TXN-04082,CUST-0176,2024-10-08,Wellness Program,13404.13,25.0,2
TXN-04083,CUST-0105,2025-03-14,Hourly Consultation,916.87,35.0,1
TXN-04084,CUST-0090,2024-07-03,Executive Coaching,7461.41,35.0,1
TXN-04085,CUST-0137,2024-04-01,Valuation Report,2784.57,35.0,1
TXN-04086,CUST-0148,2024-09-20,Subscription Box,44.15,20.0,1
TXN-04087,CUST-0143,2025-12-02,Valuation Report,4755.67,35.0,1
TXN-04088,CUST-0056,2025-07-11,Hourly Consultation,1558.2,35.0,1
TXN-04089,CUST-0146,2024-06-10,PPC Campaign,16781.19,18.0,1
TXN-04090,CUST-0024,2025-10-27,PPC Campaign,16528.81,18.0,1
TXN-04091,CUST-0117,2025-02-28,Enterprise License,24542.43,35.0,1
TXN-04092,CUST-0099,2025-04-28,Retainer,14915.9,28.0,1
TXN-04093,CUST-0194,2025-02-25,Annual Subscription,4726.59,45.0,1
TXN-04094,CUST-0038,2024-11-18,Annual Subscription,3095.87,45.0,1
TXN-04095,CUST-0013,2024-07-31,Social Media Mgmt,9059.23,22.0,1
TXN-04096,CUST-0045,2024-08-12,Valuation Report,4376.32,35.0,1
TXN-04097,CUST-0158,2025-01-12,Bulk Order,14716.92,12.0,1
TXN-04098,CUST-0160,2024-10-03,Social Media Mgmt,7636.83,22.0,1
TXN-04099,CUST-0162,2025-06-06,Workshop Ticket,651.86,25.0,1
TXN-04100,CUST-0129,2025-12-01,Hourly Consultation,2141.26,35.0,1
TXN-04101,CUST-0191,2024-10-20,Workshop Ticket,1045.8,25.0,1
TXN-04102,CUST-0046,2025-03-30,PPC Campaign,18160.58,18.0,1
TXN-04103,CUST-0163,2024-06-21,Process Optimization,17197.57,22.0,1
TXN-04104,CUST-0129,2025-12-25,Litigation Support,26383.86,25.0,2
TXN-04105,CUST-0065,2025-12-08,Premium Membership,273.83,18.0,1
TXN-04106,CUST-0009,2025-11-02,Retainer,9836.1,28.0,1
TXN-04107,CUST-0104,2025-01-10,Strategy Session,3845.2,30.0,1
TXN-04108,CUST-0059,2025-05-31,Corporate Health,13331.41,22.0,1
TXN-04109,CUST-0172,2025-07-25,Annual Subscription,1150.4,45.0,1
TXN-04110,CUST-0186,2024-09-17,Website Development,38462.6,25.0,1
TXN-04111,CUST-0194,2025-12-08,Enterprise License,45217.94,35.0,1
TXN-04112,CUST-0060,2025-10-09,Property Management,6561.03,25.0,1
TXN-04113,CUST-0067,2025-03-17,Social Media Mgmt,2375.58,22.0,3
TXN-04114,CUST-0090,2024-04-03,Strategy Session,6435.01,30.0,1
TXN-04115,CUST-0199,2025-09-11,PPC Campaign,29629.7,18.0,1
TXN-04116,CUST-0143,2025-08-31,Property Management,2253.85,25.0,1
TXN-04117,CUST-0068,2025-05-30,Bulk Order,36231.89,12.0,1
TXN-04118,CUST-0045,2024-08-11,Property Management,4849.66,25.0,1
TXN-04119,CUST-0102,2024-07-25,Social Media Mgmt,4747.28,22.0,1
TXN-04120,CUST-0022,2024-11-22,Corporate Training,6615.41,22.0,1
TXN-04121,CUST-0128,2024-10-07,PPC Campaign,26681.92,18.0,1
TXN-04122,CUST-0114,2025-11-30,Process Optimization,45835.51,22.0,1
TXN-04123,CUST-0133,2024-07-11,Product Sale,397.54,15.0,2
TXN-04124,CUST-0102,2025-06-06,Website Development,27374.79,25.0,1
TXN-04125,CUST-0009,2025-10-11,Hourly Consultation,1898.1,35.0,1
TXN-04126,CUST-0134,2024-05-28,Website Development,4447.84,25.0,1
TXN-04127,CUST-0197,2024-09-16,SEO Package,9323.28,20.0,1
TXN-04128,CUST-0196,2025-12-21,Wellness Program,10697.4,25.0,1
TXN-04129,CUST-0033,2024-10-08,Product Sale,171.4,15.0,1
TXN-04130,CUST-0035,2024-04-22,Workshop Ticket,792.23,25.0,1
TXN-04131,CUST-0059,2024-04-20,Patient Consultation,357.24,30.0,1
TXN-04132,CUST-0144,2025-01-23,Consultation Fee,2440.28,32.0,1
TXN-04133,CUST-0175,2025-07-26,Wellness Program,4974.57,25.0,1
TXN-04134,CUST-0054,2024-08-22,Property Listing,2006.96,30.0,1
TXN-04135,CUST-0083,2025-12-17,Strategy Session,2046.61,30.0,1
TXN-04136,CUST-0105,2024-09-18,Retainer,11461.62,28.0,1
TXN-04137,CUST-0115,2025-12-01,Consultation Fee,492.07,32.0,1
TXN-04138,CUST-0156,2025-12-05,Enterprise License,30157.58,35.0,1
TXN-04139,CUST-0104,2025-10-03,Strategy Session,4263.98,30.0,1
TXN-04140,CUST-0006,2024-03-16,Corporate Training,16522.38,22.0,1
TXN-04141,CUST-0074,2025-10-05,Contract Review,6474.52,30.0,1
TXN-04142,CUST-0166,2025-10-26,Patient Consultation,399.31,30.0,1
TXN-04143,CUST-0010,2024-09-09,Monthly Subscription,136.83,40.0,1
TXN-04144,CUST-0036,2024-07-08,Annual Subscription,3094.64,45.0,2
TXN-04145,CUST-0062,2024-11-23,Retainer,6170.04,28.0,1
TXN-04146,CUST-0098,2024-12-07,Hourly Consultation,1457.4,35.0,1
TXN-04147,CUST-0164,2024-05-08,Annual Subscription,713.59,28.0,1
TXN-04148,CUST-0194,2024-04-05,Monthly Subscription,235.29,40.0,1
TXN-04149,CUST-0020,2024-07-03,Valuation Report,4808.39,35.0,2
TXN-04150,CUST-0063,2025-02-07,PPC Campaign,7738.87,18.0,1
TXN-04151,CUST-0098,2024-10-31,Litigation Support,44779.89,25.0,1
TXN-04152,CUST-0139,2025-09-14,Course Enrollment,3099.1,20.0,1
TXN-04153,CUST-0190,2025-12-01,Valuation Report,4152.79,35.0,1
TXN-04154,CUST-0020,2025-11-25,Property Listing,2971.52,30.0,1
TXN-04155,CUST-0104,2025-06-03,Strategy Session,3909.33,30.0,1
TXN-04156,CUST-0052,2024-02-17,Valuation Report,5375.29,35.0,2
TXN-04157,CUST-0068,2024-02-25,Product Sale,128.21,15.0,1
TXN-04158,CUST-0059,2025-01-04,Wellness Program,7890.92,25.0,1
TXN-04159,CUST-0044,2024-09-25,Hourly Consultation,1367.26,35.0,1
TXN-04160,CUST-0099,2024-12-20,Hourly Consultation,2924.01,35.0,1
TXN-04161,CUST-0144,2024-05-30,Property Management,3240.56,25.0,1
TXN-04162,CUST-0028,2025-03-01,Annual Subscription,852.81,28.0,2
TXN-04163,CUST-0140,2025-11-29,Property Management,3284.9,25.0,1
TXN-04164,CUST-0041,2025-10-01,Subscription Box,100.84,20.0,1
TXN-04165,CUST-0195,2025-11-23,Subscription Box,164.09,20.0,1
TXN-04166,CUST-0058,2024-05-02,SEO Package,2385.57,20.0,1
TXN-04167,CUST-0161,2025-11-26,Annual Subscription,4405.65,28.0,1
TXN-04168,CUST-0180,2024-11-10,Product Sale,271.04,15.0,1
TXN-04169,CUST-0030,2024-09-05,Social Media Mgmt,10255.76,22.0,1
TXN-04170,CUST-0034,2025-10-07,Retainer,16995.74,28.0,1
TXN-04171,CUST-0004,2024-05-10,PPC Campaign,25366.98,18.0,1
TXN-04172,CUST-0126,2025-12-02,Strategy Session,11029.57,30.0,1
TXN-04173,CUST-0163,2024-08-11,Market Analysis,11566.32,28.0,1
TXN-04174,CUST-0060,2024-06-29,Property Management,7851.51,25.0,1
TXN-04175,CUST-0108,2025-09-23,Annual Subscription,3012.64,28.0,1
TXN-04176,CUST-0097,2024-03-04,Process Optimization,55624.33,22.0,1
TXN-04177,CUST-0023,2024-09-28,Contract Review,3697.77,30.0,1
TXN-04178,CUST-0133,2024-07-14,Bulk Order,15857.17,12.0,1
TXN-04179,CUST-0112,2024-10-21,Process Optimization,33588.3,22.0,1
TXN-04180,CUST-0145,2025-09-07,Enterprise License,45491.99,35.0,1
TXN-04181,CUST-0045,2024-08-06,Valuation Report,2621.72,35.0,1
TXN-04182,CUST-0062,2025-04-15,Litigation Support,12115.61,25.0,1
TXN-04183,CUST-0121,2025-11-27,Retainer,20272.17,28.0,1
TXN-04184,CUST-0110,2025-04-08,PPC Campaign,17113.41,18.0,1
TXN-04185,CUST-0037,2024-03-26,Corporate Training,16135.22,22.0,1
TXN-04186,CUST-0069,2025-11-08,Subscription Box,150.89,20.0,1
TXN-04187,CUST-0100,2025-07-25,SEO Package,2568.33,20.0,1
TXN-04188,CUST-0142,2025-12-19,PPC Campaign,18171.53,18.0,1
TXN-04189,CUST-0054,2025-01-08,Valuation Report,3676.53,35.0,1
TXN-04190,CUST-0060,2025-12-11,Valuation Report,1556.41,35.0,1
TXN-04191,CUST-0085,2025-05-02,Consultation Fee,684.61,32.0,2
TXN-04192,CUST-0001,2025-07-25,Bulk Order,38244.91,12.0,1
TXN-04193,CUST-0038,2025-02-03,Implementation Fee,5179.42,20.0,1
TXN-04194,CUST-0027,2025-03-16,Strategy Session,12015.31,30.0,1
TXN-04195,CUST-0106,2024-07-11,Course Enrollment,2496.35,20.0,1
TXN-04196,CUST-0066,2025-06-07,Enterprise License,22103.43,35.0,2
TXN-04197,CUST-0055,2025-01-27,Website Development,21817.01,25.0,3
TXN-04198,CUST-0065,2025-07-27,Subscription Box,112.46,20.0,1
TXN-04199,CUST-0196,2025-12-13,Telemedicine Plan,536.36,28.0,1
TXN-04200,CUST-0136,2025-03-13,Property Listing,2626.04,30.0,2
TXN-04201,CUST-0005,2024-08-06,Social Media Mgmt,12741.49,22.0,1
TXN-04202,CUST-0152,2025-10-21,Contract Review,3911.67,30.0,2
TXN-04203,CUST-0164,2024-05-09,Workshop Ticket,1086.75,25.0,2
TXN-04204,CUST-0095,2025-11-23,Premium Membership,375.81,18.0,1
TXN-04205,CUST-0051,2024-08-15,Monthly Subscription,503.39,40.0,1
TXN-04206,CUST-0095,2024-02-14,Premium Membership,491.14,18.0,1
TXN-04207,CUST-0061,2024-06-29,Market Analysis,24643.72,28.0,1
TXN-04208,CUST-0195,2025-04-21,Product Sale,484.93,15.0,1
TXN-04209,CUST-0132,2024-12-14,Website Development,17221.25,25.0,1
TXN-04210,CUST-0015,2025-01-16,Implementation Fee,8909.07,20.0,1
TXN-04211,CUST-0001,2025-03-19,Premium Membership,516.71,18.0,1
TXN-04212,CUST-0103,2024-09-29,Contract Review,4692.72,30.0,1
TXN-04213,CUST-0097,2025-10-22,Market Analysis,17254.67,28.0,1
TXN-04214,CUST-0027,2024-03-18,Process Optimization,38293.83,22.0,2
TXN-04215,CUST-0180,2025-09-19,Premium Membership,517.96,18.0,1
TXN-04216,CUST-0094,2024-12-24,Annual Subscription,4519.51,45.0,1
TXN-04217,CUST-0147,2025-03-03,Market Analysis,23220.39,28.0,1
TXN-04218,CUST-0166,2025-12-06,Telemedicine Plan,550.87,28.0,1
TXN-04219,CUST-0142,2025-12-18,Social Media Mgmt,8621.91,22.0,1
TXN-04220,CUST-0129,2025-12-12,Hourly Consultation,2218.61,35.0,1
TXN-04221,CUST-0132,2024-08-29,PPC Campaign,17975.48,18.0,1
TXN-04222,CUST-0075,2025-01-26,Contract Review,3165.63,30.0,1
TXN-04223,CUST-0105,2025-05-20,Hourly Consultation,1472.68,35.0,1
TXN-04224,CUST-0031,2024-10-17,Valuation Report,2238.77,35.0,2
TXN-04225,CUST-0066,2024-11-29,Implementation Fee,13659.82,20.0,1
TXN-04226,CUST-0198,2025-07-05,Market Analysis,26533.73,28.0,1
TXN-04227,CUST-0183,2025-05-18,Annual Subscription,2645.37,28.0,1
TXN-04228,CUST-0179,2025-11-12,Course Enrollment,1244.01,20.0,1
TXN-04229,CUST-0070,2025-12-25,Enterprise License,34041.13,35.0,1
TXN-04230,CUST-0169,2025-03-13,Strategy Session,9753.12,30.0,1
TXN-04231,CUST-0153,2025-01-01,Corporate Health,17188.37,22.0,1
TXN-04232,CUST-0189,2024-04-23,Monthly Subscription,205.73,40.0,1
TXN-04233,CUST-0132,2024-10-11,Website Development,25537.24,25.0,1
TXN-04234,CUST-0101,2024-07-15,Valuation Report,3860.41,35.0,1
TXN-04235,CUST-0022,2024-06-29,Corporate Training,13357.14,22.0,1
TXN-04236,CUST-0127,2024-12-15,Implementation Fee,20409.72,20.0,1
TXN-04237,CUST-0135,2024-03-07,Bulk Order,45360.71,12.0,1
TXN-04238,CUST-0127,2024-11-24,Monthly Subscription,401.16,40.0,1
TXN-04239,CUST-0104,2025-12-02,Market Analysis,16631.94,28.0,1
TXN-04240,CUST-0019,2025-06-17,Property Listing,1640.54,30.0,1
TXN-04241,CUST-0118,2024-09-03,Bulk Order,43377.87,12.0,1
TXN-04242,CUST-0056,2025-08-22,Hourly Consultation,842.43,35.0,1
TXN-04243,CUST-0016,2024-05-20,Litigation Support,27091.59,25.0,1
TXN-04244,CUST-0132,2024-12-24,Website Development,19052.42,25.0,1
TXN-04245,CUST-0148,2024-08-26,Premium Membership,498.87,18.0,1
TXN-04246,CUST-0029,2025-05-16,Wellness Program,11921.95,25.0,2
TXN-04247,CUST-0038,2024-01-07,Enterprise License,20254.68,35.0,1
TXN-04248,CUST-0195,2025-11-14,Subscription Box,156.55,20.0,1
TXN-04249,CUST-0018,2025-04-22,Property Management,2063.27,25.0,1
TXN-04250,CUST-0141,2024-11-30,Strategy Session,2513.17,30.0,1
TXN-04251,CUST-0104,2025-12-18,Executive Coaching,10260.72,35.0,1
TXN-04252,CUST-0026,2024-10-19,Executive Coaching,12738.73,35.0,1
TXN-04253,CUST-0032,2024-12-16,Website Development,37058.3,25.0,1
TXN-04254,CUST-0025,2025-06-13,Wellness Program,3322.54,25.0,1
TXN-04255,CUST-0024,2025-07-09,PPC Campaign,4710.16,18.0,2
TXN-04256,CUST-0072,2025-02-27,Valuation Report,2161.25,35.0,1
TXN-04257,CUST-0111,2025-03-20,Implementation Fee,12642.31,20.0,1
TXN-04258,CUST-0069,2025-12-13,Subscription Box,178.12,20.0,1
TXN-04259,CUST-0091,2024-09-08,SEO Package,3200.07,20.0,1
TXN-04260,CUST-0009,2025-09-25,Litigation Support,96625.87,25.0,1
TXN-04261,CUST-0162,2024-09-14,Course Enrollment,306.37,20.0,1
TXN-04262,CUST-0084,2024-11-19,Bulk Order,22174.31,12.0,1
TXN-04263,CUST-0179,2025-03-05,Course Enrollment,2797.97,20.0,1
TXN-04264,CUST-0022,2024-08-31,Annual Subscription,1428.68,28.0,1
TXN-04265,CUST-0174,2024-08-23,Valuation Report,1800.47,35.0,1
TXN-04266,CUST-0082,2025-10-14,Strategy Session,8820.72,30.0,1
TXN-04267,CUST-0080,2024-04-05,Implementation Fee,20162.93,20.0,1
TXN-04268,CUST-0091,2024-10-19,PPC Campaign,20464.69,18.0,1
TXN-04269,CUST-0141,2025-07-17,Market Analysis,4565.63,28.0,1
TXN-04270,CUST-0006,2024-02-28,Workshop Ticket,1335.01,25.0,1
TXN-04271,CUST-0130,2025-04-08,Executive Coaching,8203.99,35.0,1
TXN-04272,CUST-0172,2024-11-24,Annual Subscription,3278.53,45.0,1
TXN-04273,CUST-0150,2025-02-02,Corporate Health,9190.76,22.0,2
TXN-04274,CUST-0183,2024-04-30,Annual Subscription,1974.29,28.0,1
TXN-04275,CUST-0161,2025-09-22,Workshop Ticket,500.82,25.0,1
TXN-04276,CUST-0108,2025-08-31,Workshop Ticket,930.2,25.0,1
TXN-04277,CUST-0076,2024-10-08,Annual Subscription,1811.89,45.0,1
TXN-04278,CUST-0100,2025-02-18,Website Development,16207.23,25.0,1
TXN-04279,CUST-0109,2025-10-02,Social Media Mgmt,5349.67,22.0,1
TXN-04280,CUST-0008,2024-07-17,PPC Campaign,10030.59,18.0,1
TXN-04281,CUST-0160,2024-04-08,Social Media Mgmt,9022.69,22.0,1
TXN-04282,CUST-0073,2025-06-09,Website Development,25298.24,25.0,1
TXN-04283,CUST-0045,2024-08-04,Property Listing,5208.85,30.0,2
TXN-04284,CUST-0050,2025-04-21,Executive Coaching,19103.6,35.0,1
TXN-04285,CUST-0066,2025-06-21,Implementation Fee,9168.36,20.0,2
TXN-04286,CUST-0006,2024-06-03,Corporate Training,5988.28,22.0,1
TXN-04287,CUST-0042,2025-12-01,Valuation Report,1801.2,35.0,1
TXN-04288,CUST-0047,2025-02-11,Subscription Box,82.25,20.0,1
TXN-04289,CUST-0072,2024-08-16,Valuation Report,3311.06,35.0,1
TXN-04290,CUST-0080,2024-11-09,Enterprise License,41107.5,35.0,1
TXN-04291,CUST-0020,2024-06-25,Property Listing,4386.91,30.0,2
TXN-04292,CUST-0156,2025-12-28,Enterprise License,6177.21,35.0,2
TXN-04293,CUST-0190,2025-12-16,Property Management,6816.75,25.0,1
TXN-04294,CUST-0018,2025-01-13,Valuation Report,3582.96,35.0,1
TXN-04295,CUST-0086,2024-03-02,Implementation Fee,9519.73,20.0,1
TXN-04296,CUST-0030,2024-10-12,SEO Package,6379.76,20.0,1
TXN-04297,CUST-0033,2025-08-05,Bulk Order,26352.99,12.0,2
TXN-04298,CUST-0109,2025-12-27,Website Development,32625.64,25.0,1
TXN-04299,CUST-0039,2025-05-19,Contract Review,10438.44,30.0,1
TXN-04300,CUST-0084,2024-09-17,Subscription Box,45.44,20.0,1
TXN-04301,CUST-0106,2024-09-03,Corporate Training,24497.59,22.0,1
TXN-04302,CUST-0188,2025-03-10,Workshop Ticket,1433.18,25.0,1
TXN-04303,CUST-0134,2024-04-19,Website Development,14100.36,25.0,1
TXN-04304,CUST-0122,2025-03-05,Hourly Consultation,1780.29,35.0,1
TXN-04305,CUST-0153,2025-11-02,Patient Consultation,135.36,30.0,1
TXN-04306,CUST-0192,2024-07-15,Annual Subscription,1030.66,45.0,1
TXN-04307,CUST-0114,2025-12-23,Market Analysis,28325.93,28.0,1
TXN-04308,CUST-0104,2025-05-05,Process Optimization,47234.14,22.0,1
TXN-04309,CUST-0077,2025-12-25,Patient Consultation,237.32,30.0,1
TXN-04310,CUST-0181,2024-08-25,Corporate Training,16926.47,22.0,1
TXN-04311,CUST-0038,2025-02-22,Monthly Subscription,104.7,40.0,1
TXN-04312,CUST-0116,2025-01-10,Premium Membership,390.5,18.0,1
TXN-04313,CUST-0200,2025-06-10,Consultation Fee,932.88,32.0,1
TXN-04314,CUST-0112,2024-05-12,Executive Coaching,10328.33,35.0,3
TXN-04315,CUST-0042,2025-07-20,Property Listing,5538.95,30.0,1
TXN-04316,CUST-0126,2025-01-22,Process Optimization,61463.37,22.0,1
TXN-04317,CUST-0074,2025-03-22,Contract Review,7773.03,30.0,1
TXN-04318,CUST-0192,2024-06-24,Annual Subscription,805.15,45.0,1
TXN-04319,CUST-0029,2025-09-06,Wellness Program,6620.24,25.0,1
TXN-04320,CUST-0056,2025-07-19,Litigation Support,25096.13,25.0,1
TXN-04321,CUST-0186,2024-12-15,PPC Campaign,5420.66,18.0,1
TXN-04322,CUST-0102,2025-11-22,SEO Package,4072.19,20.0,2
TXN-04323,CUST-0056,2024-11-24,Hourly Consultation,1174.67,35.0,1
TXN-04324,CUST-0083,2025-12-10,Executive Coaching,13277.69,35.0,1
TXN-04325,CUST-0074,2024-07-12,Hourly Consultation,1359.57,35.0,1
TXN-04326,CUST-0067,2025-05-26,Social Media Mgmt,5660.06,22.0,1
TXN-04327,CUST-0094,2025-01-17,Annual Subscription,3405.97,45.0,1
TXN-04328,CUST-0040,2024-07-06,Patient Consultation,219.39,30.0,1
TXN-04329,CUST-0118,2025-11-29,Premium Membership,416.5,18.0,1
TXN-04330,CUST-0011,2024-06-30,SEO Package,2819.23,20.0,1
TXN-04331,CUST-0152,2025-09-05,Litigation Support,72741.35,25.0,2
TXN-04332,CUST-0142,2025-12-08,Website Development,28713.14,25.0,1
TXN-04333,CUST-0034,2025-02-25,Retainer,17683.95,28.0,1
TXN-04334,CUST-0122,2025-10-03,Hourly Consultation,733.95,35.0,1
TXN-04335,CUST-0182,2024-10-13,Hourly Consultation,1600.25,35.0,1
TXN-04336,CUST-0063,2024-12-18,PPC Campaign,14319.32,18.0,1
TXN-04337,CUST-0112,2025-11-05,Process Optimization,32656.48,22.0,1
TXN-04338,CUST-0168,2025-01-21,Social Media Mgmt,5964.13,22.0,1
TXN-04339,CUST-0038,2025-07-01,Monthly Subscription,253.94,40.0,1
TXN-04340,CUST-0190,2025-12-28,Property Listing,2979.95,30.0,1
TXN-04341,CUST-0142,2025-12-10,Social Media Mgmt,3060.14,22.0,1
TXN-04342,CUST-0017,2024-06-08,Executive Coaching,11432.02,35.0,1
TXN-04343,CUST-0172,2024-11-18,Annual Subscription,4316.4,45.0,1
TXN-04344,CUST-0081,2025-04-09,Implementation Fee,8139.13,20.0,1
TXN-04345,CUST-0095,2024-05-22,Product Sale,32.96,15.0,1
TXN-04346,CUST-0014,2025-02-12,Valuation Report,3418.78,35.0,1
TXN-04347,CUST-0130,2024-11-14,Executive Coaching,3495.53,35.0,1
TXN-04348,CUST-0144,2024-02-17,Property Listing,3553.2,30.0,1
TXN-04349,CUST-0160,2024-08-02,SEO Package,5629.27,20.0,1
TXN-04350,CUST-0050,2025-01-11,Market Analysis,13020.92,28.0,1
TXN-04351,CUST-0094,2024-08-26,Implementation Fee,8949.25,20.0,1
TXN-04352,CUST-0184,2024-02-27,Monthly Subscription,124.27,40.0,2
TXN-04353,CUST-0006,2024-03-13,Course Enrollment,1649.77,20.0,1
TXN-04354,CUST-0112,2025-12-12,Market Analysis,11546.28,28.0,1
TXN-04355,CUST-0094,2024-12-14,Enterprise License,36923.03,35.0,1
TXN-04356,CUST-0164,2024-03-29,Corporate Training,23695.02,22.0,1
TXN-04357,CUST-0022,2025-09-06,Annual Subscription,5038.99,28.0,1
TXN-04358,CUST-0020,2024-08-08,Consultation Fee,1332.15,32.0,1
TXN-04359,CUST-0191,2024-12-18,Workshop Ticket,938.59,25.0,1
TXN-04360,CUST-0015,2024-06-29,Monthly Subscription,210.54,40.0,1
TXN-04361,CUST-0068,2024-08-13,Premium Membership,518.82,18.0,1
TXN-04362,CUST-0107,2025-12-19,Premium Membership,299.3,18.0,1
TXN-04363,CUST-0058,2024-04-16,Social Media Mgmt,1831.29,22.0,1
TXN-04364,CUST-0179,2024-07-16,Corporate Training,25927.11,22.0,1
TXN-04365,CUST-0042,2025-11-24,Property Management,10333.51,25.0,1
TXN-04366,CUST-0118,2024-07-05,Premium Membership,722.42,18.0,1
TXN-04367,CUST-0039,2025-07-19,Hourly Consultation,1433.02,35.0,1
TXN-04368,CUST-0150,2025-08-16,Telemedicine Plan,1527.76,28.0,1
TXN-04369,CUST-0107,2025-12-20,Bulk Order,35942.61,12.0,1
TXN-04370,CUST-0091,2024-11-18,Website Development,6377.74,25.0,1
TXN-04371,CUST-0102,2024-12-09,Social Media Mgmt,2908.31,22.0,1
TXN-04372,CUST-0185,2025-12-11,Annual Subscription,852.83,45.0,1
TXN-04373,CUST-0177,2025-05-13,SEO Package,5737.18,20.0,1
TXN-04374,CUST-0146,2024-08-01,Social Media Mgmt,4128.05,22.0,1
TXN-04375,CUST-0050,2025-01-13,Executive Coaching,16793.85,35.0,1
TXN-04376,CUST-0005,2025-01-21,SEO Package,5694.14,20.0,1
TXN-04377,CUST-0075,2025-08-05,Hourly Consultation,874.61,35.0,1
TXN-04378,CUST-0047,2025-09-01,Bulk Order,4514.11,12.0,1
TXN-04379,CUST-0066,2025-09-11,Annual Subscription,4595.7,45.0,1
TXN-04380,CUST-0182,2025-06-12,Retainer,11283.6,28.0,1
TXN-04381,CUST-0067,2025-03-25,SEO Package,2008.79,20.0,1
TXN-04382,CUST-0026,2025-01-30,Market Analysis,20301.46,28.0,1
TXN-04383,CUST-0175,2025-04-16,Corporate Health,24184.52,22.0,1
TXN-04384,CUST-0121,2025-11-10,Litigation Support,86298.89,25.0,1
TXN-04385,CUST-0018,2025-11-10,Valuation Report,4119.18,35.0,1
TXN-04386,CUST-0148,2025-12-17,Bulk Order,11027.73,12.0,1
TXN-04387,CUST-0061,2025-09-28,Market Analysis,18796.67,28.0,1
TXN-04388,CUST-0105,2025-12-04,Contract Review,7705.24,30.0,2
TXN-04389,CUST-0098,2025-02-16,Contract Review,4386.35,30.0,1
TXN-04390,CUST-0183,2025-05-21,Workshop Ticket,288.76,25.0,1
TXN-04391,CUST-0090,2024-07-24,Market Analysis,13616.16,28.0,1
TXN-04392,CUST-0072,2025-05-22,Valuation Report,2050.91,35.0,1
TXN-04393,CUST-0167,2025-12-08,SEO Package,1828.45,20.0,1
TXN-04394,CUST-0147,2025-07-10,Executive Coaching,11319.48,35.0,1
TXN-04395,CUST-0054,2024-11-03,Property Management,5419.16,25.0,1
TXN-04396,CUST-0080,2024-03-26,Annual Subscription,794.15,45.0,1
TXN-04397,CUST-0168,2025-09-01,Social Media Mgmt,7314.53,22.0,2
TXN-04398,CUST-0091,2024-11-30,Website Development,38766.37,25.0,2
TXN-04399,CUST-0044,2024-07-13,Hourly Consultation,2024.73,35.0,1
TXN-04400,CUST-0025,2025-05-30,Wellness Program,1994.7,25.0,1
TXN-04401,CUST-0188,2025-03-14,Corporate Training,19333.75,22.0,1
TXN-04402,CUST-0009,2025-10-03,Contract Review,3450.24,30.0,1
TXN-04403,CUST-0084,2024-10-13,Product Sale,358.06,15.0,1
TXN-04404,CUST-0048,2024-09-24,Social Media Mgmt,6990.81,22.0,2
TXN-04405,CUST-0084,2025-04-09,Bulk Order,1240.6,12.0,1
TXN-04406,CUST-0021,2024-07-10,Executive Coaching,11319.49,35.0,1
TXN-04407,CUST-0084,2024-09-05,Premium Membership,239.17,18.0,1
TXN-04408,CUST-0014,2025-06-18,Consultation Fee,2246.27,32.0,1
TXN-04409,CUST-0148,2025-07-06,Premium Membership,738.43,18.0,1
TXN-04410,CUST-0133,2024-06-22,Subscription Box,192.43,20.0,1
TXN-04411,CUST-0158,2025-12-05,Subscription Box,89.27,20.0,1
TXN-04412,CUST-0091,2024-12-11,Website Development,15187.81,25.0,1
TXN-04413,CUST-0072,2025-03-29,Property Management,4508.92,25.0,1
TXN-04414,CUST-0192,2025-03-11,Annual Subscription,2771.02,45.0,1
TXN-04415,CUST-0030,2025-12-21,Website Development,12204.27,25.0,1
TXN-04416,CUST-0032,2024-10-25,Social Media Mgmt,10256.85,22.0,1
TXN-04417,CUST-0098,2024-06-03,Contract Review,8891.63,30.0,1
TXN-04418,CUST-0191,2024-09-24,Workshop Ticket,1213.3,25.0,1
TXN-04419,CUST-0057,2025-12-27,SEO Package,1875.8,20.0,1
TXN-04420,CUST-0108,2025-11-06,Course Enrollment,1196.27,20.0,1
TXN-04421,CUST-0182,2024-09-24,Litigation Support,65641.56,25.0,1
TXN-04422,CUST-0177,2025-11-04,Website Development,40041.89,25.0,1
TXN-04423,CUST-0182,2024-10-23,Retainer,4625.8,28.0,2
TXN-04424,CUST-0131,2024-05-29,Annual Subscription,795.81,45.0,1
TXN-04425,CUST-0177,2025-05-31,PPC Campaign,20921.63,18.0,1
TXN-04426,CUST-0086,2024-06-18,Enterprise License,15561.62,35.0,1
TXN-04427,CUST-0149,2024-08-29,Subscription Box,77.35,20.0,1
TXN-04428,CUST-0114,2025-12-10,Executive Coaching,17391.62,35.0,1
TXN-04429,CUST-0190,2025-12-29,Consultation Fee,2402.28,32.0,1
TXN-04430,CUST-0167,2024-11-11,PPC Campaign,12339.59,18.0,1
TXN-04431,CUST-0146,2024-09-26,SEO Package,1673.45,20.0,1
TXN-04432,CUST-0110,2025-02-27,SEO Package,7621.13,20.0,1
TXN-04433,CUST-0036,2024-11-20,Annual Subscription,1289.58,45.0,1
TXN-04434,CUST-0151,2025-11-02,Contract Review,5993.2,30.0,1
TXN-04435,CUST-0104,2025-11-28,Strategy Session,2953.08,30.0,2
TXN-04436,CUST-0071,2024-05-20,PPC Campaign,5679.12,18.0,1
TXN-04437,CUST-0093,2025-11-13,Property Listing,1885.61,30.0,1
TXN-04438,CUST-0180,2024-08-27,Premium Membership,825.29,18.0,1
TXN-04439,CUST-0008,2025-01-02,PPC Campaign,5110.46,18.0,3
TXN-04440,CUST-0092,2025-06-14,Contract Review,4078.26,30.0,1
TXN-04441,CUST-0002,2025-07-10,Subscription Box,58.22,20.0,1
TXN-04442,CUST-0108,2025-09-10,Workshop Ticket,402.66,25.0,1
TXN-04443,CUST-0198,2024-12-22,Strategy Session,5716.1,30.0,1
TXN-04444,CUST-0016,2024-05-31,Contract Review,6324.38,30.0,1
TXN-04445,CUST-0098,2024-07-02,Retainer,17303.65,28.0,1
TXN-04446,CUST-0158,2025-05-14,Bulk Order,19313.33,12.0,2
TXN-04447,CUST-0022,2024-09-04,Corporate Training,18977.06,22.0,3
TXN-04448,CUST-0153,2025-08-10,Corporate Health,19090.27,22.0,1
TXN-04449,CUST-0068,2025-03-16,Subscription Box,153.88,20.0,1
TXN-04450,CUST-0188,2025-12-08,Annual Subscription,1283.95,28.0,1
TXN-04451,CUST-0044,2024-07-01,Retainer,16584.53,28.0,1
TXN-04452,CUST-0126,2025-02-05,Strategy Session,12941.31,30.0,1
TXN-04453,CUST-0001,2025-08-21,Bulk Order,21262.4,12.0,1
TXN-04454,CUST-0153,2025-11-25,Telemedicine Plan,1198.83,28.0,1
TXN-04455,CUST-0146,2024-08-19,PPC Campaign,18948.89,18.0,1
TXN-04456,CUST-0045,2024-08-11,Property Listing,5083.58,30.0,1
TXN-04457,CUST-0187,2025-01-02,Course Enrollment,3169.29,20.0,1
TXN-04458,CUST-0046,2024-03-29,PPC Campaign,8480.3,18.0,1
TXN-04459,CUST-0120,2025-08-22,PPC Campaign,13190.71,18.0,1
TXN-04460,CUST-0184,2024-06-21,Monthly Subscription,256.17,40.0,1
TXN-04461,CUST-0050,2024-11-03,Market Analysis,9121.5,28.0,1
TXN-04462,CUST-0052,2024-05-03,Consultation Fee,2438.73,32.0,1
TXN-04463,CUST-0094,2024-09-10,Monthly Subscription,276.59,40.0,1
TXN-04464,CUST-0116,2025-01-02,Bulk Order,47744.91,12.0,1
TXN-04465,CUST-0037,2024-04-18,Course Enrollment,2410.46,20.0,1
TXN-04466,CUST-0150,2024-12-19,Wellness Program,6423.55,25.0,1
TXN-04467,CUST-0070,2025-10-19,Enterprise License,50174.11,35.0,1
TXN-04468,CUST-0108,2025-11-14,Annual Subscription,4016.49,28.0,1
TXN-04469,CUST-0066,2024-07-22,Implementation Fee,21515.46,20.0,1
TXN-04470,CUST-0127,2024-12-26,Enterprise License,17918.82,35.0,1
TXN-04471,CUST-0008,2025-02-08,Social Media Mgmt,5950.77,22.0,1
TXN-04472,CUST-0081,2025-10-30,Implementation Fee,5210.61,20.0,1
TXN-04473,CUST-0165,2025-11-11,SEO Package,2071.86,20.0,3
TXN-04474,CUST-0055,2024-09-03,PPC Campaign,9939.25,18.0,2
TXN-04475,CUST-0151,2025-07-08,Litigation Support,31686.58,25.0,1
TXN-04476,CUST-0095,2025-07-03,Product Sale,133.86,15.0,1
TXN-04477,CUST-0123,2025-08-09,SEO Package,7553.14,20.0,1
TXN-04478,CUST-0109,2025-10-25,PPC Campaign,18041.83,18.0,1
TXN-04479,CUST-0111,2025-11-11,Implementation Fee,8460.9,20.0,1
TXN-04480,CUST-0026,2025-04-03,Strategy Session,3148.47,30.0,1
TXN-04481,CUST-0182,2025-04-22,Hourly Consultation,2524.69,35.0,1
TXN-04482,CUST-0170,2025-03-17,SEO Package,3102.66,20.0,1
TXN-04483,CUST-0076,2024-10-28,Annual Subscription,1863.68,45.0,1
TXN-04484,CUST-0114,2025-09-22,Executive Coaching,15373.18,35.0,3
TXN-04485,CUST-0116,2024-12-19,Bulk Order,43797.37,12.0,1
TXN-04486,CUST-0001,2025-04-27,Premium Membership,805.64,18.0,1
TXN-04487,CUST-0013,2024-06-09,PPC Campaign,16662.27,18.0,1
TXN-04488,CUST-0022,2025-12-04,Course Enrollment,963.56,20.0,1
TXN-04489,CUST-0168,2025-12-29,SEO Package,7776.25,20.0,3
TXN-04490,CUST-0037,2024-05-06,Annual Subscription,571.72,28.0,1
TXN-04491,CUST-0087,2025-01-22,Subscription Box,111.1,20.0,1
TXN-04492,CUST-0092,2025-06-27,Retainer,16948.53,28.0,1
TXN-04493,CUST-0121,2025-11-22,Hourly Consultation,1020.91,35.0,1
TXN-04494,CUST-0119,2025-06-10,Corporate Training,3733.51,22.0,1
TXN-04495,CUST-0156,2025-12-27,Enterprise License,6993.64,35.0,1
TXN-04496,CUST-0095,2025-09-14,Subscription Box,164.62,20.0,1
TXN-04497,CUST-0191,2025-01-27,Course Enrollment,2815.35,20.0,2
TXN-04498,CUST-0013,2024-06-15,Website Development,32186.79,25.0,3
TXN-04499,CUST-0187,2024-09-07,Course Enrollment,2441.64,20.0,1
TXN-04500,CUST-0058,2025-03-10,PPC Campaign,11504.95,18.0,1
TXN-04501,CUST-0183,2024-06-15,Corporate Training,6237.25,22.0,3
TXN-04502,CUST-0124,2024-06-19,Property Listing,816.75,30.0,1
TXN-04503,CUST-0160,2025-11-30,PPC Campaign,20570.23,18.0,2
TXN-04504,CUST-0139,2024-08-02,Workshop Ticket,1281.77,25.0,1
TXN-04505,CUST-0156,2025-12-17,Implementation Fee,10584.01,20.0,1
TXN-04506,CUST-0160,2024-12-04,PPC Campaign,21943.53,18.0,1
TXN-04507,CUST-0135,2025-06-23,Product Sale,373.11,15.0,1
TXN-04508,CUST-0092,2024-06-10,Contract Review,3515.01,30.0,1
TXN-04509,CUST-0103,2025-03-24,Litigation Support,109165.76,25.0,1
TXN-04510,CUST-0052,2024-03-07,Property Management,1416.73,25.0,1
TXN-04511,CUST-0113,2025-11-06,Annual Subscription,3012.65,45.0,1
TXN-04512,CUST-0044,2025-01-18,Contract Review,8357.91,30.0,1
TXN-04513,CUST-0183,2024-10-22,Workshop Ticket,1145.41,25.0,2
TXN-04514,CUST-0035,2024-12-30,Course Enrollment,2030.56,20.0,1
TXN-04515,CUST-0174,2025-07-18,Consultation Fee,2781.06,32.0,1
TXN-04516,CUST-0072,2025-08-04,Valuation Report,3420.93,35.0,1
TXN-04517,CUST-0104,2024-12-11,Process Optimization,16367.64,22.0,1
TXN-04518,CUST-0066,2025-07-01,Implementation Fee,14751.62,20.0,1
TXN-04519,CUST-0058,2025-08-24,Social Media Mgmt,4935.42,22.0,1
TXN-04520,CUST-0155,2025-03-01,Workshop Ticket,605.14,25.0,1
TXN-04521,CUST-0039,2024-09-11,Hourly Consultation,773.92,35.0,1
TXN-04522,CUST-0005,2025-03-02,SEO Package,5471.69,20.0,1
TXN-04523,CUST-0087,2024-07-29,Subscription Box,112.97,20.0,1
TXN-04524,CUST-0154,2025-12-07,Website Development,26172.21,25.0,1
TXN-04525,CUST-0018,2025-10-09,Valuation Report,2074.07,35.0,1
TXN-04526,CUST-0093,2025-10-05,Property Listing,1259.93,30.0,1
TXN-04527,CUST-0179,2024-04-23,Annual Subscription,4618.55,28.0,1
TXN-04528,CUST-0041,2025-09-19,Bulk Order,40448.71,12.0,1
TXN-04529,CUST-0048,2024-10-29,PPC Campaign,9518.66,18.0,1
TXN-04530,CUST-0077,2025-12-19,Patient Consultation,395.01,30.0,1
TXN-04531,CUST-0040,2024-07-24,Corporate Health,34447.31,22.0,1
TXN-04532,CUST-0069,2025-12-25,Subscription Box,187.87,20.0,1
TXN-04533,CUST-0174,2024-11-30,Property Management,10024.42,25.0,1
TXN-04534,CUST-0032,2024-10-14,PPC Campaign,18997.53,18.0,1
TXN-04535,CUST-0006,2024-02-14,Annual Subscription,1244.28,28.0,1
TXN-04536,CUST-0024,2025-09-02,PPC Campaign,11796.28,18.0,1
TXN-04537,CUST-0087,2025-08-10,Bulk Order,13534.79,12.0,1
TXN-04538,CUST-0183,2025-11-17,Course Enrollment,273.6,20.0,2
TXN-04539,CUST-0068,2025-02-19,Product Sale,271.81,15.0,1
TXN-04540,CUST-0089,2025-12-29,Market Analysis,18508.35,28.0,1
TXN-04541,CUST-0089,2025-12-22,Process Optimization,48686.36,22.0,1
TXN-04542,CUST-0081,2025-03-29,Annual Subscription,1930.72,45.0,3
TXN-04543,CUST-0093,2025-11-27,Property Listing,2957.52,30.0,1
TXN-04544,CUST-0039,2025-09-18,Contract Review,2819.85,30.0,1
TXN-04545,CUST-0054,2024-10-23,Property Management,4907.87,25.0,1
TXN-04546,CUST-0039,2025-04-23,Hourly Consultation,1732.74,35.0,1
TXN-04547,CUST-0199,2025-08-23,Social Media Mgmt,12598.58,22.0,2
TXN-04548,CUST-0176,2025-09-16,Patient Consultation,176.06,30.0,1
TXN-04549,CUST-0029,2025-12-26,Wellness Program,8499.08,25.0,1
TXN-04550,CUST-0074,2025-04-10,Hourly Consultation,1430.88,35.0,1
TXN-04551,CUST-0006,2024-04-09,Corporate Training,34173.23,22.0,1
TXN-04552,CUST-0069,2025-11-06,Premium Membership,555.53,18.0,2
TXN-04553,CUST-0070,2025-03-29,Monthly Subscription,251.14,40.0,1
TXN-04554,CUST-0006,2024-06-26,Course Enrollment,990.81,20.0,1
TXN-04555,CUST-0080,2024-07-04,Monthly Subscription,425.38,40.0,1
TXN-04556,CUST-0127,2024-12-22,Implementation Fee,15842.45,20.0,1
TXN-04557,CUST-0167,2025-06-01,SEO Package,4711.87,20.0,3
TXN-04558,CUST-0025,2025-07-14,Wellness Program,13646.24,25.0,1
TXN-04559,CUST-0131,2025-09-15,Enterprise License,12764.91,35.0,1
TXN-04560,CUST-0140,2025-12-06,Property Management,6683.37,25.0,1
TXN-04561,CUST-0091,2024-09-01,PPC Campaign,17513.16,18.0,1
TXN-04562,CUST-0171,2025-11-30,Valuation Report,3596.98,35.0,1
TXN-04563,CUST-0141,2024-07-26,Strategy Session,4382.81,30.0,1
TXN-04564,CUST-0037,2024-05-27,Course Enrollment,2399.48,20.0,1
TXN-04565,CUST-0199,2025-11-17,Social Media Mgmt,3907.45,22.0,1
TXN-04566,CUST-0026,2024-09-04,Process Optimization,35647.66,22.0,1
TXN-04567,CUST-0003,2025-04-03,Social Media Mgmt,11376.53,22.0,1
TXN-04568,CUST-0094,2025-05-30,Implementation Fee,11946.98,20.0,1
TXN-04569,CUST-0090,2024-07-20,Strategy Session,11409.27,30.0,1
TXN-04570,CUST-0027,2024-10-11,Executive Coaching,10990.33,35.0,1
TXN-04571,CUST-0011,2025-01-03,Website Development,46009.64,25.0,1
TXN-04572,CUST-0155,2025-04-11,Corporate Training,27798.64,22.0,2
TXN-04573,CUST-0160,2025-01-07,PPC Campaign,18744.79,18.0,1
TXN-04574,CUST-0089,2025-12-16,Market Analysis,33420.02,28.0,1
TXN-04575,CUST-0060,2024-07-05,Property Listing,851.44,30.0,1
TXN-04576,CUST-0003,2025-06-10,Social Media Mgmt,5509.91,22.0,1
TXN-04577,CUST-0168,2025-01-07,Social Media Mgmt,12970.36,22.0,1
TXN-04578,CUST-0030,2025-11-12,PPC Campaign,2645.79,18.0,1
TXN-04579,CUST-0192,2025-07-18,Annual Subscription,506.17,45.0,1
TXN-04580,CUST-0106,2024-08-25,Workshop Ticket,821.56,25.0,1
TXN-04581,CUST-0171,2025-12-03,Property Listing,3384.62,30.0,1
TXN-04582,CUST-0004,2024-08-10,Website Development,10074.62,25.0,1
TXN-04583,CUST-0153,2025-05-07,Patient Consultation,279.38,30.0,2
TXN-04584,CUST-0111,2025-09-20,Implementation Fee,4556.81,20.0,1
TXN-04585,CUST-0137,2024-04-03,Valuation Report,2032.81,35.0,1
TXN-04586,CUST-0163,2025-04-16,Executive Coaching,11835.48,35.0,1
TXN-04587,CUST-0149,2025-02-21,Premium Membership,391.7,18.0,1
TXN-04588,CUST-0199,2024-09-21,Social Media Mgmt,2061.2,22.0,1
TXN-04589,CUST-0049,2025-06-04,Enterprise License,35745.31,35.0,1
TXN-04590,CUST-0117,2025-08-11,Annual Subscription,2785.1,45.0,1
TXN-04591,CUST-0193,2025-06-21,Executive Coaching,4301.79,35.0,1
TXN-04592,CUST-0056,2025-12-14,Retainer,7944.87,28.0,1
TXN-04593,CUST-0155,2024-02-22,Annual Subscription,3096.9,28.0,2
TXN-04594,CUST-0104,2025-03-19,Market Analysis,23379.86,28.0,1
TXN-04595,CUST-0177,2025-08-29,SEO Package,3595.09,20.0,1
TXN-04596,CUST-0180,2024-12-27,Premium Membership,727.49,18.0,1
TXN-04597,CUST-0105,2024-10-17,Contract Review,5221.98,30.0,1
TXN-04598,CUST-0041,2025-08-03,Product Sale,420.7,15.0,1
TXN-04599,CUST-0105,2025-06-08,Hourly Consultation,326.13,35.0,1
TXN-04600,CUST-0109,2025-12-05,Website Development,44224.18,25.0,1
TXN-04601,CUST-0026,2024-12-09,Executive Coaching,16210.45,35.0,1
TXN-04602,CUST-0084,2025-08-16,Product Sale,156.9,15.0,1
TXN-04603,CUST-0015,2025-12-10,Annual Subscription,3440.15,45.0,1
TXN-04604,CUST-0175,2025-09-01,Corporate Health,12806.91,22.0,1
TXN-04605,CUST-0012,2025-08-27,Bulk Order,40059.05,12.0,1
TXN-04606,CUST-0185,2025-12-04,Monthly Subscription,88.07,40.0,1
TXN-04607,CUST-0122,2025-11-13,Litigation Support,65657.95,25.0,1
TXN-04608,CUST-0071,2024-06-22,Social Media Mgmt,3735.94,22.0,1
TXN-04609,CUST-0189,2025-02-22,Annual Subscription,1096.98,45.0,1
TXN-04610,CUST-0065,2025-01-25,Product Sale,97.98,15.0,2
TXN-04611,CUST-0108,2025-12-14,Workshop Ticket,459.6,25.0,1
TXN-04612,CUST-0076,2024-10-13,Enterprise License,32650.16,35.0,1
TXN-04613,CUST-0185,2025-12-28,Enterprise License,51588.07,35.0,1
TXN-04614,CUST-0083,2025-11-29,Strategy Session,11628.71,30.0,1
TXN-04615,CUST-0004,2025-03-18,Social Media Mgmt,10382.61,22.0,2
TXN-04616,CUST-0096,2025-08-12,Process Optimization,42296.05,22.0,1
TXN-04617,CUST-0078,2024-06-14,Valuation Report,3769.09,35.0,1
TXN-04618,CUST-0168,2025-10-27,Website Development,6881.72,25.0,2
TXN-04619,CUST-0044,2024-08-22,Hourly Consultation,975.04,35.0,1
TXN-04620,CUST-0181,2025-10-14,Corporate Training,8864.19,22.0,1
TXN-04621,CUST-0137,2024-06-13,Valuation Report,3990.72,35.0,1
TXN-04622,CUST-0077,2025-12-17,Corporate Health,42891.93,22.0,1
TXN-04623,CUST-0028,2025-04-19,Course Enrollment,1862.57,20.0,1
TXN-04624,CUST-0002,2025-07-04,Subscription Box,85.61,20.0,1
TXN-04625,CUST-0132,2024-07-17,SEO Package,6341.57,20.0,1
TXN-04626,CUST-0157,2025-05-01,Social Media Mgmt,5607.6,22.0,1
TXN-04627,CUST-0085,2025-03-04,Valuation Report,1591.47,35.0,3
TXN-04628,CUST-0048,2025-07-15,PPC Campaign,5857.54,18.0,1
TXN-04629,CUST-0173,2024-12-24,PPC Campaign,8464.65,18.0,1
TXN-04630,CUST-0170,2024-11-06,Website Development,17139.23,25.0,1
TXN-04631,CUST-0126,2025-10-07,Market Analysis,26396.75,28.0,2
TXN-04632,CUST-0181,2024-10-18,Annual Subscription,3526.17,28.0,1
TXN-04633,CUST-0085,2025-10-02,Property Management,6469.56,25.0,1
TXN-04634,CUST-0087,2024-05-11,Bulk Order,13906.18,12.0,1
TXN-04635,CUST-0184,2024-03-18,Enterprise License,9916.83,35.0,1
TXN-04636,CUST-0010,2025-01-06,Implementation Fee,21173.28,20.0,1
TXN-04637,CUST-0056,2025-06-10,Retainer,9828.12,28.0,1
TXN-04638,CUST-0104,2025-07-02,Strategy Session,8020.54,30.0,1
TXN-04639,CUST-0190,2025-12-20,Valuation Report,4169.99,35.0,1
TXN-04640,CUST-0013,2024-08-19,Social Media Mgmt,2848.81,22.0,1
TXN-04641,CUST-0028,2025-09-29,Course Enrollment,1789.04,20.0,1
TXN-04642,CUST-0134,2025-09-30,SEO Package,7179.76,20.0,1
TXN-04643,CUST-0098,2024-09-12,Litigation Support,51483.93,25.0,1
TXN-04644,CUST-0164,2024-04-18,Corporate Training,13770.12,22.0,1
TXN-04645,CUST-0044,2025-09-22,Hourly Consultation,2504.75,35.0,1
TXN-04646,CUST-0180,2025-05-28,Subscription Box,170.42,20.0,1
TXN-04647,CUST-0035,2024-04-06,Corporate Training,17437.16,22.0,1
TXN-04648,CUST-0061,2025-07-11,Strategy Session,11047.65,30.0,1
TXN-04649,CUST-0080,2025-07-04,Enterprise License,37817.05,35.0,1
TXN-04650,CUST-0053,2024-12-03,Implementation Fee,6228.31,20.0,1
TXN-04651,CUST-0162,2025-01-30,Workshop Ticket,1145.06,25.0,3
TXN-04652,CUST-0020,2024-10-17,Consultation Fee,1999.89,32.0,1
TXN-04653,CUST-0186,2025-08-27,SEO Package,4891.53,20.0,1
TXN-04654,CUST-0054,2025-06-25,Property Listing,5435.6,30.0,1
TXN-04655,CUST-0065,2025-06-14,Premium Membership,322.99,18.0,1
TXN-04656,CUST-0009,2025-12-10,Litigation Support,113851.95,25.0,1
TXN-04657,CUST-0052,2024-03-27,Property Listing,2123.61,30.0,1
TXN-04658,CUST-0191,2024-10-02,Corporate Training,3997.55,22.0,1
TXN-04659,CUST-0055,2024-07-13,PPC Campaign,26025.97,18.0,2
TXN-04660,CUST-0193,2024-03-11,Strategy Session,14383.13,30.0,1
TXN-04661,CUST-0141,2025-12-14,Executive Coaching,12590.48,35.0,1
TXN-04662,CUST-0128,2024-12-23,SEO Package,5440.65,20.0,1
TXN-04663,CUST-0001,2024-08-08,Premium Membership,643.89,18.0,1
TXN-04664,CUST-0160,2024-12-31,PPC Campaign,20010.39,18.0,1
TXN-04665,CUST-0171,2025-12-16,Valuation Report,2619.37,35.0,1
TXN-04666,CUST-0161,2025-10-06,Workshop Ticket,665.71,25.0,1
TXN-04667,CUST-0132,2024-08-07,Social Media Mgmt,3033.6,22.0,1
TXN-04668,CUST-0184,2024-07-02,Annual Subscription,4117.11,45.0,1
TXN-04669,CUST-0140,2025-05-28,Property Listing,1980.61,30.0,2
TXN-04670,CUST-0100,2025-10-04,Social Media Mgmt,6382.41,22.0,1
TXN-04671,CUST-0006,2024-04-23,Course Enrollment,2581.69,20.0,1
TXN-04672,CUST-0006,2024-05-20,Workshop Ticket,464.17,25.0,1
TXN-04673,CUST-0112,2025-12-04,Strategy Session,3691.15,30.0,1
TXN-04674,CUST-0169,2024-05-29,Executive Coaching,17523.85,35.0,1
TXN-04675,CUST-0011,2024-10-25,Website Development,13247.45,25.0,1
TXN-04676,CUST-0072,2025-10-07,Consultation Fee,2372.69,32.0,1
TXN-04677,CUST-0071,2024-07-27,SEO Package,4505.21,20.0,1
TXN-04678,CUST-0131,2024-08-30,Annual Subscription,718.49,45.0,1
TXN-04679,CUST-0049,2025-10-14,Enterprise License,21086.42,35.0,1
TXN-04680,CUST-0176,2025-03-04,Corporate Health,11787.66,22.0,1
TXN-04681,CUST-0085,2025-01-11,Valuation Report,2308.21,35.0,1
TXN-04682,CUST-0032,2024-12-09,Social Media Mgmt,13618.13,22.0,1
TXN-04683,CUST-0180,2025-07-01,Subscription Box,44.13,20.0,1
TXN-04684,CUST-0127,2025-01-28,Monthly Subscription,103.32,40.0,1
TXN-04685,CUST-0002,2025-12-21,Subscription Box,48.94,20.0,1
TXN-04686,CUST-0087,2024-09-10,Subscription Box,172.95,20.0,1
TXN-04687,CUST-0076,2024-03-10,Monthly Subscription,114.68,40.0,1
TXN-04688,CUST-0174,2025-12-28,Consultation Fee,2172.34,32.0,2
TXN-04689,CUST-0082,2025-11-21,Executive Coaching,16353.63,35.0,1
TXN-04690,CUST-0115,2025-08-03,Property Listing,766.43,30.0,1
TXN-04691,CUST-0158,2025-02-08,Product Sale,34.66,15.0,1
TXN-04692,CUST-0001,2025-10-27,Premium Membership,439.46,18.0,1
TXN-04693,CUST-0038,2025-03-31,Monthly Subscription,197.52,40.0,1
TXN-04694,CUST-0090,2024-04-09,Strategy Session,10089.39,30.0,2
TXN-04695,CUST-0111,2025-08-02,Enterprise License,23449.54,35.0,1
TXN-04696,CUST-0027,2024-08-28,Executive Coaching,4936.78,35.0,2
TXN-04697,CUST-0111,2025-06-15,Monthly Subscription,330.65,40.0,3
TXN-04698,CUST-0041,2025-01-31,Product Sale,67.62,15.0,1
TXN-04699,CUST-0057,2025-12-01,Social Media Mgmt,6972.64,22.0,1
TXN-04700,CUST-0043,2025-01-05,Product Sale,266.82,15.0,1
TXN-04701,CUST-0015,2025-10-06,Enterprise License,28431.8,35.0,1
TXN-04702,CUST-0124,2024-10-22,Property Management,6111.5,25.0,1
TXN-04703,CUST-0090,2024-02-05,Process Optimization,10896.76,22.0,1
TXN-04704,CUST-0076,2025-08-12,Annual Subscription,1828.04,45.0,1
TXN-04705,CUST-0072,2025-07-18,Property Management,8250.53,25.0,1
TXN-04706,CUST-0112,2025-07-18,Process Optimization,39802.77,22.0,1
TXN-04707,CUST-0074,2025-06-24,Litigation Support,33374.18,25.0,1
TXN-04708,CUST-0136,2025-01-21,Valuation Report,2447.18,35.0,1
TXN-04709,CUST-0015,2025-03-22,Implementation Fee,21795.82,20.0,1
TXN-04710,CUST-0041,2025-04-24,Product Sale,225.54,15.0,1
TXN-04711,CUST-0057,2025-12-12,Social Media Mgmt,8803.83,22.0,1
TXN-04712,CUST-0105,2024-11-07,Contract Review,6125.62,30.0,2
TXN-04713,CUST-0057,2025-12-05,SEO Package,6876.99,20.0,1
TXN-04714,CUST-0135,2024-02-06,Premium Membership,533.87,18.0,1
TXN-04715,CUST-0179,2025-02-22,Course Enrollment,2969.7,20.0,1
TXN-04716,CUST-0021,2024-06-10,Strategy Session,9094.28,30.0,1
TXN-04717,CUST-0197,2024-09-08,Website Development,11353.67,25.0,1
TXN-04718,CUST-0143,2025-06-25,Property Management,6850.76,25.0,1
TXN-04719,CUST-0039,2024-06-07,Litigation Support,81015.93,25.0,1
TXN-04720,CUST-0052,2024-02-20,Valuation Report,2227.05,35.0,1
TXN-04721,CUST-0038,2025-09-15,Enterprise License,8323.11,35.0,1
TXN-04722,CUST-0100,2025-11-01,SEO Package,3320.95,20.0,2
TXN-04723,CUST-0023,2024-12-03,Litigation Support,62015.62,25.0,1
TXN-04724,CUST-0086,2024-06-25,Annual Subscription,3452.36,45.0,1
TXN-04725,CUST-0151,2025-02-01,Contract Review,10179.02,30.0,1
TXN-04726,CUST-0175,2025-08-29,Patient Consultation,259.7,30.0,1
TXN-04727,CUST-0188,2025-01-30,Corporate Training,7429.18,22.0,1
TXN-04728,CUST-0029,2025-06-12,Telemedicine Plan,1667.81,28.0,1
TXN-04729,CUST-0027,2024-03-24,Executive Coaching,15584.14,35.0,3
TXN-04730,CUST-0002,2025-11-25,Product Sale,449.36,15.0,1
TXN-04731,CUST-0162,2024-09-22,Workshop Ticket,404.14,25.0,1
TXN-04732,CUST-0054,2025-04-24,Property Listing,1596.57,30.0,1
TXN-04733,CUST-0056,2024-09-28,Retainer,7742.94,28.0,1
TXN-04734,CUST-0122,2025-11-26,Hourly Consultation,3239.19,35.0,1
TXN-04735,CUST-0121,2025-08-18,Hourly Consultation,1908.35,35.0,1
TXN-04736,CUST-0131,2024-07-06,Implementation Fee,7309.1,20.0,1
TXN-04737,CUST-0136,2025-12-21,Property Listing,1344.45,30.0,1
TXN-04738,CUST-0139,2025-12-14,Course Enrollment,1842.03,20.0,1
TXN-04739,CUST-0063,2025-02-17,PPC Campaign,8213.01,18.0,1
TXN-04740,CUST-0043,2024-11-02,Bulk Order,13897.53,12.0,1
TXN-04741,CUST-0136,2025-07-10,Property Management,8270.83,25.0,2
TXN-04742,CUST-0162,2025-11-03,Annual Subscription,2981.12,28.0,1
TXN-04743,CUST-0083,2025-12-17,Process Optimization,56833.98,22.0,1
TXN-04744,CUST-0014,2024-11-12,Valuation Report,3105.46,35.0,1
TXN-04745,CUST-0122,2025-03-13,Litigation Support,83262.46,25.0,1
TXN-04746,CUST-0035,2025-05-28,Workshop Ticket,986.47,25.0,1
TXN-04747,CUST-0150,2025-08-12,Patient Consultation,423.57,30.0,1
TXN-04748,CUST-0164,2024-05-10,Annual Subscription,2069.31,28.0,1
TXN-04749,CUST-0140,2025-09-28,Property Management,6977.67,25.0,1
TXN-04750,CUST-0049,2025-06-02,Monthly Subscription,163.17,40.0,1
TXN-04751,CUST-0087,2024-06-07,Bulk Order,3874.3,12.0,1
TXN-04752,CUST-0152,2025-08-16,Hourly Consultation,1739.44,35.0,1
TXN-04753,CUST-0072,2025-08-25,Consultation Fee,2138.47,32.0,1
TXN-04754,CUST-0127,2024-11-14,Enterprise License,47340.28,35.0,1
TXN-04755,CUST-0033,2024-12-23,Bulk Order,30747.91,12.0,1
TXN-04756,CUST-0074,2025-08-09,Retainer,20953.54,28.0,1
TXN-04757,CUST-0193,2025-08-24,Market Analysis,8560.88,28.0,1
TXN-04758,CUST-0115,2025-10-09,Property Management,7995.23,25.0,2
TXN-04759,CUST-0200,2025-10-04,Property Management,4358.07,25.0,1
TXN-04760,CUST-0094,2025-07-10,Enterprise License,26138.59,35.0,1
TXN-04761,CUST-0112,2025-06-30,Process Optimization,42265.83,22.0,1
TXN-04762,CUST-0068,2025-06-19,Bulk Order,27110.15,12.0,1
TXN-04763,CUST-0158,2024-10-23,Subscription Box,167.61,20.0,1
TXN-04764,CUST-0144,2025-07-29,Valuation Report,1314.82,35.0,1
TXN-04765,CUST-0188,2025-01-13,Corporate Training,21090.41,22.0,1
TXN-04766,CUST-0068,2025-05-22,Bulk Order,6650.14,12.0,1
TXN-04767,CUST-0006,2024-07-25,Annual Subscription,2773.31,28.0,1
TXN-04768,CUST-0171,2025-11-17,Property Listing,2981.94,30.0,1
TXN-04769,CUST-0128,2024-08-19,Website Development,49759.55,25.0,1
TXN-04770,CUST-0175,2025-09-06,Corporate Health,35705.71,22.0,1
TXN-04771,CUST-0199,2025-05-23,Website Development,18497.44,25.0,1
TXN-04772,CUST-0103,2025-08-20,Litigation Support,72186.84,25.0,1
TXN-04773,CUST-0008,2025-02-23,PPC Campaign,8646.99,18.0,1
TXN-04774,CUST-0164,2024-05-11,Annual Subscription,2178.06,28.0,1
TXN-04775,CUST-0016,2024-02-24,Contract Review,7646.21,30.0,1
TXN-04776,CUST-0017,2025-01-25,Process Optimization,9109.68,22.0,1
TXN-04777,CUST-0091,2024-12-19,Social Media Mgmt,9461.84,22.0,1
TXN-04778,CUST-0040,2025-01-14,Wellness Program,13085.22,25.0,1
TXN-04779,CUST-0084,2025-05-12,Product Sale,114.71,15.0,1
TXN-04780,CUST-0097,2024-11-15,Executive Coaching,13069.47,35.0,1
TXN-04781,CUST-0115,2024-08-06,Property Listing,5378.12,30.0,1
TXN-04782,CUST-0121,2025-09-20,Litigation Support,36632.46,25.0,1
TXN-04783,CUST-0075,2025-12-27,Hourly Consultation,392.01,35.0,1
TXN-04784,CUST-0105,2024-07-29,Litigation Support,54224.84,25.0,1
TXN-04785,CUST-0003,2025-06-30,PPC Campaign,3192.19,18.0,1
TXN-04786,CUST-0147,2025-09-21,Executive Coaching,22357.48,35.0,2
TXN-04787,CUST-0135,2025-02-24,Bulk Order,28969.48,12.0,1
TXN-04788,CUST-0028,2025-01-27,Workshop Ticket,1191.23,25.0,1
TXN-04789,CUST-0023,2024-09-17,Contract Review,2589.42,30.0,1
TXN-04790,CUST-0051,2025-05-29,Annual Subscription,3694.52,45.0,1
TXN-04791,CUST-0046,2025-02-03,PPC Campaign,15477.52,18.0,1
TXN-04792,CUST-0167,2024-11-18,PPC Campaign,20701.37,18.0,3
TXN-04793,CUST-0038,2025-07-01,Monthly Subscription,254.14,40.0,1
TXN-04794,CUST-0190,2025-12-25,Valuation Report,3238.45,35.0,1
TXN-04795,CUST-0120,2025-05-22,SEO Package,4734.41,20.0,1
TXN-04796,CUST-0024,2025-07-24,PPC Campaign,11046.15,18.0,1
TXN-04797,CUST-0148,2025-05-31,Bulk Order,6497.99,12.0,1
TXN-04798,CUST-0092,2024-04-15,Litigation Support,22149.09,25.0,1
TXN-04799,CUST-0174,2025-12-21,Property Management,2615.4,25.0,1
TXN-04800,CUST-0137,2024-07-24,Property Management,4273.64,25.0,1
TXN-04801,CUST-0177,2025-07-03,Website Development,27259.09,25.0,1
TXN-04802,CUST-0159,2025-05-02,Executive Coaching,11288.57,35.0,1
TXN-04803,CUST-0145,2025-12-02,Monthly Subscription,354.25,40.0,1
TXN-04804,CUST-0044,2024-07-05,Retainer,20719.58,28.0,1
TXN-04805,CUST-0116,2025-01-18,Premium Membership,530.27,18.0,1
TXN-04806,CUST-0099,2025-05-04,Hourly Consultation,1897.55,35.0,1
TXN-04807,CUST-0168,2025-05-03,PPC Campaign,19408.47,18.0,1
TXN-04808,CUST-0175,2025-07-11,Wellness Program,9500.85,25.0,1
TXN-04809,CUST-0038,2025-03-01,Enterprise License,29712.34,35.0,1
TXN-04810,CUST-0175,2025-07-21,Corporate Health,28510.52,22.0,1
TXN-04811,CUST-0130,2024-10-27,Strategy Session,10020.39,30.0,1
TXN-04812,CUST-0088,2025-11-30,Website Development,30234.13,25.0,1
TXN-04813,CUST-0015,2025-10-12,Implementation Fee,10982.48,20.0,1
TXN-04814,CUST-0014,2025-07-11,Valuation Report,4673.69,35.0,1
TXN-04815,CUST-0157,2025-06-07,PPC Campaign,12972.08,18.0,1
TXN-04816,CUST-0179,2025-05-15,Course Enrollment,2636.91,20.0,1
TXN-04817,CUST-0081,2025-11-02,Monthly Subscription,447.05,40.0,1
TXN-04818,CUST-0123,2025-08-18,SEO Package,4020.55,20.0,1
TXN-04819,CUST-0124,2025-03-02,Property Management,3019.62,25.0,1
TXN-04820,CUST-0158,2025-12-27,Product Sale,421.7,15.0,1
TXN-04821,CUST-0070,2025-11-25,Annual Subscription,4806.17,45.0,1
TXN-04822,CUST-0191,2024-11-10,Workshop Ticket,663.81,25.0,1
TXN-04823,CUST-0179,2025-07-30,Annual Subscription,4071.02,28.0,1
TXN-04824,CUST-0104,2025-02-13,Process Optimization,36483.56,22.0,1
TXN-04825,CUST-0146,2024-04-10,PPC Campaign,12885.3,18.0,2
TXN-04826,CUST-0129,2025-12-05,Retainer,22333.34,28.0,1
TXN-04827,CUST-0162,2025-02-20,Workshop Ticket,1300.92,25.0,1
TXN-04828,CUST-0187,2024-07-24,Workshop Ticket,1327.99,25.0,1
TXN-04829,CUST-0042,2025-07-23,Valuation Report,4093.28,35.0,1
TXN-04830,CUST-0056,2024-09-17,Litigation Support,25879.82,25.0,2
TXN-04831,CUST-0093,2025-10-04,Valuation Report,3328.72,35.0,1
TXN-04832,CUST-0181,2025-07-19,Annual Subscription,2553.69,28.0,1
TXN-04833,CUST-0071,2024-06-28,Social Media Mgmt,9951.52,22.0,1
TXN-04834,CUST-0028,2025-09-29,Course Enrollment,1433.37,20.0,1
TXN-04835,CUST-0194,2024-02-02,Monthly Subscription,103.85,40.0,1
TXN-04836,CUST-0190,2025-12-17,Consultation Fee,2524.72,32.0,1
TXN-04837,CUST-0168,2024-12-25,SEO Package,3679.74,20.0,1
TXN-04838,CUST-0038,2024-06-03,Enterprise License,6677.34,35.0,1
TXN-04839,CUST-0112,2024-11-23,Strategy Session,7206.73,30.0,1
TXN-04840,CUST-0043,2025-06-30,Premium Membership,803.38,18.0,1
TXN-04841,CUST-0059,2024-10-21,Patient Consultation,208.24,30.0,1
TXN-04842,CUST-0176,2025-03-19,Patient Consultation,101.48,30.0,1
TXN-04843,CUST-0181,2024-09-11,Corporate Training,11882.62,22.0,1
TXN-04844,CUST-0030,2025-02-03,Website Development,27943.15,25.0,3
TXN-04845,CUST-0050,2024-10-07,Process Optimization,9853.02,22.0,1
TXN-04846,CUST-0155,2025-08-21,Course Enrollment,1378.95,20.0,1
TXN-04847,CUST-0060,2024-06-09,Property Management,2720.68,25.0,1
TXN-04848,CUST-0166,2025-11-12,Corporate Health,44307.18,22.0,1
TXN-04849,CUST-0066,2024-07-13,Implementation Fee,7053.1,20.0,1
TXN-04850,CUST-0005,2025-06-23,Social Media Mgmt,8278.22,22.0,1
TXN-04851,CUST-0168,2025-09-17,PPC Campaign,17746.4,18.0,1
TXN-04852,CUST-0175,2025-11-03,Corporate Health,33190.93,22.0,1
TXN-04853,CUST-0134,2025-08-25,PPC Campaign,7767.79,18.0,1
TXN-04854,CUST-0198,2025-12-07,Executive Coaching,4429.19,35.0,1
TXN-04855,CUST-0117,2025-05-15,Annual Subscription,1942.17,45.0,1
TXN-04856,CUST-0127,2025-05-11,Annual Subscription,1683.17,45.0,1
TXN-04857,CUST-0164,2024-04-16,Annual Subscription,1849.81,28.0,2
TXN-04858,CUST-0139,2025-04-02,Workshop Ticket,585.75,25.0,1
TXN-04859,CUST-0021,2024-05-20,Market Analysis,25628.54,28.0,1
TXN-04860,CUST-0050,2025-04-29,Executive Coaching,15750.31,35.0,1
TXN-04861,CUST-0130,2025-06-08,Process Optimization,31038.8,22.0,1
TXN-04862,CUST-0096,2025-07-06,Executive Coaching,18635.78,35.0,1
TXN-04863,CUST-0135,2024-07-05,Subscription Box,96.81,20.0,1
TXN-04864,CUST-0148,2025-06-06,Premium Membership,518.31,18.0,2
TXN-04865,CUST-0146,2024-04-15,SEO Package,6896.09,20.0,1
TXN-04866,CUST-0065,2025-05-27,Subscription Box,184.28,20.0,3
TXN-04867,CUST-0086,2024-09-02,Monthly Subscription,241.25,40.0,1
TXN-04868,CUST-0019,2025-09-01,Property Listing,4159.17,30.0,1
TXN-04869,CUST-0069,2025-12-08,Product Sale,34.83,15.0,1
TXN-04870,CUST-0026,2024-12-27,Market Analysis,15721.55,28.0,1
TXN-04871,CUST-0109,2025-11-17,PPC Campaign,15748.72,18.0,1
TXN-04872,CUST-0056,2025-03-03,Retainer,14865.43,28.0,1
TXN-04873,CUST-0086,2024-06-02,Annual Subscription,1342.91,45.0,1
TXN-04874,CUST-0199,2025-02-26,Website Development,16902.14,25.0,1
TXN-04875,CUST-0057,2025-12-29,SEO Package,6122.02,20.0,1
TXN-04876,CUST-0135,2025-07-19,Bulk Order,21503.94,12.0,1
TXN-04877,CUST-0034,2025-04-26,Retainer,8604.94,28.0,1
TXN-04878,CUST-0150,2025-07-28,Corporate Health,27386.75,22.0,1
TXN-04879,CUST-0155,2025-09-15,Workshop Ticket,166.41,25.0,1
TXN-04880,CUST-0099,2024-10-23,Retainer,25439.31,28.0,1
TXN-04881,CUST-0178,2024-12-25,PPC Campaign,10996.21,18.0,1
TXN-04882,CUST-0140,2025-07-27,Consultation Fee,2059.89,32.0,1
TXN-04883,CUST-0050,2025-09-09,Executive Coaching,12603.57,35.0,1
TXN-04884,CUST-0161,2025-10-29,Corporate Training,12025.29,22.0,1
TXN-04885,CUST-0093,2025-12-25,Property Management,3081.63,25.0,1
TXN-04886,CUST-0022,2024-08-30,Workshop Ticket,839.45,25.0,1
TXN-04887,CUST-0062,2025-08-17,Retainer,15129.63,28.0,1
TXN-04888,CUST-0044,2024-09-14,Hourly Consultation,2278.4,35.0,1
TXN-04889,CUST-0144,2024-06-21,Consultation Fee,2730.65,32.0,1
TXN-04890,CUST-0034,2025-10-03,Contract Review,3987.84,30.0,1
TXN-04891,CUST-0147,2025-01-16,Process Optimization,21600.85,22.0,3
TXN-04892,CUST-0162,2025-06-01,Annual Subscription,4043.0,28.0,1
TXN-04893,CUST-0152,2025-11-17,Litigation Support,24143.94,25.0,1
TXN-04894,CUST-0051,2025-09-05,Monthly Subscription,484.86,40.0,1
TXN-04895,CUST-0124,2025-03-05,Property Listing,2460.36,30.0,2
TXN-04896,CUST-0085,2024-10-18,Consultation Fee,2935.43,32.0,1
TXN-04897,CUST-0002,2025-08-02,Premium Membership,143.74,18.0,1
TXN-04898,CUST-0002,2025-04-23,Product Sale,318.81,15.0,1
TXN-04899,CUST-0188,2025-01-18,Annual Subscription,3072.49,28.0,1
TXN-04900,CUST-0042,2025-12-12,Property Listing,2812.56,30.0,1
TXN-04901,CUST-0172,2025-10-08,Annual Subscription,3871.12,45.0,2
TXN-04902,CUST-0193,2024-10-22,Process Optimization,39678.23,22.0,1
TXN-04903,CUST-0011,2025-03-17,PPC Campaign,11099.43,18.0,2
TXN-04904,CUST-0059,2025-06-02,Patient Consultation,124.59,30.0,1
TXN-04905,CUST-0002,2025-09-21,Product Sale,278.03,15.0,1
TXN-04906,CUST-0190,2025-12-03,Property Management,2904.59,25.0,1
TXN-04907,CUST-0057,2025-12-13,PPC Campaign,14105.35,18.0,2
TXN-04908,CUST-0026,2025-01-07,Strategy Session,8743.72,30.0,1
TXN-04909,CUST-0045,2024-07-20,Valuation Report,3841.2,35.0,1
TXN-04910,CUST-0030,2024-09-24,Website Development,41050.33,25.0,1
TXN-04911,CUST-0056,2024-09-29,Litigation Support,70304.76,25.0,1
TXN-04912,CUST-0083,2025-12-10,Strategy Session,7538.07,30.0,1
TXN-04913,CUST-0051,2024-07-28,Implementation Fee,21736.24,20.0,1
TXN-04914,CUST-0167,2024-12-09,PPC Campaign,13719.51,18.0,1
TXN-04915,CUST-0136,2025-06-22,Consultation Fee,692.68,32.0,1
TXN-04916,CUST-0056,2024-10-17,Litigation Support,12273.81,25.0,1
TXN-04917,CUST-0130,2024-10-18,Executive Coaching,11531.73,35.0,1
TXN-04918,CUST-0015,2025-05-07,Enterprise License,38013.35,35.0,1
TXN-04919,CUST-0094,2024-07-23,Enterprise License,29225.97,35.0,1
TXN-04920,CUST-0005,2024-08-06,Social Media Mgmt,7017.6,22.0,1
TXN-04921,CUST-0147,2024-10-16,Market Analysis,14736.86,28.0,1
TXN-04922,CUST-0186,2025-06-16,Website Development,14951.83,25.0,1
TXN-04923,CUST-0061,2024-05-08,Process Optimization,31350.97,22.0,1
TXN-04924,CUST-0036,2025-07-17,Enterprise License,19891.6,35.0,3
TXN-04925,CUST-0146,2024-06-06,Website Development,25186.0,25.0,1
TXN-04926,CUST-0095,2025-06-29,Bulk Order,16627.13,12.0,1
TXN-04927,CUST-0103,2025-10-12,Contract Review,10096.36,30.0,1
TXN-04928,CUST-0139,2024-10-07,Course Enrollment,1127.26,20.0,1
TXN-04929,CUST-0009,2025-09-29,Litigation Support,96566.19,25.0,1
TXN-04930,CUST-0110,2025-05-19,Website Development,34207.31,25.0,1
TXN-04931,CUST-0059,2025-03-19,Telemedicine Plan,2116.91,28.0,1
TXN-04932,CUST-0097,2024-03-03,Executive Coaching,3517.42,35.0,1
TXN-04933,CUST-0101,2024-04-11,Property Listing,3497.26,30.0,1
TXN-04934,CUST-0085,2025-07-15,Property Management,4078.44,25.0,1
TXN-04935,CUST-0189,2024-06-27,Monthly Subscription,134.51,40.0,1
TXN-04936,CUST-0031,2024-06-27,Valuation Report,1242.88,35.0,1
TXN-04937,CUST-0163,2025-03-16,Process Optimization,46407.08,22.0,1
TXN-04938,CUST-0191,2024-12-09,Workshop Ticket,1013.42,25.0,1
TXN-04939,CUST-0072,2024-08-03,Valuation Report,3374.95,35.0,1
TXN-04940,CUST-0140,2025-04-17,Valuation Report,2888.3,35.0,1
TXN-04941,CUST-0024,2025-11-03,Social Media Mgmt,10459.95,22.0,1
TXN-04942,CUST-0195,2025-09-15,Product Sale,142.21,15.0,2
TXN-04943,CUST-0153,2025-03-27,Patient Consultation,184.85,30.0,1
TXN-04944,CUST-0134,2024-05-26,SEO Package,5450.77,20.0,1
TXN-04945,CUST-0199,2025-03-30,SEO Package,5246.49,20.0,1
TXN-04946,CUST-0069,2025-12-13,Bulk Order,6592.69,12.0,1
TXN-04947,CUST-0061,2024-08-04,Process Optimization,53306.02,22.0,1
TXN-04948,CUST-0165,2025-12-09,SEO Package,5350.87,20.0,1
TXN-04949,CUST-0135,2024-08-14,Premium Membership,1159.97,18.0,1
TXN-04950,CUST-0187,2024-07-27,Workshop Ticket,1228.69,25.0,1
TXN-04951,CUST-0027,2025-02-25,Executive Coaching,19103.86,35.0,1
TXN-04952,CUST-0071,2024-06-18,SEO Package,8309.89,20.0,1
TXN-04953,CUST-0193,2024-10-06,Strategy Session,14548.08,30.0,1
TXN-04954,CUST-0086,2024-05-08,Enterprise License,7612.94,35.0,1
TXN-04955,CUST-0016,2024-03-01,Hourly Consultation,481.49,35.0,1
TXN-04956,CUST-0178,2025-09-09,SEO Package,6391.62,20.0,1
TXN-04957,CUST-0118,2024-09-06,Subscription Box,112.92,20.0,1
TXN-04958,CUST-0010,2024-12-08,Implementation Fee,17463.56,20.0,1
TXN-04959,CUST-0174,2024-11-11,Consultation Fee,3019.28,32.0,1
TXN-04960,CUST-0167,2025-10-24,PPC Campaign,16834.27,18.0,1
TXN-04961,CUST-0074,2025-02-09,Contract Review,3703.02,30.0,1
TXN-04962,CUST-0094,2025-12-10,Implementation Fee,15648.97,20.0,1
TXN-04963,CUST-0045,2024-07-14,Property Management,2862.32,25.0,1
TXN-04964,CUST-0159,2025-03-26,Market Analysis,4857.18,28.0,2
TXN-04965,CUST-0086,2024-03-05,Enterprise License,36908.15,35.0,1
TXN-04966,CUST-0165,2025-12-10,Website Development,17683.28,25.0,1
TXN-04967,CUST-0038,2024-02-17,Enterprise License,16404.37,35.0,1
TXN-04968,CUST-0134,2024-05-12,Website Development,35126.02,25.0,1
TXN-04969,CUST-0139,2024-06-23,Course Enrollment,2244.79,20.0,1
TXN-04970,CUST-0176,2025-06-23,Wellness Program,9343.06,25.0,1
TXN-04971,CUST-0093,2025-08-18,Consultation Fee,1393.47,32.0,1
TXN-04972,CUST-0159,2024-07-18,Executive Coaching,8119.83,35.0,1
TXN-04973,CUST-0090,2024-05-09,Executive Coaching,6072.51,35.0,1
TXN-04974,CUST-0064,2025-12-16,Telemedicine Plan,1551.74,28.0,1
TXN-04975,CUST-0042,2025-12-07,Consultation Fee,1827.29,32.0,1
TXN-04976,CUST-0106,2024-08-11,Workshop Ticket,802.92,25.0,2
TXN-04977,CUST-0194,2024-11-27,Implementation Fee,14766.75,20.0,1
TXN-04978,CUST-0177,2025-09-16,PPC Campaign,10834.47,18.0,1
TXN-04979,CUST-0155,2025-02-16,Annual Subscription,1592.23,28.0,1
TXN-04980,CUST-0112,2024-08-23,Process Optimization,12082.45,22.0,1
TXN-04981,CUST-0138,2025-03-18,Contract Review,8903.65,30.0,1
TXN-04982,CUST-0157,2025-06-19,PPC Campaign,14048.5,18.0,2
TXN-04983,CUST-0018,2025-10-09,Property Listing,1316.72,30.0,1
TXN-04984,CUST-0044,2025-05-25,Litigation Support,26330.65,25.0,1
TXN-04985,CUST-0054,2025-01-08,Consultation Fee,1872.12,32.0,1
TXN-04986,CUST-0136,2024-04-20,Consultation Fee,1803.34,32.0,1
TXN-04987,CUST-0047,2024-09-10,Premium Membership,809.21,18.0,1
TXN-04988,CUST-0178,2024-11-02,Website Development,48952.33,25.0,1
TXN-04989,CUST-0048,2025-12-29,Website Development,32827.93,25.0,1
TXN-04990,CUST-0034,2025-12-29,Litigation Support,8913.63,25.0,1
TXN-04991,CUST-0026,2024-07-29,Executive Coaching,19902.41,35.0,1
TXN-04992,CUST-0019,2025-11-06,Valuation Report,3873.53,35.0,1
TXN-04993,CUST-0149,2025-08-03,Premium Membership,904.35,18.0,1
TXN-04994,CUST-0188,2025-10-29,Corporate Training,21630.18,22.0,1
TXN-04995,CUST-0073,2024-05-24,Social Media Mgmt,4889.24,22.0,1
TXN-04996,CUST-0104,2025-03-20,Strategy Session,10116.4,30.0,1
TXN-04997,CUST-0174,2025-01-15,Valuation Report,3785.62,35.0,1
TXN-04998,CUST-0071,2024-06-15,PPC Campaign,15395.1,18.0,1
TXN-04999,CUST-0092,2024-10-21,Retainer,23691.1,28.0,3
TXN-05000,CUST-0041,2025-03-16,Subscription Box,145.55,20.0,1
