order_id,date,sku,quantity,unit_price,unit_cost
ORD-005647,2024-01-01,INT-008,5,299.99,100.0
ORD-000741,2024-01-01,STB-009,2,4.99,2.5
ORD-004126,2024-01-01,SEA-001,3,19.99,8.0
ORD-004407,2024-01-01,STB-009,3,4.99,2.5
ORD-000535,2024-01-01,SEA-009,1,24.99,10.0
ORD-007615,2024-01-01,SEA-008,7,5.99,2.0
ORD-006766,2024-01-01,TRD-003,4,29.99,12.0
ORD-001849,2024-01-01,SEA-006,2,14.99,5.0
ORD-009571,2024-01-01,TRD-004,4,24.99,10.0
ORD-001048,2024-01-01,STB-002,4,14.99,6.0
ORD-000134,2024-01-01,DED-002,4,8.99,3.0
ORD-001961,2024-01-02,DED-002,5,8.99,3.0
ORD-002077,2024-01-02,STB-001,4,9.99,4.0
ORD-004534,2024-01-02,STB-008,4,3.99,1.5
ORD-006118,2024-01-02,DED-003,2,12.99,5.0
ORD-007673,2024-01-02,DED-002,2,8.99,3.0
ORD-001062,2024-01-02,INT-002,1,99.99,40.0
ORD-004088,2024-01-02,INT-003,2,59.99,25.0
ORD-008497,2024-01-02,TRD-006,3,24.99,10.0
ORD-008084,2024-01-02,TRD-008,5,14.99,3.0
ORD-008253,2024-01-02,DED-003,4,12.99,5.0
ORD-005707,2024-01-02,DED-001,2,4.99,2.0
ORD-003042,2024-01-02,TRD-004,4,24.99,10.0
ORD-005350,2024-01-03,SEA-005,1,59.99,25.0
ORD-005017,2024-01-03,TRD-001,3,39.99,15.0
ORD-008350,2024-01-03,DED-003,2,12.99,5.0
ORD-005900,2024-01-03,DED-001,1,4.99,2.0
ORD-000245,2024-01-03,SEA-003,1,29.99,12.0
ORD-002027,2024-01-03,STB-008,2,3.99,1.5
ORD-009115,2024-01-03,STB-010,4,4.49,1.5
ORD-009167,2024-01-03,TRD-002,7,19.99,5.0
ORD-003722,2024-01-03,INT-005,7,119.99,45.0
ORD-003302,2024-01-03,STB-006,2,7.99,3.0
ORD-004750,2024-01-03,SEA-010,4,14.99,6.0
ORD-000714,2024-01-03,STB-001,2,9.99,4.0
ORD-002368,2024-01-03,SEA-003,1,29.99,12.0
ORD-000896,2024-01-03,TRD-003,1,29.99,12.0
ORD-004000,2024-01-03,SEA-002,5,9.99,3.5
ORD-005249,2024-01-03,DED-004,3,9.99,4.0
ORD-002249,2024-01-04,DED-003,1,12.99,5.0
ORD-000201,2024-01-04,STB-002,1,14.99,6.0
ORD-004269,2024-01-04,TRD-001,2,39.99,15.0
ORD-008067,2024-01-04,TRD-003,1,29.99,12.0
ORD-009677,2024-01-04,DED-002,5,8.99,3.0
ORD-009043,2024-01-04,SEA-001,2,19.99,8.0
ORD-005475,2024-01-04,SEA-008,2,5.99,2.0
ORD-008442,2024-01-05,SEA-005,2,59.99,25.0
ORD-006902,2024-01-05,STB-004,1,7.99,3.0
ORD-009679,2024-01-05,SEA-004,1,34.99,15.0
ORD-008484,2024-01-05,SEA-004,3,34.99,15.0
ORD-009160,2024-01-05,SEA-009,4,24.99,10.0
ORD-007383,2024-01-05,SEA-009,1,24.99,10.0
ORD-007480,2024-01-05,DED-002,2,8.99,3.0
ORD-003545,2024-01-06,DED-005,1,24.99,10.0
ORD-005379,2024-01-06,DED-003,2,12.99,5.0
ORD-005661,2024-01-06,TRD-006,6,24.99,10.0
ORD-009336,2024-01-06,STB-001,2,9.99,4.0
ORD-001574,2024-01-06,DED-002,2,8.99,3.0
ORD-001049,2024-01-06,DED-001,3,4.99,2.0
ORD-009624,2024-01-06,DED-004,3,9.99,4.0
ORD-009827,2024-01-06,SEA-009,6,24.99,10.0
ORD-005179,2024-01-06,DED-004,2,9.99,4.0
ORD-008145,2024-01-06,TRD-003,7,29.99,12.0
ORD-007876,2024-01-06,SEA-010,2,14.99,6.0
ORD-002133,2024-01-06,STB-006,3,7.99,3.0
ORD-007417,2024-01-06,TRD-001,6,39.99,15.0
ORD-000247,2024-01-06,DED-003,4,12.99,5.0
ORD-008841,2024-01-07,DED-002,2,8.99,3.0
ORD-004432,2024-01-07,TRD-001,3,39.99,15.0
ORD-007589,2024-01-07,STB-008,5,3.99,1.5
ORD-004620,2024-01-07,STB-005,1,6.99,2.5
ORD-004097,2024-01-07,DED-001,1,4.99,2.0
ORD-002179,2024-01-07,TRD-004,4,24.99,10.0
ORD-004713,2024-01-07,DED-002,1,8.99,3.0
ORD-000873,2024-01-07,STB-002,3,14.99,6.0
ORD-005814,2024-01-07,DED-003,2,12.99,5.0
ORD-002904,2024-01-07,SEA-007,3,11.99,4.0
ORD-006113,2024-01-07,STB-004,4,7.99,3.0
ORD-004697,2024-01-07,TRD-005,8,19.99,8.0
ORD-004332,2024-01-07,SEA-007,3,11.99,4.0
ORD-002983,2024-01-08,SEA-006,2,14.99,5.0
ORD-003250,2024-01-08,SEA-009,4,24.99,10.0
ORD-000842,2024-01-08,SEA-006,2,14.99,5.0
ORD-000432,2024-01-08,DED-003,4,12.99,5.0
ORD-003809,2024-01-08,SEA-009,5,24.99,10.0
ORD-006919,2024-01-08,STB-001,5,9.99,4.0
ORD-009633,2024-01-08,STB-001,3,9.99,4.0
ORD-009166,2024-01-08,SEA-008,1,5.99,2.0
ORD-008825,2024-01-08,STB-009,1,4.99,2.5
ORD-007668,2024-01-08,STB-005,1,6.99,2.5
ORD-002614,2024-01-08,TRD-005,1,19.99,8.0
ORD-005725,2024-01-08,DED-001,4,4.99,2.0
ORD-009725,2024-01-08,TRD-008,7,14.99,3.0
ORD-008677,2024-01-08,DED-005,3,24.99,10.0
ORD-004647,2024-01-08,SEA-010,3,14.99,6.0
ORD-003028,2024-01-09,TRD-005,5,19.99,8.0
ORD-008711,2024-01-09,SEA-003,1,29.99,12.0
ORD-004191,2024-01-09,TRD-005,4,19.99,8.0
ORD-003536,2024-01-09,DED-002,8,8.99,3.0
ORD-006633,2024-01-09,STB-009,2,4.99,2.5
ORD-009237,2024-01-09,DED-002,2,8.99,3.0
ORD-008407,2024-01-09,SEA-003,1,29.99,12.0
ORD-000344,2024-01-09,TRD-007,1,39.99,15.0
ORD-006726,2024-01-09,DED-004,2,9.99,4.0
ORD-000506,2024-01-09,SEA-005,3,59.99,25.0
ORD-000729,2024-01-09,DED-001,3,4.99,2.0
ORD-009547,2024-01-09,STB-006,3,7.99,3.0
ORD-006037,2024-01-09,SEA-002,4,9.99,3.5
ORD-006833,2024-01-09,SEA-003,4,29.99,12.0
ORD-001618,2024-01-09,DED-004,4,9.99,4.0
ORD-001196,2024-01-09,SEA-009,3,24.99,10.0
ORD-000847,2024-01-09,SEA-005,4,59.99,25.0
ORD-007173,2024-01-09,STB-007,1,5.99,2.0
ORD-001859,2024-01-09,SEA-008,2,5.99,2.0
ORD-008568,2024-01-09,STB-008,6,3.99,1.5
ORD-000384,2024-01-10,STB-009,1,4.99,2.5
ORD-001642,2024-01-10,SEA-003,3,29.99,12.0
ORD-000972,2024-01-10,DED-005,2,24.99,10.0
ORD-003031,2024-01-10,STB-006,4,7.99,3.0
ORD-000188,2024-01-10,DED-003,3,12.99,5.0
ORD-008573,2024-01-10,DED-003,2,12.99,5.0
ORD-009681,2024-01-10,DED-002,6,8.99,3.0
ORD-005741,2024-01-10,STB-001,7,9.99,4.0
ORD-005714,2024-01-10,STB-007,3,5.99,2.0
ORD-004651,2024-01-10,STB-001,2,9.99,4.0
ORD-002447,2024-01-10,DED-004,1,9.99,4.0
ORD-007613,2024-01-10,TRD-005,5,19.99,8.0
ORD-009730,2024-01-10,SEA-008,1,5.99,2.0
ORD-005997,2024-01-10,SEA-006,3,14.99,5.0
ORD-003447,2024-01-10,SEA-010,2,14.99,6.0
ORD-001700,2024-01-10,DED-004,6,9.99,4.0
ORD-006530,2024-01-10,DED-004,4,9.99,4.0
ORD-007896,2024-01-10,INT-004,6,149.99,60.0
ORD-005519,2024-01-10,SEA-007,3,11.99,4.0
ORD-003001,2024-01-11,DED-005,3,24.99,10.0
ORD-005602,2024-01-11,STB-008,8,3.99,1.5
ORD-004675,2024-01-11,STB-003,2,12.99,5.0
ORD-008023,2024-01-11,TRD-002,1,19.99,5.0
ORD-002631,2024-01-11,STB-005,2,6.99,2.5
ORD-002538,2024-01-11,STB-002,3,14.99,6.0
ORD-006769,2024-01-11,STB-008,5,3.99,1.5
ORD-009315,2024-01-11,STB-010,2,4.49,1.5
ORD-002797,2024-01-12,STB-001,3,9.99,4.0
ORD-003752,2024-01-12,INT-001,2,19.99,8.0
ORD-002969,2024-01-12,SEA-004,5,34.99,15.0
ORD-003501,2024-01-12,DED-005,3,24.99,10.0
ORD-002905,2024-01-12,SEA-004,4,34.99,15.0
ORD-003620,2024-01-12,STB-003,1,12.99,5.0
ORD-006396,2024-01-12,TRD-004,5,24.99,10.0
ORD-001601,2024-01-12,DED-004,3,9.99,4.0
ORD-007067,2024-01-12,SEA-003,1,29.99,12.0
ORD-009424,2024-01-12,STB-004,1,7.99,3.0
ORD-000690,2024-01-12,DED-003,3,12.99,5.0
ORD-007854,2024-01-12,SEA-003,1,29.99,12.0
ORD-009382,2024-01-12,STB-002,6,14.99,6.0
ORD-007498,2024-01-12,DED-001,2,4.99,2.0
ORD-008132,2024-01-12,STB-006,2,7.99,3.0
ORD-000570,2024-01-12,SEA-007,4,11.99,4.0
ORD-005192,2024-01-13,STB-005,1,6.99,2.5
ORD-007357,2024-01-13,TRD-007,4,39.99,15.0
ORD-005359,2024-01-13,DED-002,3,8.99,3.0
ORD-002869,2024-01-13,DED-003,4,12.99,5.0
ORD-004325,2024-01-13,TRD-005,3,19.99,8.0
ORD-003988,2024-01-13,TRD-008,3,14.99,3.0
ORD-003122,2024-01-13,SEA-007,1,11.99,4.0
ORD-007856,2024-01-13,STB-006,5,7.99,3.0
ORD-002748,2024-01-13,DED-002,8,8.99,3.0
ORD-006506,2024-01-13,SEA-010,1,14.99,6.0
ORD-009711,2024-01-13,DED-003,4,12.99,5.0
ORD-005244,2024-01-13,DED-002,4,8.99,3.0
ORD-004006,2024-01-13,DED-003,5,12.99,5.0
ORD-004954,2024-01-13,STB-005,2,6.99,2.5
ORD-003697,2024-01-13,STB-004,3,7.99,3.0
ORD-006411,2024-01-14,STB-003,1,12.99,5.0
ORD-006585,2024-01-14,DED-003,4,12.99,5.0
ORD-006211,2024-01-14,TRD-005,5,19.99,8.0
ORD-005492,2024-01-14,SEA-006,2,14.99,5.0
ORD-003549,2024-01-14,STB-004,1,7.99,3.0
ORD-009142,2024-01-14,STB-001,1,9.99,4.0
ORD-001300,2024-01-14,TRD-005,5,19.99,8.0
ORD-000744,2024-01-14,TRD-007,3,39.99,15.0
ORD-001548,2024-01-14,SEA-001,2,19.99,8.0
ORD-001781,2024-01-14,TRD-006,4,24.99,10.0
ORD-008182,2024-01-14,SEA-008,2,5.99,2.0
ORD-005105,2024-01-15,SEA-002,5,9.99,3.5
ORD-003371,2024-01-15,DED-001,5,4.99,2.0
ORD-000278,2024-01-15,SEA-005,3,59.99,25.0
ORD-004706,2024-01-15,DED-004,3,9.99,4.0
ORD-001071,2024-01-15,SEA-009,3,24.99,10.0
ORD-000452,2024-01-15,DED-005,4,24.99,10.0
ORD-006536,2024-01-15,DED-003,1,12.99,5.0
ORD-009573,2024-01-16,SEA-008,2,5.99,2.0
ORD-005337,2024-01-16,DED-001,5,4.99,2.0
ORD-005473,2024-01-16,TRD-004,1,24.99,10.0
ORD-001384,2024-01-16,STB-008,1,3.99,1.5
ORD-002161,2024-01-16,STB-004,2,7.99,3.0
ORD-003627,2024-01-16,TRD-005,6,19.99,8.0
ORD-009594,2024-01-16,STB-001,6,9.99,4.0
ORD-003434,2024-01-16,DED-005,3,24.99,10.0
ORD-002138,2024-01-16,TRD-007,6,39.99,15.0
ORD-000187,2024-01-16,DED-003,1,12.99,5.0
ORD-006716,2024-01-16,STB-008,5,3.99,1.5
ORD-003118,2024-01-16,DED-005,3,24.99,10.0
ORD-000420,2024-01-16,STB-001,6,9.99,4.0
ORD-004603,2024-01-16,STB-006,3,7.99,3.0
ORD-008753,2024-01-16,STB-002,5,14.99,6.0
ORD-000887,2024-01-16,TRD-006,6,24.99,10.0
ORD-000613,2024-01-16,STB-005,1,6.99,2.5
ORD-001832,2024-01-16,SEA-008,3,5.99,2.0
ORD-007814,2024-01-16,DED-005,6,24.99,10.0
ORD-005319,2024-01-17,DED-002,1,8.99,3.0
ORD-009728,2024-01-17,SEA-001,2,19.99,8.0
ORD-002321,2024-01-17,DED-005,3,24.99,10.0
ORD-001017,2024-01-17,TRD-002,4,19.99,5.0
ORD-003896,2024-01-17,STB-009,2,4.99,2.5
ORD-005058,2024-01-17,STB-009,5,4.99,2.5
ORD-002997,2024-01-17,DED-005,6,24.99,10.0
ORD-004145,2024-01-17,DED-005,5,24.99,10.0
ORD-008984,2024-01-17,INT-003,3,59.99,25.0
ORD-004911,2024-01-17,DED-003,2,12.99,5.0
ORD-005700,2024-01-17,SEA-007,3,11.99,4.0
ORD-007452,2024-01-17,STB-006,5,7.99,3.0
ORD-006042,2024-01-18,SEA-006,3,14.99,5.0
ORD-006351,2024-01-18,INT-002,2,99.99,40.0
ORD-008293,2024-01-18,SEA-004,6,34.99,15.0
ORD-005465,2024-01-18,STB-008,2,3.99,1.5
ORD-001630,2024-01-18,TRD-004,7,24.99,10.0
ORD-001861,2024-01-18,DED-004,2,9.99,4.0
ORD-004128,2024-01-18,TRD-008,5,14.99,3.0
ORD-004772,2024-01-18,STB-004,5,7.99,3.0
ORD-006496,2024-01-18,TRD-003,5,29.99,12.0
ORD-002348,2024-01-18,STB-007,4,5.99,2.0
ORD-004995,2024-01-18,DED-002,4,8.99,3.0
ORD-007203,2024-01-18,DED-002,5,8.99,3.0
ORD-000468,2024-01-18,STB-006,1,7.99,3.0
ORD-000094,2024-01-18,SEA-001,6,19.99,8.0
ORD-006202,2024-01-18,STB-002,3,14.99,6.0
ORD-007975,2024-01-18,SEA-001,2,19.99,8.0
ORD-008448,2024-01-18,STB-002,4,14.99,6.0
ORD-000636,2024-01-18,STB-002,1,14.99,6.0
ORD-003146,2024-01-18,SEA-003,5,29.99,12.0
ORD-006537,2024-01-19,TRD-006,2,24.99,10.0
ORD-008517,2024-01-19,TRD-007,4,39.99,15.0
ORD-007134,2024-01-19,STB-008,1,3.99,1.5
ORD-009955,2024-01-19,SEA-009,1,24.99,10.0
ORD-004161,2024-01-19,STB-002,2,14.99,6.0
ORD-001422,2024-01-19,DED-002,2,8.99,3.0
ORD-006732,2024-01-19,DED-004,1,9.99,4.0
ORD-003891,2024-01-19,STB-001,5,9.99,4.0
ORD-008889,2024-01-19,DED-001,3,4.99,2.0
ORD-009026,2024-01-19,STB-007,2,5.99,2.0
ORD-001162,2024-01-19,DED-001,6,4.99,2.0
ORD-000248,2024-01-19,STB-009,3,4.99,2.5
ORD-003897,2024-01-19,SEA-005,4,59.99,25.0
ORD-007372,2024-01-19,DED-002,1,8.99,3.0
ORD-008466,2024-01-20,TRD-007,3,39.99,15.0
ORD-002724,2024-01-20,DED-001,1,4.99,2.0
ORD-006312,2024-01-20,SEA-003,2,29.99,12.0
ORD-006614,2024-01-20,TRD-005,4,19.99,8.0
ORD-002960,2024-01-20,SEA-006,4,14.99,5.0
ORD-003660,2024-01-20,TRD-006,2,24.99,10.0
ORD-001187,2024-01-20,STB-008,2,3.99,1.5
ORD-006151,2024-01-20,TRD-007,7,39.99,15.0
ORD-002009,2024-01-20,STB-004,2,7.99,3.0
ORD-004437,2024-01-21,STB-005,2,6.99,2.5
ORD-007393,2024-01-21,DED-003,4,12.99,5.0
ORD-008899,2024-01-21,TRD-004,8,24.99,10.0
ORD-004504,2024-01-21,DED-004,6,9.99,4.0
ORD-004390,2024-01-21,TRD-007,6,39.99,15.0
ORD-000347,2024-01-21,SEA-001,3,19.99,8.0
ORD-004147,2024-01-21,SEA-007,5,11.99,4.0
ORD-003636,2024-01-21,STB-005,4,6.99,2.5
ORD-002993,2024-01-21,SEA-009,3,24.99,10.0
ORD-001022,2024-01-21,DED-004,2,9.99,4.0
ORD-008636,2024-01-21,SEA-010,1,14.99,6.0
ORD-000120,2024-01-21,STB-006,1,7.99,3.0
ORD-001402,2024-01-21,DED-005,5,24.99,10.0
ORD-006915,2024-01-21,TRD-006,7,24.99,10.0
ORD-001113,2024-01-21,STB-006,3,7.99,3.0
ORD-007126,2024-01-21,SEA-006,4,14.99,5.0
ORD-005490,2024-01-21,STB-004,1,7.99,3.0
ORD-000244,2024-01-21,DED-003,1,12.99,5.0
ORD-004129,2024-01-21,SEA-008,1,5.99,2.0
ORD-008784,2024-01-21,STB-010,2,4.49,1.5
ORD-008373,2024-01-21,SEA-007,3,11.99,4.0
ORD-006488,2024-01-21,SEA-003,1,29.99,12.0
ORD-006710,2024-01-21,TRD-006,3,24.99,10.0
ORD-009755,2024-01-21,STB-005,5,6.99,2.5
ORD-004582,2024-01-22,TRD-002,4,19.99,5.0
ORD-006060,2024-01-22,INT-005,3,119.99,45.0
ORD-003007,2024-01-22,STB-004,1,7.99,3.0
ORD-009777,2024-01-22,SEA-001,3,19.99,8.0
ORD-002180,2024-01-22,DED-003,2,12.99,5.0
ORD-005315,2024-01-22,STB-005,2,6.99,2.5
ORD-008625,2024-01-22,STB-002,3,14.99,6.0
ORD-008088,2024-01-22,STB-004,1,7.99,3.0
ORD-006811,2024-01-22,DED-004,3,9.99,4.0
ORD-006338,2024-01-22,DED-005,2,24.99,10.0
ORD-002616,2024-01-23,SEA-005,1,59.99,25.0
ORD-007807,2024-01-23,TRD-007,2,39.99,15.0
ORD-007064,2024-01-23,STB-006,7,7.99,3.0
ORD-006489,2024-01-23,DED-003,3,12.99,5.0
ORD-003398,2024-01-23,DED-002,3,8.99,3.0
ORD-005065,2024-01-23,TRD-006,5,24.99,10.0
ORD-001667,2024-01-23,SEA-002,3,9.99,3.5
ORD-004248,2024-01-23,STB-002,3,14.99,6.0
ORD-005621,2024-01-23,SEA-009,4,24.99,10.0
ORD-009150,2024-01-23,DED-001,5,4.99,2.0
ORD-001470,2024-01-23,STB-008,5,3.99,1.5
ORD-002503,2024-01-23,DED-002,4,8.99,3.0
ORD-004934,2024-01-23,DED-001,2,4.99,2.0
ORD-000307,2024-01-23,TRD-001,4,39.99,15.0
ORD-005260,2024-01-23,STB-002,9,14.99,6.0
ORD-009515,2024-01-23,STB-002,1,14.99,6.0
ORD-007211,2024-01-23,SEA-009,4,24.99,10.0
ORD-003261,2024-01-24,SEA-010,3,14.99,6.0
ORD-001266,2024-01-24,DED-005,2,24.99,10.0
ORD-008594,2024-01-24,STB-008,5,3.99,1.5
ORD-002651,2024-01-24,SEA-005,1,59.99,25.0
ORD-003417,2024-01-24,DED-002,3,8.99,3.0
ORD-000634,2024-01-24,STB-005,4,6.99,2.5
ORD-004001,2024-01-24,STB-010,3,4.49,1.5
ORD-005545,2024-01-24,TRD-005,5,19.99,8.0
ORD-008865,2024-01-24,INT-008,3,299.99,100.0
ORD-007629,2024-01-24,STB-005,1,6.99,2.5
ORD-003249,2024-01-24,SEA-001,4,19.99,8.0
ORD-001534,2024-01-24,TRD-005,1,19.99,8.0
ORD-007003,2024-01-24,DED-001,3,4.99,2.0
ORD-003378,2024-01-25,TRD-003,6,29.99,12.0
ORD-005481,2024-01-25,TRD-003,3,29.99,12.0
ORD-001878,2024-01-25,DED-002,5,8.99,3.0
ORD-006819,2024-01-25,DED-005,4,24.99,10.0
ORD-004079,2024-01-25,DED-004,4,9.99,4.0
ORD-005930,2024-01-25,INT-003,1,59.99,25.0
ORD-002372,2024-01-25,DED-002,4,8.99,3.0
ORD-006345,2024-01-25,SEA-003,4,29.99,12.0
ORD-000262,2024-01-25,DED-003,1,12.99,5.0
ORD-008696,2024-01-25,SEA-006,5,14.99,5.0
ORD-005077,2024-01-26,DED-005,2,24.99,10.0
ORD-009009,2024-01-26,SEA-005,2,59.99,25.0
ORD-000720,2024-01-26,STB-008,4,3.99,1.5
ORD-000940,2024-01-26,DED-004,4,9.99,4.0
ORD-004974,2024-01-26,STB-007,3,5.99,2.0
ORD-005559,2024-01-26,SEA-002,2,9.99,3.5
ORD-003058,2024-01-26,DED-003,3,12.99,5.0
ORD-006579,2024-01-26,SEA-009,4,24.99,10.0
ORD-002352,2024-01-26,DED-005,3,24.99,10.0
ORD-004039,2024-01-26,STB-008,1,3.99,1.5
ORD-009339,2024-01-26,DED-005,2,24.99,10.0
ORD-006465,2024-01-26,DED-001,2,4.99,2.0
ORD-000398,2024-01-27,TRD-003,5,29.99,12.0
ORD-000945,2024-01-27,STB-005,4,6.99,2.5
ORD-007160,2024-01-27,STB-010,1,4.49,1.5
ORD-001546,2024-01-27,INT-001,2,19.99,8.0
ORD-004363,2024-01-27,STB-002,4,14.99,6.0
ORD-002459,2024-01-27,DED-002,5,8.99,3.0
ORD-009666,2024-01-27,DED-003,4,12.99,5.0
ORD-002826,2024-01-27,DED-002,5,8.99,3.0
ORD-002618,2024-01-27,STB-009,4,4.99,2.5
ORD-006531,2024-01-27,DED-005,2,24.99,10.0
ORD-008995,2024-01-27,STB-008,3,3.99,1.5
ORD-002486,2024-01-27,TRD-007,6,39.99,15.0
ORD-005505,2024-01-27,STB-006,1,7.99,3.0
ORD-001526,2024-01-27,TRD-005,6,19.99,8.0
ORD-005362,2024-01-27,TRD-005,5,19.99,8.0
ORD-009480,2024-01-28,STB-006,2,7.99,3.0
ORD-009439,2024-01-28,TRD-005,2,19.99,8.0
ORD-009158,2024-01-28,DED-002,8,8.99,3.0
ORD-006871,2024-01-28,SEA-006,1,14.99,5.0
ORD-006486,2024-01-28,SEA-010,2,14.99,6.0
ORD-008606,2024-01-28,DED-001,4,4.99,2.0
ORD-001105,2024-01-28,SEA-007,3,11.99,4.0
ORD-003508,2024-01-28,DED-005,3,24.99,10.0
ORD-004859,2024-01-28,STB-010,5,4.49,1.5
ORD-005538,2024-01-28,DED-002,1,8.99,3.0
ORD-006112,2024-01-28,DED-004,2,9.99,4.0
ORD-002949,2024-01-28,STB-006,3,7.99,3.0
ORD-007680,2024-01-28,DED-001,5,4.99,2.0
ORD-005141,2024-01-28,STB-003,4,12.99,5.0
ORD-007295,2024-01-28,DED-005,2,24.99,10.0
ORD-004420,2024-01-28,DED-001,7,4.99,2.0
ORD-007054,2024-01-28,SEA-004,1,34.99,15.0
ORD-004836,2024-01-29,STB-009,1,4.99,2.5
ORD-006174,2024-01-29,STB-004,4,7.99,3.0
ORD-001212,2024-01-29,STB-004,4,7.99,3.0
ORD-001732,2024-01-29,SEA-010,7,14.99,6.0
ORD-000762,2024-01-29,DED-004,4,9.99,4.0
ORD-009188,2024-01-29,TRD-003,8,29.99,12.0
ORD-003648,2024-01-29,SEA-003,2,29.99,12.0
ORD-005103,2024-01-29,SEA-009,3,24.99,10.0
ORD-001473,2024-01-29,DED-005,2,24.99,10.0
ORD-004463,2024-01-29,DED-005,5,24.99,10.0
ORD-000118,2024-01-30,SEA-010,3,14.99,6.0
ORD-001879,2024-01-30,STB-004,4,7.99,3.0
ORD-009842,2024-01-30,TRD-006,1,24.99,10.0
ORD-000083,2024-01-30,SEA-010,4,14.99,6.0
ORD-008280,2024-01-30,SEA-007,6,11.99,4.0
ORD-001009,2024-01-30,SEA-010,3,14.99,6.0
ORD-004893,2024-01-31,DED-001,2,4.99,2.0
ORD-009512,2024-01-31,SEA-009,1,24.99,10.0
ORD-009836,2024-01-31,SEA-004,2,34.99,15.0
ORD-003561,2024-01-31,STB-010,3,4.49,1.5
ORD-007273,2024-01-31,SEA-002,4,9.99,3.5
ORD-009630,2024-01-31,INT-004,3,149.99,60.0
ORD-002667,2024-01-31,STB-003,2,12.99,5.0
ORD-000955,2024-01-31,DED-005,3,24.99,10.0
ORD-004135,2024-02-01,STB-009,4,4.99,2.5
ORD-004315,2024-02-01,TRD-005,4,19.99,8.0
ORD-001190,2024-02-01,SEA-006,2,14.99,5.0
ORD-005986,2024-02-01,STB-010,4,4.49,1.5
ORD-000140,2024-02-01,TRD-003,2,29.99,12.0
ORD-001056,2024-02-01,DED-002,5,8.99,3.0
ORD-000300,2024-02-01,STB-006,1,7.99,3.0
ORD-008128,2024-02-01,SEA-007,3,11.99,4.0
ORD-002833,2024-02-01,SEA-004,3,34.99,15.0
ORD-004898,2024-02-01,DED-003,1,12.99,5.0
ORD-006280,2024-02-01,STB-006,7,7.99,3.0
ORD-006120,2024-02-01,TRD-001,5,39.99,15.0
ORD-006234,2024-02-01,DED-003,2,12.99,5.0
ORD-000668,2024-02-01,STB-007,2,5.99,2.0
ORD-001922,2024-02-02,DED-005,1,24.99,10.0
ORD-006285,2024-02-02,TRD-001,4,39.99,15.0
ORD-005445,2024-02-02,DED-005,1,24.99,10.0
ORD-003239,2024-02-02,STB-004,1,7.99,3.0
ORD-000578,2024-02-02,DED-001,4,4.99,2.0
ORD-007301,2024-02-02,STB-010,3,4.49,1.5
ORD-003361,2024-02-02,STB-007,4,5.99,2.0
ORD-007386,2024-02-02,INT-005,2,119.99,45.0
ORD-001239,2024-02-02,SEA-003,2,29.99,12.0
ORD-002690,2024-02-02,SEA-001,2,19.99,8.0
ORD-009807,2024-02-02,TRD-006,1,24.99,10.0
ORD-002727,2024-02-02,SEA-001,2,19.99,8.0
ORD-003469,2024-02-02,DED-004,1,9.99,4.0
ORD-003454,2024-02-02,STB-004,2,7.99,3.0
ORD-007220,2024-02-02,TRD-008,6,14.99,3.0
ORD-005888,2024-02-03,SEA-002,2,9.99,3.5
ORD-004824,2024-02-03,STB-002,3,14.99,6.0
ORD-002929,2024-02-03,DED-001,4,4.99,2.0
ORD-006691,2024-02-03,TRD-001,4,39.99,15.0
ORD-006617,2024-02-03,TRD-006,3,24.99,10.0
ORD-000807,2024-02-03,DED-001,5,4.99,2.0
ORD-005412,2024-02-03,DED-005,3,24.99,10.0
ORD-006353,2024-02-03,STB-007,2,5.99,2.0
ORD-001101,2024-02-03,SEA-006,6,14.99,5.0
ORD-007549,2024-02-03,SEA-003,3,29.99,12.0
ORD-004862,2024-02-03,SEA-009,2,24.99,10.0
ORD-006673,2024-02-03,DED-002,3,8.99,3.0
ORD-006533,2024-02-04,STB-010,3,4.49,1.5
ORD-009709,2024-02-04,DED-002,5,8.99,3.0
ORD-009084,2024-02-04,TRD-004,3,24.99,10.0
ORD-006638,2024-02-04,STB-003,1,12.99,5.0
ORD-005019,2024-02-04,DED-005,2,24.99,10.0
ORD-001188,2024-02-04,SEA-009,1,24.99,10.0
ORD-009809,2024-02-04,DED-003,2,12.99,5.0
ORD-002211,2024-02-04,TRD-002,3,19.99,5.0
ORD-007047,2024-02-04,STB-004,2,7.99,3.0
ORD-005683,2024-02-04,DED-001,1,4.99,2.0
ORD-002438,2024-02-04,TRD-002,3,19.99,5.0
ORD-008355,2024-02-04,TRD-006,6,24.99,10.0
ORD-008613,2024-02-04,SEA-008,6,5.99,2.0
ORD-005902,2024-02-04,DED-003,1,12.99,5.0
ORD-006387,2024-02-04,STB-005,3,6.99,2.5
ORD-007586,2024-02-04,DED-003,3,12.99,5.0
ORD-008307,2024-02-04,STB-005,8,6.99,2.5
ORD-009858,2024-02-05,SEA-002,3,9.99,3.5
ORD-005382,2024-02-05,TRD-002,3,19.99,5.0
ORD-002325,2024-02-05,TRD-004,4,24.99,10.0
ORD-007209,2024-02-05,STB-010,6,4.49,1.5
ORD-004185,2024-02-05,DED-003,1,12.99,5.0
ORD-007198,2024-02-05,TRD-007,3,39.99,15.0
ORD-000886,2024-02-05,TRD-004,7,24.99,10.0
ORD-004677,2024-02-05,SEA-005,5,59.99,25.0
ORD-008364,2024-02-05,DED-002,2,8.99,3.0
ORD-002225,2024-02-05,DED-004,1,9.99,4.0
ORD-002195,2024-02-05,DED-005,4,24.99,10.0
ORD-000224,2024-02-05,STB-006,1,7.99,3.0
ORD-006052,2024-02-05,TRD-008,1,14.99,3.0
ORD-003442,2024-02-05,SEA-009,5,24.99,10.0
ORD-009897,2024-02-05,SEA-003,3,29.99,12.0
ORD-002397,2024-02-05,TRD-008,2,14.99,3.0
ORD-004981,2024-02-05,TRD-005,4,19.99,8.0
ORD-000461,2024-02-06,TRD-003,3,29.99,12.0
ORD-005567,2024-02-06,DED-001,8,4.99,2.0
ORD-007877,2024-02-06,STB-005,4,6.99,2.5
ORD-007118,2024-02-06,SEA-006,8,14.99,5.0
ORD-001695,2024-02-06,DED-004,2,9.99,4.0
ORD-005149,2024-02-06,SEA-007,5,11.99,4.0
ORD-009306,2024-02-06,TRD-008,2,14.99,3.0
ORD-006858,2024-02-06,TRD-006,6,24.99,10.0
ORD-004636,2024-02-06,DED-004,3,9.99,4.0
ORD-007336,2024-02-06,TRD-006,3,24.99,10.0
ORD-004700,2024-02-07,STB-005,4,6.99,2.5
ORD-000773,2024-02-07,STB-001,1,9.99,4.0
ORD-001683,2024-02-07,SEA-002,3,9.99,3.5
ORD-003423,2024-02-07,SEA-001,1,19.99,8.0
ORD-003564,2024-02-07,SEA-003,4,29.99,12.0
ORD-008112,2024-02-07,STB-005,4,6.99,2.5
ORD-007999,2024-02-07,DED-002,3,8.99,3.0
ORD-006542,2024-02-07,DED-002,4,8.99,3.0
ORD-004229,2024-02-07,DED-001,2,4.99,2.0
ORD-004383,2024-02-07,STB-007,5,5.99,2.0
ORD-005528,2024-02-07,DED-004,5,9.99,4.0
ORD-002410,2024-02-07,TRD-002,4,19.99,5.0
ORD-004616,2024-02-08,TRD-008,6,14.99,3.0
ORD-003030,2024-02-08,TRD-008,5,14.99,3.0
ORD-005263,2024-02-08,SEA-007,5,11.99,4.0
ORD-004459,2024-02-08,DED-001,2,4.99,2.0
ORD-001555,2024-02-08,DED-005,1,24.99,10.0
ORD-006235,2024-02-08,DED-002,2,8.99,3.0
ORD-008968,2024-02-08,DED-005,3,24.99,10.0
ORD-001440,2024-02-08,SEA-005,1,59.99,25.0
ORD-007630,2024-02-09,DED-002,8,8.99,3.0
ORD-008957,2024-02-09,TRD-007,4,39.99,15.0
ORD-003682,2024-02-09,STB-002,4,14.99,6.0
ORD-008051,2024-02-09,DED-002,3,8.99,3.0
ORD-009881,2024-02-09,SEA-003,1,29.99,12.0
ORD-007105,2024-02-09,SEA-007,1,11.99,4.0
ORD-003868,2024-02-09,STB-005,1,6.99,2.5
ORD-003412,2024-02-09,DED-004,2,9.99,4.0
ORD-008869,2024-02-09,STB-003,4,12.99,5.0
ORD-006958,2024-02-09,DED-001,2,4.99,2.0
ORD-007376,2024-02-09,SEA-004,5,34.99,15.0
ORD-009712,2024-02-09,STB-009,3,4.99,2.5
ORD-007982,2024-02-09,STB-007,7,5.99,2.0
ORD-009714,2024-02-09,INT-003,3,59.99,25.0
ORD-004591,2024-02-09,TRD-002,4,19.99,5.0
ORD-009626,2024-02-09,TRD-001,9,39.99,15.0
ORD-000857,2024-02-09,SEA-008,2,5.99,2.0
ORD-000290,2024-02-10,SEA-003,7,29.99,12.0
ORD-009631,2024-02-10,SEA-010,1,14.99,6.0
ORD-000334,2024-02-10,SEA-004,3,34.99,15.0
ORD-007965,2024-02-10,STB-001,2,9.99,4.0
ORD-002188,2024-02-10,STB-010,2,4.49,1.5
ORD-004083,2024-02-10,DED-004,4,9.99,4.0
ORD-007858,2024-02-10,DED-004,2,9.99,4.0
ORD-002761,2024-02-10,DED-003,4,12.99,5.0
ORD-005360,2024-02-10,DED-002,2,8.99,3.0
ORD-009853,2024-02-10,STB-005,1,6.99,2.5
ORD-009053,2024-02-10,STB-001,4,9.99,4.0
ORD-005474,2024-02-10,SEA-001,2,19.99,8.0
ORD-006555,2024-02-11,DED-005,3,24.99,10.0
ORD-006754,2024-02-11,DED-002,4,8.99,3.0
ORD-008050,2024-02-11,DED-004,3,9.99,4.0
ORD-008948,2024-02-11,SEA-006,1,14.99,5.0
ORD-005949,2024-02-11,SEA-003,2,29.99,12.0
ORD-003152,2024-02-11,STB-009,9,4.99,2.5
ORD-006993,2024-02-11,STB-002,2,14.99,6.0
ORD-007803,2024-02-11,TRD-004,5,24.99,10.0
ORD-007277,2024-02-11,STB-001,1,9.99,4.0
ORD-002941,2024-02-11,STB-003,1,12.99,5.0
ORD-004634,2024-02-11,SEA-008,2,5.99,2.0
ORD-001557,2024-02-11,SEA-007,3,11.99,4.0
ORD-007302,2024-02-11,SEA-002,3,9.99,3.5
ORD-003639,2024-02-12,TRD-007,1,39.99,15.0
ORD-006303,2024-02-12,SEA-007,3,11.99,4.0
ORD-006955,2024-02-12,SEA-005,2,59.99,25.0
ORD-003576,2024-02-12,DED-003,5,12.99,5.0
ORD-008781,2024-02-12,STB-006,2,7.99,3.0
ORD-006020,2024-02-12,STB-008,2,3.99,1.5
ORD-005494,2024-02-12,SEA-007,4,11.99,4.0
ORD-002060,2024-02-12,DED-002,3,8.99,3.0
ORD-001788,2024-02-12,DED-001,1,4.99,2.0
ORD-001770,2024-02-12,DED-003,4,12.99,5.0
ORD-005627,2024-02-12,SEA-010,5,14.99,6.0
ORD-006221,2024-02-13,DED-005,2,24.99,10.0
ORD-002274,2024-02-13,STB-001,1,9.99,4.0
ORD-005959,2024-02-13,TRD-007,5,39.99,15.0
ORD-005118,2024-02-13,DED-001,1,4.99,2.0
ORD-009130,2024-02-13,STB-002,1,14.99,6.0
ORD-004289,2024-02-13,SEA-006,1,14.99,5.0
ORD-005886,2024-02-13,DED-005,5,24.99,10.0
ORD-001764,2024-02-13,STB-007,2,5.99,2.0
ORD-009944,2024-02-13,TRD-003,5,29.99,12.0
ORD-007253,2024-02-13,STB-004,3,7.99,3.0
ORD-002421,2024-02-13,TRD-006,5,24.99,10.0
ORD-001499,2024-02-14,SEA-009,4,24.99,10.0
ORD-000985,2024-02-14,TRD-002,5,19.99,5.0
ORD-005822,2024-02-14,DED-004,4,9.99,4.0
ORD-007623,2024-02-14,TRD-003,5,29.99,12.0
ORD-001149,2024-02-14,STB-008,2,3.99,1.5
ORD-008009,2024-02-14,DED-002,3,8.99,3.0
ORD-002599,2024-02-14,SEA-005,3,59.99,25.0
ORD-004726,2024-02-14,SEA-001,2,19.99,8.0
ORD-000179,2024-02-14,STB-007,3,5.99,2.0
ORD-003511,2024-02-14,STB-006,1,7.99,3.0
ORD-006864,2024-02-14,DED-004,4,9.99,4.0
ORD-003674,2024-02-14,TRD-004,5,24.99,10.0
ORD-002466,2024-02-14,DED-005,3,24.99,10.0
ORD-006467,2024-02-14,DED-002,7,8.99,3.0
ORD-009723,2024-02-14,DED-002,4,8.99,3.0
ORD-000551,2024-02-14,DED-003,4,12.99,5.0
ORD-008888,2024-02-14,SEA-003,3,29.99,12.0
ORD-004532,2024-02-14,DED-005,2,24.99,10.0
ORD-001937,2024-02-14,STB-004,1,7.99,3.0
ORD-007275,2024-02-15,DED-003,5,12.99,5.0
ORD-004337,2024-02-15,TRD-004,7,24.99,10.0
ORD-001640,2024-02-15,STB-005,2,6.99,2.5
ORD-005993,2024-02-15,STB-001,3,9.99,4.0
ORD-008310,2024-02-15,DED-003,6,12.99,5.0
ORD-002946,2024-02-15,DED-004,5,9.99,4.0
ORD-002806,2024-02-15,STB-007,1,5.99,2.0
ORD-005694,2024-02-15,TRD-006,6,24.99,10.0
ORD-003175,2024-02-15,STB-001,3,9.99,4.0
ORD-000558,2024-02-15,STB-009,5,4.99,2.5
ORD-009707,2024-02-15,SEA-002,1,9.99,3.5
ORD-008140,2024-02-15,DED-003,2,12.99,5.0
ORD-004486,2024-02-15,DED-005,4,24.99,10.0
ORD-000661,2024-02-15,TRD-007,5,39.99,15.0
ORD-001564,2024-02-15,DED-004,3,9.99,4.0
ORD-000892,2024-02-15,DED-003,2,12.99,5.0
ORD-002474,2024-02-15,INT-004,3,149.99,60.0
ORD-002629,2024-02-15,DED-002,1,8.99,3.0
ORD-000893,2024-02-15,STB-005,1,6.99,2.5
ORD-000911,2024-02-15,STB-006,6,7.99,3.0
ORD-007083,2024-02-16,TRD-002,6,19.99,5.0
ORD-009651,2024-02-16,DED-001,2,4.99,2.0
ORD-001839,2024-02-16,TRD-002,3,19.99,5.0
ORD-006572,2024-02-16,DED-004,1,9.99,4.0
ORD-006267,2024-02-16,DED-003,4,12.99,5.0
ORD-002276,2024-02-16,DED-001,1,4.99,2.0
ORD-001430,2024-02-16,SEA-008,1,5.99,2.0
ORD-009245,2024-02-16,DED-004,2,9.99,4.0
ORD-009323,2024-02-16,SEA-006,4,14.99,5.0
ORD-000599,2024-02-16,SEA-003,3,29.99,12.0
ORD-006684,2024-02-16,DED-004,1,9.99,4.0
ORD-004156,2024-02-16,STB-005,3,6.99,2.5
ORD-009225,2024-02-16,SEA-001,4,19.99,8.0
ORD-002104,2024-02-16,SEA-005,1,59.99,25.0
ORD-005281,2024-02-16,SEA-003,2,29.99,12.0
ORD-007462,2024-02-16,SEA-007,3,11.99,4.0
ORD-005348,2024-02-17,STB-001,5,9.99,4.0
ORD-007945,2024-02-17,STB-006,2,7.99,3.0
ORD-008654,2024-02-17,STB-008,2,3.99,1.5
ORD-008856,2024-02-17,DED-004,2,9.99,4.0
ORD-004051,2024-02-17,STB-010,2,4.49,1.5
ORD-003786,2024-02-17,DED-001,4,4.99,2.0
ORD-009516,2024-02-17,STB-001,4,9.99,4.0
ORD-003921,2024-02-17,DED-003,7,12.99,5.0
ORD-000410,2024-02-17,DED-003,2,12.99,5.0
ORD-005472,2024-02-17,STB-003,2,12.99,5.0
ORD-005623,2024-02-17,TRD-007,8,39.99,15.0
ORD-009744,2024-02-17,DED-001,2,4.99,2.0
ORD-008798,2024-02-17,DED-005,3,24.99,10.0
ORD-008966,2024-02-17,STB-005,3,6.99,2.5
ORD-007391,2024-02-17,DED-004,8,9.99,4.0
ORD-008239,2024-02-17,TRD-006,6,24.99,10.0
ORD-000585,2024-02-18,DED-005,1,24.99,10.0
ORD-009753,2024-02-18,TRD-001,7,39.99,15.0
ORD-005334,2024-02-18,INT-001,2,19.99,8.0
ORD-001972,2024-02-18,TRD-007,6,39.99,15.0
ORD-008690,2024-02-18,STB-005,7,6.99,2.5
ORD-002936,2024-02-18,STB-001,2,9.99,4.0
ORD-004660,2024-02-18,STB-001,1,9.99,4.0
ORD-006770,2024-02-18,STB-003,1,12.99,5.0
ORD-003950,2024-02-18,DED-003,5,12.99,5.0
ORD-003299,2024-02-18,STB-003,6,12.99,5.0
ORD-001769,2024-02-18,STB-008,1,3.99,1.5
ORD-006545,2024-02-18,DED-001,5,4.99,2.0
ORD-000557,2024-02-19,TRD-004,3,24.99,10.0
ORD-009123,2024-02-19,DED-002,2,8.99,3.0
ORD-004644,2024-02-19,INT-005,2,119.99,45.0
ORD-003236,2024-02-19,DED-004,1,9.99,4.0
ORD-008539,2024-02-19,STB-009,5,4.99,2.5
ORD-000454,2024-02-19,INT-001,4,19.99,8.0
ORD-002174,2024-02-19,SEA-004,5,34.99,15.0
ORD-009713,2024-02-19,TRD-007,4,39.99,15.0
ORD-004098,2024-02-19,SEA-007,4,11.99,4.0
ORD-000190,2024-02-19,DED-002,5,8.99,3.0
ORD-002827,2024-02-19,DED-001,4,4.99,2.0
ORD-004759,2024-02-19,DED-004,3,9.99,4.0
ORD-004840,2024-02-19,DED-002,1,8.99,3.0
ORD-004791,2024-02-19,STB-006,1,7.99,3.0
ORD-005398,2024-02-19,TRD-002,3,19.99,5.0
ORD-007852,2024-02-19,DED-002,1,8.99,3.0
ORD-001436,2024-02-19,SEA-005,4,59.99,25.0
ORD-004199,2024-02-20,DED-002,1,8.99,3.0
ORD-006538,2024-02-20,STB-001,2,9.99,4.0
ORD-008867,2024-02-20,SEA-007,3,11.99,4.0
ORD-005766,2024-02-20,STB-009,2,4.99,2.5
ORD-008819,2024-02-20,DED-004,8,9.99,4.0
ORD-006986,2024-02-20,SEA-002,4,9.99,3.5
ORD-004690,2024-02-20,SEA-009,3,24.99,10.0
ORD-001978,2024-02-20,SEA-001,3,19.99,8.0
ORD-001981,2024-02-20,SEA-004,1,34.99,15.0
ORD-004557,2024-02-20,SEA-006,1,14.99,5.0
ORD-008016,2024-02-21,DED-005,1,24.99,10.0
ORD-004506,2024-02-21,STB-004,5,7.99,3.0
ORD-007468,2024-02-21,TRD-005,8,19.99,8.0
ORD-000737,2024-02-21,DED-004,3,9.99,4.0
ORD-001847,2024-02-21,STB-009,3,4.99,2.5
ORD-000531,2024-02-21,SEA-006,1,14.99,5.0
ORD-009862,2024-02-21,SEA-006,2,14.99,5.0
ORD-007518,2024-02-21,DED-001,2,4.99,2.0
ORD-008020,2024-02-21,STB-005,2,6.99,2.5
ORD-009468,2024-02-21,DED-005,2,24.99,10.0
ORD-000451,2024-02-21,STB-009,3,4.99,2.5
ORD-002347,2024-02-21,SEA-006,1,14.99,5.0
ORD-002364,2024-02-21,DED-003,3,12.99,5.0
ORD-003688,2024-02-21,DED-005,4,24.99,10.0
ORD-005246,2024-02-21,SEA-010,2,14.99,6.0
ORD-008721,2024-02-21,STB-001,3,9.99,4.0
ORD-009182,2024-02-21,INT-007,1,179.99,70.0
ORD-000830,2024-02-21,DED-004,2,9.99,4.0
ORD-003015,2024-02-21,DED-004,2,9.99,4.0
ORD-005029,2024-02-21,DED-001,4,4.99,2.0
ORD-000439,2024-02-21,STB-007,3,5.99,2.0
ORD-006475,2024-02-22,TRD-007,2,39.99,15.0
ORD-008206,2024-02-22,DED-002,4,8.99,3.0
ORD-006279,2024-02-22,SEA-001,1,19.99,8.0
ORD-008086,2024-02-22,DED-002,2,8.99,3.0
ORD-007706,2024-02-22,DED-005,2,24.99,10.0
ORD-001023,2024-02-22,SEA-009,1,24.99,10.0
ORD-006574,2024-02-22,DED-005,5,24.99,10.0
ORD-009852,2024-02-22,STB-002,2,14.99,6.0
ORD-001010,2024-02-22,DED-005,3,24.99,10.0
ORD-000230,2024-02-22,STB-008,5,3.99,1.5
ORD-005853,2024-02-22,DED-005,4,24.99,10.0
ORD-009046,2024-02-22,STB-009,1,4.99,2.5
ORD-005004,2024-02-22,TRD-007,4,39.99,15.0
ORD-006097,2024-02-22,SEA-001,3,19.99,8.0
ORD-001649,2024-02-22,DED-002,3,8.99,3.0
ORD-003414,2024-02-22,TRD-006,5,24.99,10.0
ORD-003328,2024-02-23,TRD-005,6,19.99,8.0
ORD-005157,2024-02-23,TRD-004,4,24.99,10.0
ORD-005466,2024-02-23,SEA-009,4,24.99,10.0
ORD-008824,2024-02-23,STB-004,3,7.99,3.0
ORD-003806,2024-02-23,SEA-010,2,14.99,6.0
ORD-007674,2024-02-23,STB-007,2,5.99,2.0
ORD-000397,2024-02-23,STB-009,3,4.99,2.5
ORD-005097,2024-02-23,DED-005,2,24.99,10.0
ORD-005194,2024-02-23,INT-007,4,179.99,70.0
ORD-008165,2024-02-23,TRD-003,6,29.99,12.0
ORD-001709,2024-02-23,DED-003,1,12.99,5.0
ORD-000523,2024-02-23,SEA-004,2,34.99,15.0
ORD-000826,2024-02-23,TRD-006,6,24.99,10.0
ORD-005037,2024-02-23,SEA-008,1,5.99,2.0
ORD-005760,2024-02-23,DED-002,8,8.99,3.0
ORD-004137,2024-02-24,DED-005,5,24.99,10.0
ORD-003852,2024-02-24,STB-003,3,12.99,5.0
ORD-005438,2024-02-24,STB-009,5,4.99,2.5
ORD-007197,2024-02-24,INT-008,2,299.99,100.0
ORD-009522,2024-02-24,SEA-010,3,14.99,6.0
ORD-008143,2024-02-24,SEA-004,4,34.99,15.0
ORD-002297,2024-02-24,DED-005,1,24.99,10.0
ORD-009176,2024-02-24,DED-003,4,12.99,5.0
ORD-007713,2024-02-24,SEA-008,1,5.99,2.0
ORD-004674,2024-02-24,SEA-003,4,29.99,12.0
ORD-003197,2024-02-25,DED-001,2,4.99,2.0
ORD-002784,2024-02-25,SEA-001,1,19.99,8.0
ORD-002592,2024-02-25,DED-002,1,8.99,3.0
ORD-008936,2024-02-25,SEA-003,1,29.99,12.0
ORD-008954,2024-02-25,DED-003,1,12.99,5.0
ORD-006817,2024-02-25,SEA-008,4,5.99,2.0
ORD-001644,2024-02-25,DED-003,1,12.99,5.0
ORD-004756,2024-02-25,SEA-001,1,19.99,8.0
ORD-004705,2024-02-25,SEA-003,3,29.99,12.0
ORD-006808,2024-02-25,TRD-008,8,14.99,3.0
ORD-009436,2024-02-25,TRD-006,6,24.99,10.0
ORD-008745,2024-02-25,STB-003,1,12.99,5.0
ORD-007972,2024-02-25,STB-006,3,7.99,3.0
ORD-008582,2024-02-25,SEA-007,4,11.99,4.0
ORD-001949,2024-02-25,TRD-001,4,39.99,15.0
ORD-007726,2024-02-25,STB-004,5,7.99,3.0
ORD-003248,2024-02-25,SEA-004,1,34.99,15.0
ORD-009028,2024-02-26,STB-006,1,7.99,3.0
ORD-003843,2024-02-26,DED-004,1,9.99,4.0
ORD-006295,2024-02-26,STB-009,3,4.99,2.5
ORD-005437,2024-02-26,SEA-007,4,11.99,4.0
ORD-009332,2024-02-26,DED-002,1,8.99,3.0
ORD-002462,2024-02-26,STB-004,4,7.99,3.0
ORD-002714,2024-02-26,DED-001,7,4.99,2.0
ORD-004371,2024-02-26,DED-004,3,9.99,4.0
ORD-002095,2024-02-26,STB-006,1,7.99,3.0
ORD-002535,2024-02-26,TRD-004,2,24.99,10.0
ORD-008443,2024-02-26,SEA-010,2,14.99,6.0
ORD-009946,2024-02-26,SEA-007,1,11.99,4.0
ORD-005593,2024-02-26,DED-005,4,24.99,10.0
ORD-007140,2024-02-26,SEA-001,4,19.99,8.0
ORD-003951,2024-02-26,SEA-003,5,29.99,12.0
ORD-001186,2024-02-27,SEA-008,3,5.99,2.0
ORD-003356,2024-02-27,DED-004,2,9.99,4.0
ORD-003669,2024-02-27,SEA-005,1,59.99,25.0
ORD-001351,2024-02-27,DED-001,2,4.99,2.0
ORD-002064,2024-02-27,DED-004,2,9.99,4.0
ORD-006619,2024-02-27,STB-001,3,9.99,4.0
ORD-004003,2024-02-27,DED-002,4,8.99,3.0
ORD-006189,2024-02-27,SEA-007,3,11.99,4.0
ORD-006192,2024-02-27,DED-004,4,9.99,4.0
ORD-008380,2024-02-27,DED-003,3,12.99,5.0
ORD-004703,2024-02-27,STB-003,2,12.99,5.0
ORD-001192,2024-02-27,DED-004,1,9.99,4.0
ORD-007163,2024-02-28,STB-006,6,7.99,3.0
ORD-009532,2024-02-28,STB-003,1,12.99,5.0
ORD-004403,2024-02-28,DED-003,2,12.99,5.0
ORD-007090,2024-02-28,DED-002,1,8.99,3.0
ORD-004362,2024-02-28,DED-004,1,9.99,4.0
ORD-004788,2024-02-28,DED-001,3,4.99,2.0
ORD-001952,2024-02-28,DED-001,3,4.99,2.0
ORD-006134,2024-02-28,DED-004,5,9.99,4.0
ORD-006436,2024-02-28,SEA-006,6,14.99,5.0
ORD-005582,2024-02-28,DED-005,2,24.99,10.0
ORD-007543,2024-02-28,DED-003,3,12.99,5.0
ORD-009088,2024-02-28,TRD-004,2,24.99,10.0
ORD-009246,2024-02-28,DED-002,2,8.99,3.0
ORD-007700,2024-02-28,STB-009,4,4.99,2.5
ORD-006546,2024-02-28,STB-010,4,4.49,1.5
ORD-007969,2024-02-28,TRD-001,2,39.99,15.0
ORD-008044,2024-02-29,TRD-001,4,39.99,15.0
ORD-007640,2024-02-29,DED-004,3,9.99,4.0
ORD-009927,2024-02-29,STB-005,3,6.99,2.5
ORD-004356,2024-02-29,TRD-004,6,24.99,10.0
ORD-006849,2024-02-29,DED-005,4,24.99,10.0
ORD-002540,2024-02-29,SEA-003,3,29.99,12.0
ORD-009277,2024-02-29,DED-001,2,4.99,2.0
ORD-002296,2024-02-29,SEA-003,2,29.99,12.0
ORD-003135,2024-02-29,DED-002,5,8.99,3.0
ORD-008042,2024-02-29,TRD-006,5,24.99,10.0
ORD-005879,2024-02-29,SEA-010,6,14.99,6.0
ORD-008518,2024-02-29,TRD-003,4,29.99,12.0
ORD-006796,2024-03-01,DED-005,4,24.99,10.0
ORD-002235,2024-03-01,SEA-008,2,5.99,2.0
ORD-007570,2024-03-01,STB-006,1,7.99,3.0
ORD-000913,2024-03-01,STB-008,3,3.99,1.5
ORD-000431,2024-03-01,SEA-009,2,24.99,10.0
ORD-002900,2024-03-01,TRD-005,4,19.99,8.0
ORD-000089,2024-03-01,TRD-003,3,29.99,12.0
ORD-007903,2024-03-01,STB-006,3,7.99,3.0
ORD-007361,2024-03-01,SEA-008,4,5.99,2.0
ORD-009181,2024-03-01,DED-004,2,9.99,4.0
ORD-003750,2024-03-01,TRD-004,4,24.99,10.0
ORD-005000,2024-03-01,DED-002,1,8.99,3.0
ORD-009832,2024-03-01,SEA-003,3,29.99,12.0
ORD-002777,2024-03-01,TRD-002,6,19.99,5.0
ORD-007666,2024-03-02,STB-006,2,7.99,3.0
ORD-007429,2024-03-02,SEA-008,3,5.99,2.0
ORD-000217,2024-03-02,SEA-004,1,34.99,15.0
ORD-005563,2024-03-02,STB-004,3,7.99,3.0
ORD-007566,2024-03-02,TRD-002,1,19.99,5.0
ORD-009648,2024-03-02,DED-002,6,8.99,3.0
ORD-008162,2024-03-02,SEA-002,3,9.99,3.5
ORD-001940,2024-03-02,DED-004,4,9.99,4.0
ORD-002292,2024-03-02,TRD-007,3,39.99,15.0
ORD-003337,2024-03-02,STB-005,4,6.99,2.5
ORD-005872,2024-03-02,SEA-008,2,5.99,2.0
ORD-008058,2024-03-02,STB-006,3,7.99,3.0
ORD-007258,2024-03-02,DED-005,4,24.99,10.0
ORD-002100,2024-03-02,TRD-007,5,39.99,15.0
ORD-008652,2024-03-02,SEA-003,5,29.99,12.0
ORD-009037,2024-03-03,STB-001,4,9.99,4.0
ORD-009187,2024-03-03,SEA-006,2,14.99,5.0
ORD-004540,2024-03-03,DED-005,2,24.99,10.0
ORD-001984,2024-03-03,SEA-001,9,19.99,8.0
ORD-002805,2024-03-03,STB-007,6,5.99,2.0
ORD-000076,2024-03-03,DED-005,3,24.99,10.0
ORD-006667,2024-03-03,SEA-002,1,9.99,3.5
ORD-009116,2024-03-03,SEA-010,4,14.99,6.0
ORD-009786,2024-03-03,DED-004,1,9.99,4.0
ORD-004968,2024-03-03,DED-001,7,4.99,2.0
ORD-004861,2024-03-03,DED-001,3,4.99,2.0
ORD-008415,2024-03-03,DED-001,1,4.99,2.0
ORD-004755,2024-03-03,SEA-001,5,19.99,8.0
ORD-005183,2024-03-03,DED-001,7,4.99,2.0
ORD-008905,2024-03-03,STB-003,3,12.99,5.0
ORD-002530,2024-03-04,STB-002,1,14.99,6.0
ORD-003959,2024-03-04,STB-004,2,7.99,3.0
ORD-005906,2024-03-04,DED-002,6,8.99,3.0
ORD-006713,2024-03-04,TRD-001,5,39.99,15.0
ORD-008450,2024-03-04,TRD-006,3,24.99,10.0
ORD-000077,2024-03-04,STB-009,3,4.99,2.5
ORD-008286,2024-03-04,DED-001,1,4.99,2.0
ORD-007636,2024-03-04,STB-008,3,3.99,1.5
ORD-000981,2024-03-04,DED-001,2,4.99,2.0
ORD-001762,2024-03-04,TRD-007,9,39.99,15.0
ORD-001136,2024-03-04,STB-004,4,7.99,3.0
ORD-009041,2024-03-04,DED-005,2,24.99,10.0
ORD-008352,2024-03-04,SEA-001,2,19.99,8.0
ORD-005772,2024-03-05,STB-008,3,3.99,1.5
ORD-007365,2024-03-05,SEA-005,5,59.99,25.0
ORD-004235,2024-03-05,SEA-002,5,9.99,3.5
ORD-005677,2024-03-05,TRD-007,5,39.99,15.0
ORD-006133,2024-03-05,SEA-002,2,9.99,3.5
ORD-002031,2024-03-05,STB-007,1,5.99,2.0
ORD-006166,2024-03-05,TRD-006,8,24.99,10.0
ORD-004554,2024-03-05,DED-004,1,9.99,4.0
ORD-001669,2024-03-05,INT-005,1,119.99,45.0
ORD-005483,2024-03-05,STB-007,1,5.99,2.0
ORD-002650,2024-03-05,DED-003,8,12.99,5.0
ORD-008204,2024-03-05,TRD-005,7,19.99,8.0
ORD-004698,2024-03-05,SEA-005,4,59.99,25.0
ORD-003314,2024-03-05,TRD-002,6,19.99,5.0
ORD-002825,2024-03-06,INT-004,2,149.99,60.0
ORD-006826,2024-03-06,TRD-007,1,39.99,15.0
ORD-004329,2024-03-06,DED-002,1,8.99,3.0
ORD-004286,2024-03-06,STB-009,6,4.99,2.5
ORD-002909,2024-03-06,STB-004,4,7.99,3.0
ORD-005720,2024-03-06,SEA-007,4,11.99,4.0
ORD-009232,2024-03-06,SEA-008,5,5.99,2.0
ORD-005999,2024-03-06,TRD-007,8,39.99,15.0
ORD-002642,2024-03-06,STB-009,4,4.99,2.5
ORD-007186,2024-03-06,SEA-007,5,11.99,4.0
ORD-001842,2024-03-06,STB-008,4,3.99,1.5
ORD-003711,2024-03-06,SEA-007,6,11.99,4.0
ORD-003731,2024-03-06,DED-003,3,12.99,5.0
ORD-009386,2024-03-06,DED-003,6,12.99,5.0
ORD-007298,2024-03-06,STB-007,3,5.99,2.0
ORD-009017,2024-03-06,TRD-004,3,24.99,10.0
ORD-002270,2024-03-06,DED-003,2,12.99,5.0
ORD-003241,2024-03-06,STB-003,5,12.99,5.0
ORD-002878,2024-03-07,DED-003,5,12.99,5.0
ORD-007315,2024-03-07,SEA-005,3,59.99,25.0
ORD-007985,2024-03-07,DED-004,4,9.99,4.0
ORD-006866,2024-03-07,STB-007,3,5.99,2.0
ORD-001897,2024-03-07,SEA-009,3,24.99,10.0
ORD-003114,2024-03-07,SEA-009,8,24.99,10.0
ORD-006862,2024-03-07,STB-001,2,9.99,4.0
ORD-006910,2024-03-07,STB-010,3,4.49,1.5
ORD-008562,2024-03-07,TRD-006,2,24.99,10.0
ORD-008501,2024-03-07,STB-002,5,14.99,6.0
ORD-001463,2024-03-07,STB-002,1,14.99,6.0
ORD-005832,2024-03-07,SEA-001,4,19.99,8.0
ORD-009355,2024-03-07,DED-001,2,4.99,2.0
ORD-003725,2024-03-08,SEA-004,2,34.99,15.0
ORD-000321,2024-03-08,SEA-009,5,24.99,10.0
ORD-008553,2024-03-08,DED-001,1,4.99,2.0
ORD-003115,2024-03-08,STB-004,1,7.99,3.0
ORD-006195,2024-03-08,SEA-008,4,5.99,2.0
ORD-007100,2024-03-08,TRD-007,4,39.99,15.0
ORD-000472,2024-03-08,SEA-006,4,14.99,5.0
ORD-001970,2024-03-08,TRD-007,2,39.99,15.0
ORD-002547,2024-03-08,DED-003,1,12.99,5.0
ORD-004868,2024-03-08,DED-001,5,4.99,2.0
ORD-005919,2024-03-08,STB-007,3,5.99,2.0
ORD-004192,2024-03-08,TRD-003,10,29.99,12.0
ORD-001814,2024-03-08,SEA-005,3,59.99,25.0
ORD-007679,2024-03-08,SEA-004,2,34.99,15.0
ORD-009235,2024-03-08,STB-006,1,7.99,3.0
ORD-002491,2024-03-08,DED-003,4,12.99,5.0
ORD-002004,2024-03-08,STB-009,3,4.99,2.5
ORD-001556,2024-03-08,SEA-009,10,24.99,10.0
ORD-001035,2024-03-08,DED-003,4,12.99,5.0
ORD-009054,2024-03-09,DED-004,2,9.99,4.0
ORD-006742,2024-03-09,DED-005,2,24.99,10.0
ORD-005210,2024-03-09,SEA-006,3,14.99,5.0
ORD-007092,2024-03-09,SEA-003,4,29.99,12.0
ORD-002152,2024-03-09,STB-004,4,7.99,3.0
ORD-009309,2024-03-09,TRD-007,7,39.99,15.0
ORD-009672,2024-03-09,DED-001,4,4.99,2.0
ORD-005187,2024-03-09,STB-006,1,7.99,3.0
ORD-007485,2024-03-09,SEA-010,6,14.99,6.0
ORD-004936,2024-03-09,SEA-006,3,14.99,5.0
ORD-001070,2024-03-09,SEA-007,2,11.99,4.0
ORD-001655,2024-03-09,SEA-005,1,59.99,25.0
ORD-001279,2024-03-09,DED-004,1,9.99,4.0
ORD-000093,2024-03-09,TRD-007,5,39.99,15.0
ORD-005550,2024-03-09,DED-005,4,24.99,10.0
ORD-009659,2024-03-09,SEA-008,7,5.99,2.0
ORD-002148,2024-03-09,SEA-009,2,24.99,10.0
ORD-003922,2024-03-10,DED-001,4,4.99,2.0
ORD-001616,2024-03-10,SEA-009,6,24.99,10.0
ORD-006247,2024-03-10,STB-010,3,4.49,1.5
ORD-007996,2024-03-10,SEA-001,3,19.99,8.0
ORD-001568,2024-03-10,STB-004,4,7.99,3.0
ORD-007547,2024-03-10,TRD-001,4,39.99,15.0
ORD-008136,2024-03-10,DED-002,5,8.99,3.0
ORD-005622,2024-03-10,TRD-006,5,24.99,10.0
ORD-000363,2024-03-10,SEA-009,2,24.99,10.0
ORD-004652,2024-03-10,DED-004,2,9.99,4.0
ORD-009701,2024-03-10,STB-008,5,3.99,1.5
ORD-003272,2024-03-10,STB-002,4,14.99,6.0
ORD-002255,2024-03-10,DED-005,2,24.99,10.0
ORD-001758,2024-03-10,DED-005,3,24.99,10.0
ORD-004164,2024-03-10,DED-005,1,24.99,10.0
ORD-003701,2024-03-10,DED-002,3,8.99,3.0
ORD-002477,2024-03-10,DED-001,2,4.99,2.0
ORD-002156,2024-03-10,SEA-005,2,59.99,25.0
ORD-005768,2024-03-10,DED-004,6,9.99,4.0
ORD-002406,2024-03-11,TRD-002,3,19.99,5.0
ORD-009843,2024-03-11,DED-001,5,4.99,2.0
ORD-002915,2024-03-11,TRD-004,6,24.99,10.0
ORD-002036,2024-03-11,DED-003,3,12.99,5.0
ORD-003841,2024-03-11,INT-004,5,149.99,60.0
ORD-007909,2024-03-11,SEA-001,1,19.99,8.0
ORD-003990,2024-03-11,TRD-006,2,24.99,10.0
ORD-001996,2024-03-11,TRD-001,5,39.99,15.0
ORD-007947,2024-03-11,TRD-007,2,39.99,15.0
ORD-006653,2024-03-11,TRD-006,7,24.99,10.0
ORD-004576,2024-03-11,DED-005,3,24.99,10.0
ORD-000046,2024-03-11,TRD-006,6,24.99,10.0
ORD-009900,2024-03-11,TRD-007,1,39.99,15.0
ORD-000489,2024-03-11,STB-010,5,4.49,1.5
ORD-007865,2024-03-11,SEA-004,4,34.99,15.0
ORD-002042,2024-03-11,INT-003,1,59.99,25.0
ORD-002553,2024-03-11,SEA-006,2,14.99,5.0
ORD-009808,2024-03-11,DED-001,4,4.99,2.0
ORD-008877,2024-03-11,STB-002,1,14.99,6.0
ORD-006148,2024-03-11,DED-005,4,24.99,10.0
ORD-003675,2024-03-11,SEA-010,3,14.99,6.0
ORD-004204,2024-03-11,STB-010,4,4.49,1.5
ORD-002977,2024-03-12,INT-004,2,149.99,60.0
ORD-000853,2024-03-12,TRD-002,2,19.99,5.0
ORD-005597,2024-03-12,SEA-006,2,14.99,5.0
ORD-007248,2024-03-12,DED-004,4,9.99,4.0
ORD-007002,2024-03-12,STB-007,5,5.99,2.0
ORD-002467,2024-03-12,SEA-007,1,11.99,4.0
ORD-008809,2024-03-12,DED-005,4,24.99,10.0
ORD-005797,2024-03-12,STB-010,2,4.49,1.5
ORD-009203,2024-03-12,STB-003,2,12.99,5.0
ORD-000128,2024-03-12,TRD-005,3,19.99,8.0
ORD-000973,2024-03-12,STB-005,4,6.99,2.5
ORD-009801,2024-03-13,SEA-004,5,34.99,15.0
ORD-005957,2024-03-13,STB-008,2,3.99,1.5
ORD-009389,2024-03-13,TRD-006,8,24.99,10.0
ORD-003238,2024-03-13,STB-002,4,14.99,6.0
ORD-004513,2024-03-13,SEA-004,5,34.99,15.0
ORD-001888,2024-03-13,DED-002,5,8.99,3.0
ORD-005977,2024-03-13,TRD-002,5,19.99,5.0
ORD-007043,2024-03-13,TRD-008,6,14.99,3.0
ORD-009132,2024-03-13,STB-005,2,6.99,2.5
ORD-001760,2024-03-13,DED-003,1,12.99,5.0
ORD-002662,2024-03-13,STB-004,1,7.99,3.0
ORD-002113,2024-03-13,DED-002,3,8.99,3.0
ORD-004902,2024-03-13,TRD-006,4,24.99,10.0
ORD-007864,2024-03-13,TRD-005,8,19.99,8.0
ORD-004806,2024-03-13,DED-001,3,4.99,2.0
ORD-001924,2024-03-13,SEA-009,3,24.99,10.0
ORD-007900,2024-03-14,STB-006,3,7.99,3.0
ORD-003936,2024-03-14,SEA-005,5,59.99,25.0
ORD-002928,2024-03-14,DED-001,3,4.99,2.0
ORD-001834,2024-03-14,INT-001,2,19.99,8.0
ORD-001664,2024-03-14,DED-004,3,9.99,4.0
ORD-000157,2024-03-14,TRD-001,4,39.99,15.0
ORD-001665,2024-03-14,SEA-003,6,29.99,12.0
ORD-004291,2024-03-14,STB-007,2,5.99,2.0
ORD-004343,2024-03-14,DED-003,4,12.99,5.0
ORD-003298,2024-03-14,STB-002,1,14.99,6.0
ORD-006431,2024-03-14,SEA-004,4,34.99,15.0
ORD-005008,2024-03-14,SEA-006,2,14.99,5.0
ORD-004450,2024-03-14,TRD-004,5,24.99,10.0
ORD-001551,2024-03-14,TRD-006,2,24.99,10.0
ORD-007712,2024-03-14,TRD-005,4,19.99,8.0
ORD-003737,2024-03-15,DED-005,3,24.99,10.0
ORD-008715,2024-03-15,STB-004,1,7.99,3.0
ORD-006152,2024-03-15,STB-007,3,5.99,2.0
ORD-007628,2024-03-15,STB-005,3,6.99,2.5
ORD-001457,2024-03-15,TRD-002,3,19.99,5.0
ORD-008201,2024-03-15,TRD-007,8,39.99,15.0
ORD-000037,2024-03-15,STB-010,2,4.49,1.5
ORD-004558,2024-03-15,STB-010,3,4.49,1.5
ORD-007050,2024-03-15,SEA-002,6,9.99,3.5
ORD-003247,2024-03-15,DED-003,4,12.99,5.0
ORD-004076,2024-03-15,STB-009,3,4.99,2.5
ORD-008726,2024-03-16,STB-005,4,6.99,2.5
ORD-003934,2024-03-16,DED-005,1,24.99,10.0
ORD-004250,2024-03-16,TRD-003,5,29.99,12.0
ORD-001791,2024-03-16,TRD-006,3,24.99,10.0
ORD-009126,2024-03-16,INT-007,3,179.99,70.0
ORD-007821,2024-03-16,TRD-008,2,14.99,3.0
ORD-001405,2024-03-16,STB-002,2,14.99,6.0
ORD-000898,2024-03-16,DED-004,3,9.99,4.0
ORD-008439,2024-03-16,STB-003,3,12.99,5.0
ORD-002482,2024-03-16,STB-006,5,7.99,3.0
ORD-004704,2024-03-16,SEA-008,3,5.99,2.0
ORD-001875,2024-03-16,TRD-006,3,24.99,10.0
ORD-005749,2024-03-17,SEA-005,3,59.99,25.0
ORD-001741,2024-03-17,STB-001,3,9.99,4.0
ORD-002605,2024-03-17,STB-001,4,9.99,4.0
ORD-003073,2024-03-17,TRD-002,5,19.99,5.0
ORD-004560,2024-03-17,STB-006,2,7.99,3.0
ORD-004127,2024-03-17,DED-001,1,4.99,2.0
ORD-008191,2024-03-17,DED-004,4,9.99,4.0
ORD-008875,2024-03-17,DED-005,1,24.99,10.0
ORD-000536,2024-03-17,DED-002,3,8.99,3.0
ORD-003085,2024-03-17,DED-003,4,12.99,5.0
ORD-000938,2024-03-17,SEA-007,4,11.99,4.0
ORD-005487,2024-03-17,DED-003,4,12.99,5.0
ORD-009715,2024-03-17,SEA-010,1,14.99,6.0
ORD-004252,2024-03-17,SEA-008,6,5.99,2.0
ORD-009027,2024-03-17,TRD-008,10,14.99,3.0
ORD-008729,2024-03-17,DED-004,6,9.99,4.0
ORD-005517,2024-03-18,DED-001,2,4.99,2.0
ORD-004870,2024-03-18,STB-010,4,4.49,1.5
ORD-000765,2024-03-18,STB-003,1,12.99,5.0
ORD-008496,2024-03-18,STB-006,1,7.99,3.0
ORD-007022,2024-03-18,STB-003,1,12.99,5.0
ORD-002024,2024-03-18,STB-005,2,6.99,2.5
ORD-004275,2024-03-18,DED-005,1,24.99,10.0
ORD-008426,2024-03-18,STB-006,3,7.99,3.0
ORD-003693,2024-03-18,STB-007,4,5.99,2.0
ORD-007755,2024-03-18,TRD-005,3,19.99,8.0
ORD-005411,2024-03-18,DED-005,5,24.99,10.0
ORD-002942,2024-03-18,SEA-009,4,24.99,10.0
ORD-001041,2024-03-18,STB-004,2,7.99,3.0
ORD-007135,2024-03-19,DED-001,3,4.99,2.0
ORD-009154,2024-03-19,STB-009,3,4.99,2.5
ORD-009103,2024-03-19,SEA-004,3,34.99,15.0
ORD-004664,2024-03-19,SEA-006,2,14.99,5.0
ORD-002305,2024-03-19,TRD-007,4,39.99,15.0
ORD-009642,2024-03-19,STB-004,1,7.99,3.0
ORD-009497,2024-03-19,TRD-007,1,39.99,15.0
ORD-002115,2024-03-19,DED-001,1,4.99,2.0
ORD-004776,2024-03-19,SEA-008,6,5.99,2.0
ORD-004038,2024-03-19,STB-001,2,9.99,4.0
ORD-006547,2024-03-19,SEA-007,1,11.99,4.0
ORD-000766,2024-03-19,DED-002,3,8.99,3.0
ORD-008445,2024-03-19,DED-001,5,4.99,2.0
ORD-001255,2024-03-19,SEA-004,2,34.99,15.0
ORD-005542,2024-03-20,DED-001,4,4.99,2.0
ORD-003664,2024-03-20,DED-005,2,24.99,10.0
ORD-009340,2024-03-20,DED-003,1,12.99,5.0
ORD-008420,2024-03-20,TRD-002,1,19.99,5.0
ORD-007375,2024-03-20,INT-006,4,199.99,80.0
ORD-009621,2024-03-20,DED-004,6,9.99,4.0
ORD-001378,2024-03-20,STB-004,6,7.99,3.0
ORD-003923,2024-03-20,DED-002,2,8.99,3.0
ORD-008064,2024-03-20,STB-009,2,4.99,2.5
ORD-001799,2024-03-20,TRD-008,2,14.99,3.0
ORD-003089,2024-03-20,DED-005,3,24.99,10.0
ORD-007937,2024-03-20,SEA-003,3,29.99,12.0
ORD-005608,2024-03-20,TRD-001,5,39.99,15.0
ORD-005927,2024-03-20,TRD-005,2,19.99,8.0
ORD-008526,2024-03-20,SEA-006,3,14.99,5.0
ORD-007916,2024-03-20,SEA-003,2,29.99,12.0
ORD-002838,2024-03-21,DED-003,1,12.99,5.0
ORD-005990,2024-03-21,TRD-002,8,19.99,5.0
ORD-003004,2024-03-21,DED-003,5,12.99,5.0
ORD-007797,2024-03-21,INT-002,5,99.99,40.0
ORD-008129,2024-03-21,SEA-009,1,24.99,10.0
ORD-001933,2024-03-21,STB-007,1,5.99,2.0
ORD-008994,2024-03-21,DED-001,4,4.99,2.0
ORD-002395,2024-03-21,TRD-005,6,19.99,8.0
ORD-008065,2024-03-21,SEA-004,6,34.99,15.0
ORD-006256,2024-03-21,DED-002,2,8.99,3.0
ORD-008278,2024-03-21,STB-003,2,12.99,5.0
ORD-009811,2024-03-21,SEA-007,4,11.99,4.0
ORD-003979,2024-03-21,DED-005,1,24.99,10.0
ORD-004091,2024-03-22,INT-005,3,119.99,45.0
ORD-009820,2024-03-22,DED-002,5,8.99,3.0
ORD-005935,2024-03-22,STB-009,5,4.99,2.5
ORD-000579,2024-03-22,TRD-005,6,19.99,8.0
ORD-003702,2024-03-22,STB-008,2,3.99,1.5
ORD-008829,2024-03-22,INT-001,1,19.99,8.0
ORD-003920,2024-03-22,DED-003,3,12.99,5.0
ORD-001885,2024-03-22,SEA-004,4,34.99,15.0
ORD-009668,2024-03-22,DED-003,1,12.99,5.0
ORD-007008,2024-03-22,SEA-008,5,5.99,2.0
ORD-006515,2024-03-22,STB-007,2,5.99,2.0
ORD-005828,2024-03-22,DED-005,5,24.99,10.0
ORD-006003,2024-03-22,STB-007,4,5.99,2.0
ORD-002048,2024-03-22,STB-002,3,14.99,6.0
ORD-002025,2024-03-22,TRD-005,6,19.99,8.0
ORD-003667,2024-03-22,DED-002,4,8.99,3.0
ORD-009600,2024-03-22,TRD-006,2,24.99,10.0
ORD-009380,2024-03-22,TRD-007,3,39.99,15.0
ORD-004847,2024-03-23,STB-007,4,5.99,2.0
ORD-002619,2024-03-23,DED-003,3,12.99,5.0
ORD-006951,2024-03-23,SEA-002,5,9.99,3.5
ORD-003729,2024-03-23,DED-004,2,9.99,4.0
ORD-001966,2024-03-23,STB-010,5,4.49,1.5
ORD-001423,2024-03-23,DED-004,1,9.99,4.0
ORD-006479,2024-03-23,TRD-008,4,14.99,3.0
ORD-005565,2024-03-23,DED-003,1,12.99,5.0
ORD-001295,2024-03-23,TRD-007,8,39.99,15.0
ORD-002244,2024-03-23,SEA-003,3,29.99,12.0
ORD-001335,2024-03-23,SEA-006,4,14.99,5.0
ORD-003820,2024-03-23,SEA-005,2,59.99,25.0
ORD-003802,2024-03-23,DED-002,4,8.99,3.0
ORD-001314,2024-03-24,STB-007,2,5.99,2.0
ORD-009952,2024-03-24,STB-008,5,3.99,1.5
ORD-009307,2024-03-24,STB-007,2,5.99,2.0
ORD-006258,2024-03-24,TRD-004,4,24.99,10.0
ORD-002279,2024-03-24,SEA-003,4,29.99,12.0
ORD-005761,2024-03-24,STB-003,2,12.99,5.0
ORD-002086,2024-03-24,SEA-007,3,11.99,4.0
ORD-001202,2024-03-24,DED-001,5,4.99,2.0
ORD-001339,2024-03-24,STB-004,3,7.99,3.0
ORD-000575,2024-03-24,DED-004,5,9.99,4.0
ORD-003389,2024-03-24,TRD-006,5,24.99,10.0
ORD-007297,2024-03-24,INT-007,4,179.99,70.0
ORD-006793,2024-03-24,DED-003,2,12.99,5.0
ORD-000511,2024-03-25,TRD-008,2,14.99,3.0
ORD-001083,2024-03-25,STB-001,2,9.99,4.0
ORD-004909,2024-03-25,SEA-001,4,19.99,8.0
ORD-008735,2024-03-25,DED-001,1,4.99,2.0
ORD-000796,2024-03-25,STB-001,1,9.99,4.0
ORD-006105,2024-03-25,DED-001,3,4.99,2.0
ORD-006734,2024-03-25,TRD-006,2,24.99,10.0
ORD-000130,2024-03-25,SEA-009,3,24.99,10.0
ORD-000006,2024-03-25,SEA-007,3,11.99,4.0
ORD-009406,2024-03-25,STB-001,3,9.99,4.0
ORD-000276,2024-03-25,STB-003,3,12.99,5.0
ORD-005916,2024-03-25,TRD-003,2,29.99,12.0
ORD-003275,2024-03-25,STB-004,2,7.99,3.0
ORD-001008,2024-03-26,SEA-009,1,24.99,10.0
ORD-004172,2024-03-26,SEA-002,5,9.99,3.5
ORD-000600,2024-03-26,SEA-009,4,24.99,10.0
ORD-004040,2024-03-26,SEA-002,3,9.99,3.5
ORD-008811,2024-03-26,STB-010,5,4.49,1.5
ORD-003541,2024-03-26,TRD-003,4,29.99,12.0
ORD-000071,2024-03-26,TRD-003,2,29.99,12.0
ORD-002143,2024-03-26,STB-006,1,7.99,3.0
ORD-002968,2024-03-26,SEA-005,5,59.99,25.0
ORD-004919,2024-03-26,SEA-005,2,59.99,25.0
ORD-000934,2024-03-26,STB-006,3,7.99,3.0
ORD-000428,2024-03-26,TRD-004,5,24.99,10.0
ORD-000864,2024-03-26,STB-007,1,5.99,2.0
ORD-008451,2024-03-26,TRD-005,6,19.99,8.0
ORD-005830,2024-03-26,DED-001,3,4.99,2.0
ORD-006608,2024-03-26,DED-004,2,9.99,4.0
ORD-009773,2024-03-27,DED-001,3,4.99,2.0
ORD-000959,2024-03-27,SEA-003,2,29.99,12.0
ORD-005914,2024-03-27,SEA-008,2,5.99,2.0
ORD-006045,2024-03-27,STB-004,2,7.99,3.0
ORD-007344,2024-03-27,TRD-005,6,19.99,8.0
ORD-000920,2024-03-27,TRD-001,6,39.99,15.0
ORD-005242,2024-03-27,SEA-009,2,24.99,10.0
ORD-009917,2024-03-27,SEA-004,3,34.99,15.0
ORD-008330,2024-03-27,STB-001,4,9.99,4.0
ORD-009609,2024-03-27,TRD-003,4,29.99,12.0
ORD-005051,2024-03-27,TRD-001,6,39.99,15.0
ORD-003993,2024-03-28,INT-007,4,179.99,70.0
ORD-008527,2024-03-28,TRD-008,3,14.99,3.0
ORD-004046,2024-03-28,DED-002,2,8.99,3.0
ORD-001532,2024-03-28,DED-001,2,4.99,2.0
ORD-004030,2024-03-28,TRD-002,6,19.99,5.0
ORD-006008,2024-03-28,TRD-007,4,39.99,15.0
ORD-003245,2024-03-28,SEA-004,2,34.99,15.0
ORD-009901,2024-03-28,TRD-003,3,29.99,12.0
ORD-008197,2024-03-28,DED-002,2,8.99,3.0
ORD-005376,2024-03-28,INT-005,2,119.99,45.0
ORD-001241,2024-03-28,STB-009,2,4.99,2.5
ORD-004333,2024-03-28,STB-001,3,9.99,4.0
ORD-004334,2024-03-28,STB-002,4,14.99,6.0
ORD-002328,2024-03-28,TRD-006,3,24.99,10.0
ORD-003780,2024-03-28,SEA-001,2,19.99,8.0
ORD-006778,2024-03-29,SEA-009,2,24.99,10.0
ORD-001158,2024-03-29,STB-010,1,4.49,1.5
ORD-009279,2024-03-29,SEA-004,1,34.99,15.0
ORD-005591,2024-03-29,SEA-004,1,34.99,15.0
ORD-006408,2024-03-29,TRD-004,1,24.99,10.0
ORD-002821,2024-03-29,DED-005,2,24.99,10.0
ORD-008904,2024-03-29,DED-003,2,12.99,5.0
ORD-008398,2024-03-29,SEA-005,4,59.99,25.0
ORD-004251,2024-03-29,DED-001,5,4.99,2.0
ORD-007599,2024-03-30,SEA-006,5,14.99,5.0
ORD-005038,2024-03-30,STB-010,4,4.49,1.5
ORD-001851,2024-03-30,STB-004,2,7.99,3.0
ORD-002688,2024-03-30,TRD-008,5,14.99,3.0
ORD-005675,2024-03-30,SEA-007,3,11.99,4.0
ORD-008192,2024-03-30,SEA-010,3,14.99,6.0
ORD-005691,2024-03-30,DED-005,4,24.99,10.0
ORD-006891,2024-03-30,DED-004,2,9.99,4.0
ORD-001166,2024-03-30,STB-005,2,6.99,2.5
ORD-004279,2024-03-30,STB-008,1,3.99,1.5
ORD-006906,2024-03-30,DED-004,4,9.99,4.0
ORD-006563,2024-03-30,DED-002,2,8.99,3.0
ORD-005730,2024-03-30,DED-002,2,8.99,3.0
ORD-006560,2024-03-30,STB-010,4,4.49,1.5
ORD-003903,2024-03-30,DED-004,3,9.99,4.0
ORD-009202,2024-03-30,SEA-001,6,19.99,8.0
ORD-004548,2024-03-31,DED-004,7,9.99,4.0
ORD-001504,2024-03-31,DED-003,2,12.99,5.0
ORD-009173,2024-03-31,DED-005,6,24.99,10.0
ORD-008791,2024-03-31,STB-007,2,5.99,2.0
ORD-001767,2024-03-31,TRD-004,3,24.99,10.0
ORD-006541,2024-03-31,DED-004,4,9.99,4.0
ORD-005531,2024-03-31,STB-001,1,9.99,4.0
ORD-007632,2024-03-31,STB-002,3,14.99,6.0
ORD-005786,2024-03-31,SEA-001,1,19.99,8.0
ORD-001445,2024-03-31,INT-001,6,19.99,8.0
ORD-003170,2024-03-31,STB-010,9,4.49,1.5
ORD-000327,2024-03-31,TRD-003,4,29.99,12.0
ORD-000923,2024-04-01,STB-005,2,6.99,2.5
ORD-008720,2024-04-01,SEA-002,4,9.99,3.5
ORD-006012,2024-04-01,DED-004,4,9.99,4.0
ORD-009565,2024-04-01,STB-002,6,14.99,6.0
ORD-003578,2024-04-01,STB-001,1,9.99,4.0
ORD-006806,2024-04-01,TRD-008,7,14.99,3.0
ORD-002390,2024-04-01,STB-008,4,3.99,1.5
ORD-000478,2024-04-01,SEA-005,5,59.99,25.0
ORD-006480,2024-04-01,TRD-007,4,39.99,15.0
ORD-000455,2024-04-01,SEA-001,2,19.99,8.0
ORD-006240,2024-04-01,DED-001,1,4.99,2.0
ORD-000777,2024-04-01,TRD-001,1,39.99,15.0
ORD-003765,2024-04-01,TRD-007,3,39.99,15.0
ORD-003405,2024-04-01,STB-007,6,5.99,2.0
ORD-007961,2024-04-01,STB-002,3,14.99,6.0
ORD-003091,2024-04-01,TRD-004,6,24.99,10.0
ORD-001435,2024-04-01,TRD-004,5,24.99,10.0
ORD-003009,2024-04-01,DED-003,3,12.99,5.0
ORD-001235,2024-04-01,STB-010,1,4.49,1.5
ORD-008302,2024-04-01,STB-006,2,7.99,3.0
ORD-002767,2024-04-01,STB-006,2,7.99,3.0
ORD-001123,2024-04-01,INT-002,1,99.99,40.0
ORD-007875,2024-04-02,SEA-008,6,5.99,2.0
ORD-006605,2024-04-02,DED-002,3,8.99,3.0
ORD-006184,2024-04-02,DED-005,3,24.99,10.0
ORD-006124,2024-04-02,SEA-008,7,5.99,2.0
ORD-001958,2024-04-02,SEA-001,6,19.99,8.0
ORD-005695,2024-04-02,DED-002,3,8.99,3.0
ORD-005400,2024-04-02,TRD-004,2,24.99,10.0
ORD-000058,2024-04-02,TRD-002,7,19.99,5.0
ORD-004368,2024-04-02,STB-002,4,14.99,6.0
ORD-003373,2024-04-02,TRD-002,10,19.99,5.0
ORD-004352,2024-04-02,SEA-002,6,9.99,3.5
ORD-008803,2024-04-03,SEA-004,6,34.99,15.0
ORD-004353,2024-04-03,TRD-008,2,14.99,3.0
ORD-009450,2024-04-03,DED-001,2,4.99,2.0
ORD-001258,2024-04-03,INT-002,4,99.99,40.0
ORD-001820,2024-04-03,SEA-008,7,5.99,2.0
ORD-002531,2024-04-03,STB-008,2,3.99,1.5
ORD-004497,2024-04-03,TRD-002,6,19.99,5.0
ORD-005521,2024-04-03,INT-003,2,59.99,25.0
ORD-007827,2024-04-03,TRD-006,5,24.99,10.0
ORD-007076,2024-04-03,DED-004,2,9.99,4.0
ORD-001659,2024-04-03,DED-001,2,4.99,2.0
ORD-006327,2024-04-03,STB-009,2,4.99,2.5
ORD-008072,2024-04-03,STB-005,1,6.99,2.5
ORD-002610,2024-04-04,DED-003,5,12.99,5.0
ORD-004523,2024-04-04,TRD-007,6,39.99,15.0
ORD-000494,2024-04-04,SEA-010,5,14.99,6.0
ORD-009538,2024-04-04,SEA-007,3,11.99,4.0
ORD-003479,2024-04-04,TRD-004,2,24.99,10.0
ORD-003880,2024-04-04,DED-003,6,12.99,5.0
ORD-003306,2024-04-04,STB-010,5,4.49,1.5
ORD-000637,2024-04-04,SEA-009,8,24.99,10.0
ORD-007456,2024-04-04,STB-006,3,7.99,3.0
ORD-007514,2024-04-04,TRD-005,2,19.99,8.0
ORD-001743,2024-04-04,DED-001,3,4.99,2.0
ORD-001376,2024-04-04,STB-002,1,14.99,6.0
ORD-006363,2024-04-04,DED-004,3,9.99,4.0
ORD-007767,2024-04-05,DED-002,4,8.99,3.0
ORD-003242,2024-04-05,SEA-005,7,59.99,25.0
ORD-007206,2024-04-05,STB-007,4,5.99,2.0
ORD-005094,2024-04-05,STB-004,5,7.99,3.0
ORD-002935,2024-04-05,STB-009,1,4.99,2.5
ORD-005406,2024-04-05,TRD-003,4,29.99,12.0
ORD-000473,2024-04-05,STB-002,1,14.99,6.0
ORD-002226,2024-04-05,DED-001,1,4.99,2.0
ORD-008209,2024-04-05,TRD-003,10,29.99,12.0
ORD-004844,2024-04-05,SEA-010,2,14.99,6.0
ORD-006938,2024-04-05,DED-004,4,9.99,4.0
ORD-007474,2024-04-05,SEA-010,9,14.99,6.0
ORD-004992,2024-04-06,DED-002,3,8.99,3.0
ORD-001033,2024-04-06,DED-005,7,24.99,10.0
ORD-005903,2024-04-06,DED-002,5,8.99,3.0
ORD-009040,2024-04-06,STB-005,1,6.99,2.5
ORD-009024,2024-04-06,TRD-007,7,39.99,15.0
ORD-000416,2024-04-06,TRD-003,1,29.99,12.0
ORD-002257,2024-04-06,SEA-002,4,9.99,3.5
ORD-008468,2024-04-06,STB-009,2,4.99,2.5
ORD-007445,2024-04-06,STB-004,2,7.99,3.0
ORD-006347,2024-04-07,STB-009,5,4.99,2.5
ORD-008486,2024-04-07,SEA-004,6,34.99,15.0
ORD-007888,2024-04-07,TRD-006,1,24.99,10.0
ORD-009784,2024-04-07,TRD-004,5,24.99,10.0
ORD-002181,2024-04-07,SEA-001,5,19.99,8.0
ORD-002854,2024-04-07,DED-003,3,12.99,5.0
ORD-009748,2024-04-07,DED-005,1,24.99,10.0
ORD-000308,2024-04-07,STB-004,3,7.99,3.0
ORD-003522,2024-04-07,STB-008,2,3.99,1.5
ORD-007652,2024-04-07,DED-001,2,4.99,2.0
ORD-000294,2024-04-07,TRD-006,5,24.99,10.0
ORD-008656,2024-04-07,STB-002,3,14.99,6.0
ORD-001914,2024-04-07,DED-002,1,8.99,3.0
ORD-008148,2024-04-08,TRD-001,6,39.99,15.0
ORD-001004,2024-04-08,TRD-004,7,24.99,10.0
ORD-007656,2024-04-08,TRD-006,5,24.99,10.0
ORD-005479,2024-04-08,SEA-005,2,59.99,25.0
ORD-006802,2024-04-08,SEA-003,7,29.99,12.0
ORD-006136,2024-04-08,SEA-001,5,19.99,8.0
ORD-002367,2024-04-09,TRD-007,4,39.99,15.0
ORD-002224,2024-04-09,SEA-007,4,11.99,4.0
ORD-005702,2024-04-09,DED-004,1,9.99,4.0
ORD-001686,2024-04-09,STB-002,4,14.99,6.0
ORD-000641,2024-04-09,TRD-003,7,29.99,12.0
ORD-005170,2024-04-09,SEA-008,8,5.99,2.0
ORD-006511,2024-04-09,STB-006,5,7.99,3.0
ORD-002013,2024-04-09,DED-003,1,12.99,5.0
ORD-000325,2024-04-09,SEA-008,6,5.99,2.0
ORD-004601,2024-04-09,TRD-002,1,19.99,5.0
ORD-009540,2024-04-09,STB-010,1,4.49,1.5
ORD-001926,2024-04-09,INT-007,4,179.99,70.0
ORD-004575,2024-04-10,INT-004,2,149.99,60.0
ORD-008906,2024-04-10,TRD-007,6,39.99,15.0
ORD-003444,2024-04-10,STB-001,1,9.99,4.0
ORD-000726,2024-04-10,DED-004,4,9.99,4.0
ORD-005291,2024-04-10,STB-010,2,4.49,1.5
ORD-003176,2024-04-10,STB-009,3,4.99,2.5
ORD-004376,2024-04-10,DED-004,2,9.99,4.0
ORD-006913,2024-04-10,STB-001,6,9.99,4.0
ORD-000839,2024-04-10,STB-004,4,7.99,3.0
ORD-001608,2024-04-10,STB-003,1,12.99,5.0
ORD-001959,2024-04-10,DED-005,3,24.99,10.0
ORD-008424,2024-04-10,SEA-001,6,19.99,8.0
ORD-005496,2024-04-10,DED-004,1,9.99,4.0
ORD-009016,2024-04-11,DED-002,2,8.99,3.0
ORD-003747,2024-04-11,STB-008,1,3.99,1.5
ORD-004086,2024-04-11,STB-010,2,4.49,1.5
ORD-000685,2024-04-11,TRD-002,1,19.99,5.0
ORD-007963,2024-04-11,TRD-004,4,24.99,10.0
ORD-000228,2024-04-11,STB-006,1,7.99,3.0
ORD-005690,2024-04-11,DED-001,5,4.99,2.0
ORD-000804,2024-04-11,TRD-008,3,14.99,3.0
ORD-005987,2024-04-11,DED-005,4,24.99,10.0
ORD-007378,2024-04-11,DED-005,5,24.99,10.0
ORD-004211,2024-04-11,TRD-006,6,24.99,10.0
ORD-009822,2024-04-11,SEA-008,5,5.99,2.0
ORD-003053,2024-04-11,STB-007,7,5.99,2.0
ORD-008366,2024-04-11,STB-005,5,6.99,2.5
ORD-005426,2024-04-11,SEA-005,4,59.99,25.0
ORD-006981,2024-04-11,DED-001,6,4.99,2.0
ORD-002471,2024-04-11,STB-006,4,7.99,3.0
ORD-007319,2024-04-11,SEA-005,6,59.99,25.0
ORD-007749,2024-04-11,SEA-005,5,59.99,25.0
ORD-007542,2024-04-12,INT-001,3,19.99,8.0
ORD-008916,2024-04-12,DED-001,3,4.99,2.0
ORD-007244,2024-04-12,STB-008,1,3.99,1.5
ORD-003770,2024-04-12,DED-001,3,4.99,2.0
ORD-005802,2024-04-12,TRD-004,3,24.99,10.0
ORD-003193,2024-04-12,DED-003,3,12.99,5.0
ORD-006179,2024-04-12,TRD-002,4,19.99,5.0
ORD-008942,2024-04-12,SEA-008,5,5.99,2.0
ORD-005877,2024-04-12,STB-001,3,9.99,4.0
ORD-005405,2024-04-12,SEA-006,4,14.99,5.0
ORD-002801,2024-04-12,STB-010,4,4.49,1.5
ORD-002135,2024-04-12,DED-002,4,8.99,3.0
ORD-005297,2024-04-12,TRD-006,3,24.99,10.0
ORD-006928,2024-04-12,STB-003,1,12.99,5.0
ORD-004519,2024-04-12,STB-010,4,4.49,1.5
ORD-006430,2024-04-12,DED-005,5,24.99,10.0
ORD-007358,2024-04-13,TRD-007,5,39.99,15.0
ORD-007016,2024-04-13,SEA-003,3,29.99,12.0
ORD-005188,2024-04-13,TRD-007,3,39.99,15.0
ORD-003649,2024-04-13,TRD-002,2,19.99,5.0
ORD-008938,2024-04-13,TRD-003,2,29.99,12.0
ORD-006367,2024-04-13,DED-005,4,24.99,10.0
ORD-005166,2024-04-13,SEA-006,7,14.99,5.0
ORD-006043,2024-04-13,TRD-001,3,39.99,15.0
ORD-000856,2024-04-13,INT-002,1,99.99,40.0
ORD-006072,2024-04-13,STB-010,6,4.49,1.5
ORD-009108,2024-04-13,DED-002,3,8.99,3.0
ORD-008701,2024-04-13,TRD-006,5,24.99,10.0
ORD-006779,2024-04-14,DED-005,1,24.99,10.0
ORD-003763,2024-04-14,TRD-005,4,19.99,8.0
ORD-005510,2024-04-14,DED-005,4,24.99,10.0
ORD-008214,2024-04-14,STB-008,2,3.99,1.5
ORD-001434,2024-04-14,DED-005,1,24.99,10.0
ORD-004578,2024-04-14,TRD-006,5,24.99,10.0
ORD-002311,2024-04-14,SEA-009,7,24.99,10.0
ORD-001100,2024-04-14,STB-001,3,9.99,4.0
ORD-009785,2024-04-14,SEA-007,3,11.99,4.0
ORD-001971,2024-04-14,STB-006,4,7.99,3.0
ORD-009569,2024-04-14,SEA-010,6,14.99,6.0
ORD-005685,2024-04-14,DED-001,1,4.99,2.0
ORD-005346,2024-04-14,DED-003,4,12.99,5.0
ORD-009366,2024-04-14,DED-001,5,4.99,2.0
ORD-004109,2024-04-14,DED-005,5,24.99,10.0
ORD-008614,2024-04-14,DED-001,3,4.99,2.0
ORD-001715,2024-04-14,DED-004,2,9.99,4.0
ORD-000921,2024-04-14,SEA-009,4,24.99,10.0
ORD-001585,2024-04-14,DED-004,1,9.99,4.0
ORD-009971,2024-04-14,STB-010,1,4.49,1.5
ORD-004886,2024-04-14,TRD-001,3,39.99,15.0
ORD-001976,2024-04-15,DED-005,3,24.99,10.0
ORD-003565,2024-04-15,SEA-003,7,29.99,12.0
ORD-001038,2024-04-15,STB-006,7,7.99,3.0
ORD-009013,2024-04-15,SEA-005,4,59.99,25.0
ORD-008786,2024-04-15,STB-003,2,12.99,5.0
ORD-009265,2024-04-15,SEA-007,6,11.99,4.0
ORD-000628,2024-04-15,TRD-001,3,39.99,15.0
ORD-007781,2024-04-15,TRD-004,2,24.99,10.0
ORD-006552,2024-04-15,STB-007,1,5.99,2.0
ORD-005895,2024-04-15,STB-007,5,5.99,2.0
ORD-005669,2024-04-15,TRD-004,4,24.99,10.0
ORD-008983,2024-04-15,SEA-009,7,24.99,10.0
ORD-004928,2024-04-15,TRD-008,2,14.99,3.0
ORD-007878,2024-04-15,DED-003,2,12.99,5.0
ORD-000817,2024-04-15,INT-004,9,149.99,60.0
ORD-009334,2024-04-15,TRD-006,6,24.99,10.0
ORD-003409,2024-04-16,SEA-010,5,14.99,6.0
ORD-008043,2024-04-16,DED-003,1,12.99,5.0
ORD-000200,2024-04-16,STB-003,3,12.99,5.0
ORD-000793,2024-04-16,SEA-010,5,14.99,6.0
ORD-008196,2024-04-16,DED-005,1,24.99,10.0
ORD-006237,2024-04-16,STB-004,4,7.99,3.0
ORD-005363,2024-04-16,DED-005,3,24.99,10.0
ORD-008279,2024-04-16,DED-003,2,12.99,5.0
ORD-002921,2024-04-16,TRD-008,5,14.99,3.0
ORD-007851,2024-04-16,SEA-002,7,9.99,3.5
ORD-009106,2024-04-16,TRD-006,4,24.99,10.0
ORD-008961,2024-04-16,DED-001,6,4.99,2.0
ORD-001484,2024-04-16,DED-005,1,24.99,10.0
ORD-001867,2024-04-17,SEA-003,5,29.99,12.0
ORD-004143,2024-04-17,DED-002,3,8.99,3.0
ORD-008096,2024-04-17,INT-004,6,149.99,60.0
ORD-008117,2024-04-17,TRD-003,1,29.99,12.0
ORD-009815,2024-04-17,SEA-001,7,19.99,8.0
ORD-004243,2024-04-17,STB-002,1,14.99,6.0
ORD-007122,2024-04-17,STB-002,1,14.99,6.0
ORD-002528,2024-04-17,INT-004,3,149.99,60.0
ORD-001929,2024-04-18,STB-006,3,7.99,3.0
ORD-002293,2024-04-18,STB-008,2,3.99,1.5
ORD-008694,2024-04-18,STB-006,4,7.99,3.0
ORD-001163,2024-04-18,STB-009,3,4.99,2.5
ORD-005643,2024-04-18,DED-001,6,4.99,2.0
ORD-005204,2024-04-18,DED-001,4,4.99,2.0
ORD-000210,2024-04-18,STB-009,4,4.99,2.5
ORD-005460,2024-04-19,DED-005,3,24.99,10.0
ORD-007976,2024-04-19,SEA-010,7,14.99,6.0
ORD-005969,2024-04-19,DED-005,3,24.99,10.0
ORD-002323,2024-04-19,SEA-002,7,9.99,3.5
ORD-000518,2024-04-19,SEA-002,5,9.99,3.5
ORD-005626,2024-04-19,STB-008,2,3.99,1.5
ORD-002523,2024-04-19,SEA-004,9,34.99,15.0
ORD-006759,2024-04-19,SEA-005,6,59.99,25.0
ORD-009290,2024-04-19,DED-003,5,12.99,5.0
ORD-000727,2024-04-19,TRD-001,6,39.99,15.0
ORD-005654,2024-04-19,TRD-007,3,39.99,15.0
ORD-004157,2024-04-19,DED-005,4,24.99,10.0
ORD-004482,2024-04-20,SEA-008,4,5.99,2.0
ORD-002596,2024-04-20,SEA-008,2,5.99,2.0
ORD-008249,2024-04-20,STB-003,2,12.99,5.0
ORD-005085,2024-04-20,STB-009,2,4.99,2.5
ORD-009490,2024-04-20,DED-002,2,8.99,3.0
ORD-001619,2024-04-20,TRD-002,2,19.99,5.0
ORD-000880,2024-04-20,TRD-008,2,14.99,3.0
ORD-005629,2024-04-20,SEA-004,9,34.99,15.0
ORD-000123,2024-04-20,SEA-004,9,34.99,15.0
ORD-005750,2024-04-20,STB-001,5,9.99,4.0
ORD-007415,2024-04-20,STB-008,5,3.99,1.5
ORD-008453,2024-04-20,DED-003,1,12.99,5.0
ORD-001784,2024-04-21,STB-006,4,7.99,3.0
ORD-006375,2024-04-21,INT-001,2,19.99,8.0
ORD-006818,2024-04-21,SEA-005,2,59.99,25.0
ORD-007596,2024-04-21,STB-006,2,7.99,3.0
ORD-002383,2024-04-21,TRD-005,2,19.99,8.0
ORD-003818,2024-04-21,INT-006,3,199.99,80.0
ORD-007080,2024-04-21,SEA-004,4,34.99,15.0
ORD-001410,2024-04-21,STB-006,2,7.99,3.0
ORD-008634,2024-04-21,STB-001,1,9.99,4.0
ORD-001825,2024-04-21,SEA-010,6,14.99,6.0
ORD-001053,2024-04-21,STB-005,1,6.99,2.5
ORD-005030,2024-04-21,DED-003,5,12.99,5.0
ORD-006610,2024-04-22,SEA-001,11,19.99,8.0
ORD-001998,2024-04-22,SEA-001,10,19.99,8.0
ORD-009363,2024-04-22,STB-005,2,6.99,2.5
ORD-005618,2024-04-22,INT-001,1,19.99,8.0
ORD-009376,2024-04-22,STB-006,5,7.99,3.0
ORD-007457,2024-04-22,STB-007,5,5.99,2.0
ORD-002953,2024-04-22,TRD-008,4,14.99,3.0
ORD-001512,2024-04-22,SEA-007,8,11.99,4.0
ORD-007890,2024-04-22,DED-001,4,4.99,2.0
ORD-008714,2024-04-22,SEA-001,6,19.99,8.0
ORD-007086,2024-04-22,TRD-007,5,39.99,15.0
ORD-002280,2024-04-22,SEA-010,6,14.99,6.0
ORD-002966,2024-04-22,TRD-007,2,39.99,15.0
ORD-003094,2024-04-22,STB-003,4,12.99,5.0
ORD-000624,2024-04-22,SEA-008,7,5.99,2.0
ORD-004843,2024-04-22,DED-005,3,24.99,10.0
ORD-006222,2024-04-22,DED-002,3,8.99,3.0
ORD-001074,2024-04-23,STB-007,2,5.99,2.0
ORD-006785,2024-04-23,SEA-008,6,5.99,2.0
ORD-001524,2024-04-23,TRD-007,5,39.99,15.0
ORD-003052,2024-04-23,TRD-003,3,29.99,12.0
ORD-002451,2024-04-23,STB-002,7,14.99,6.0
ORD-003769,2024-04-23,TRD-008,3,14.99,3.0
ORD-006626,2024-04-24,TRD-003,2,29.99,12.0
ORD-007347,2024-04-24,DED-002,1,8.99,3.0
ORD-002664,2024-04-24,DED-002,3,8.99,3.0
ORD-005672,2024-04-24,DED-002,2,8.99,3.0
ORD-001182,2024-04-24,SEA-009,4,24.99,10.0
ORD-009079,2024-04-24,SEA-003,8,29.99,12.0
ORD-002258,2024-04-24,SEA-004,5,34.99,15.0
ORD-000589,2024-04-24,DED-005,4,24.99,10.0
ORD-003381,2024-04-24,STB-006,5,7.99,3.0
ORD-003527,2024-04-24,INT-007,2,179.99,70.0
ORD-007886,2024-04-24,SEA-005,6,59.99,25.0
ORD-004879,2024-04-24,SEA-001,4,19.99,8.0
ORD-004151,2024-04-24,DED-001,3,4.99,2.0
ORD-006481,2024-04-24,DED-005,6,24.99,10.0
ORD-002147,2024-04-25,DED-001,5,4.99,2.0
ORD-005323,2024-04-25,TRD-006,5,24.99,10.0
ORD-006966,2024-04-25,STB-010,2,4.49,1.5
ORD-002510,2024-04-25,SEA-003,4,29.99,12.0
ORD-007711,2024-04-25,DED-005,6,24.99,10.0
ORD-009695,2024-04-25,SEA-004,6,34.99,15.0
ORD-003131,2024-04-25,DED-003,2,12.99,5.0
ORD-009375,2024-04-25,SEA-010,7,14.99,6.0
ORD-002668,2024-04-25,SEA-010,6,14.99,6.0
ORD-004812,2024-04-25,STB-002,3,14.99,6.0
ORD-002166,2024-04-25,SEA-004,4,34.99,15.0
ORD-009442,2024-04-25,SEA-007,8,11.99,4.0
ORD-004306,2024-04-25,INT-001,1,19.99,8.0
ORD-007780,2024-04-25,SEA-010,4,14.99,6.0
ORD-005339,2024-04-25,STB-009,1,4.99,2.5
ORD-003363,2024-04-25,SEA-009,3,24.99,10.0
ORD-002129,2024-04-25,SEA-004,6,34.99,15.0
ORD-009236,2024-04-26,STB-010,1,4.49,1.5
ORD-003333,2024-04-26,SEA-004,3,34.99,15.0
ORD-001892,2024-04-26,INT-005,2,119.99,45.0
ORD-000422,2024-04-26,SEA-002,7,9.99,3.5
ORD-002275,2024-04-26,SEA-009,10,24.99,10.0
ORD-000370,2024-04-26,TRD-008,10,14.99,3.0
ORD-008066,2024-04-26,SEA-005,5,59.99,25.0
ORD-001691,2024-04-26,DED-005,3,24.99,10.0
ORD-003184,2024-04-26,SEA-001,7,19.99,8.0
ORD-003695,2024-04-26,STB-005,6,6.99,2.5
ORD-008215,2024-04-26,TRD-008,6,14.99,3.0
ORD-003724,2024-04-27,SEA-003,5,29.99,12.0
ORD-009101,2024-04-27,STB-006,4,7.99,3.0
ORD-009990,2024-04-27,STB-008,5,3.99,1.5
ORD-001910,2024-04-27,DED-001,5,4.99,2.0
ORD-004927,2024-04-27,SEA-003,9,29.99,12.0
ORD-002975,2024-04-27,DED-003,2,12.99,5.0
ORD-003709,2024-04-27,DED-002,1,8.99,3.0
ORD-007848,2024-04-28,TRD-002,3,19.99,5.0
ORD-009690,2024-04-28,SEA-001,3,19.99,8.0
ORD-009196,2024-04-28,SEA-005,4,59.99,25.0
ORD-006205,2024-04-28,TRD-005,7,19.99,8.0
ORD-003644,2024-04-28,DED-005,2,24.99,10.0
ORD-009033,2024-04-28,DED-004,2,9.99,4.0
ORD-002116,2024-04-28,STB-009,2,4.99,2.5
ORD-002236,2024-04-28,DED-003,4,12.99,5.0
ORD-004056,2024-04-28,DED-002,4,8.99,3.0
ORD-005174,2024-04-28,DED-001,1,4.99,2.0
ORD-006649,2024-04-28,DED-005,3,24.99,10.0
ORD-005946,2024-04-28,DED-001,2,4.99,2.0
ORD-000513,2024-04-29,SEA-005,6,59.99,25.0
ORD-005390,2024-04-29,STB-009,1,4.99,2.5
ORD-003807,2024-04-29,SEA-006,6,14.99,5.0
ORD-001347,2024-04-29,STB-010,2,4.49,1.5
ORD-005897,2024-04-29,DED-001,2,4.99,2.0
ORD-001941,2024-04-29,SEA-010,8,14.99,6.0
ORD-008007,2024-04-29,DED-002,2,8.99,3.0
ORD-007420,2024-04-29,TRD-001,9,39.99,15.0
ORD-000831,2024-04-29,TRD-008,5,14.99,3.0
ORD-004187,2024-04-29,SEA-003,4,29.99,12.0
ORD-001005,2024-04-29,STB-001,2,9.99,4.0
ORD-004978,2024-04-29,TRD-002,1,19.99,5.0
ORD-008123,2024-04-29,SEA-001,3,19.99,8.0
ORD-004078,2024-04-29,STB-006,1,7.99,3.0
ORD-006949,2024-04-29,DED-003,3,12.99,5.0
ORD-005818,2024-04-29,DED-003,3,12.99,5.0
ORD-008372,2024-04-29,TRD-007,4,39.99,15.0
ORD-002228,2024-04-30,STB-008,5,3.99,1.5
ORD-006736,2024-04-30,DED-003,3,12.99,5.0
ORD-005636,2024-04-30,TRD-001,4,39.99,15.0
ORD-004545,2024-04-30,STB-008,1,3.99,1.5
ORD-008617,2024-04-30,STB-002,1,14.99,6.0
ORD-007023,2024-04-30,TRD-008,3,14.99,3.0
ORD-004466,2024-04-30,DED-003,4,12.99,5.0
ORD-007382,2024-04-30,TRD-001,5,39.99,15.0
ORD-001860,2024-04-30,STB-006,3,7.99,3.0
ORD-008760,2024-04-30,DED-001,4,4.99,2.0
ORD-005964,2024-04-30,DED-004,2,9.99,4.0
ORD-006093,2024-04-30,DED-005,3,24.99,10.0
ORD-002952,2024-04-30,TRD-005,8,19.99,8.0
ORD-008274,2024-04-30,DED-005,5,24.99,10.0
ORD-008410,2024-04-30,STB-009,4,4.99,2.5
ORD-009987,2024-05-01,DED-001,8,4.99,2.0
ORD-004714,2024-05-01,DED-001,1,4.99,2.0
ORD-007506,2024-05-01,DED-002,2,8.99,3.0
ORD-001810,2024-05-01,DED-001,6,4.99,2.0
ORD-003986,2024-05-01,SEA-009,4,24.99,10.0
ORD-002670,2024-05-01,TRD-005,6,19.99,8.0
ORD-001275,2024-05-01,STB-002,4,14.99,6.0
ORD-007931,2024-05-01,INT-002,3,99.99,40.0
ORD-008267,2024-05-01,DED-005,5,24.99,10.0
ORD-006567,2024-05-01,STB-004,1,7.99,3.0
ORD-001857,2024-05-02,SEA-006,9,14.99,5.0
ORD-009048,2024-05-02,STB-002,4,14.99,6.0
ORD-009866,2024-05-02,STB-001,4,9.99,4.0
ORD-003229,2024-05-02,STB-004,4,7.99,3.0
ORD-009710,2024-05-02,INT-005,4,119.99,45.0
ORD-004615,2024-05-02,STB-009,1,4.99,2.5
ORD-006321,2024-05-02,STB-003,3,12.99,5.0
ORD-003683,2024-05-02,SEA-008,11,5.99,2.0
ORD-007813,2024-05-02,TRD-007,2,39.99,15.0
ORD-005250,2024-05-02,DED-002,1,8.99,3.0
ORD-001510,2024-05-02,SEA-009,6,24.99,10.0
ORD-006413,2024-05-02,DED-001,3,4.99,2.0
ORD-000983,2024-05-02,DED-004,8,9.99,4.0
ORD-004292,2024-05-02,STB-004,4,7.99,3.0
ORD-003738,2024-05-02,DED-001,2,4.99,2.0
ORD-000170,2024-05-03,DED-003,6,12.99,5.0
ORD-004118,2024-05-03,STB-002,2,14.99,6.0
ORD-005078,2024-05-03,TRD-007,3,39.99,15.0
ORD-002448,2024-05-03,DED-003,4,12.99,5.0
ORD-006417,2024-05-03,STB-004,2,7.99,3.0
ORD-005616,2024-05-03,DED-003,2,12.99,5.0
ORD-004666,2024-05-03,TRD-007,3,39.99,15.0
ORD-004749,2024-05-03,DED-001,2,4.99,2.0
ORD-007541,2024-05-03,DED-003,1,12.99,5.0
ORD-006534,2024-05-03,DED-005,1,24.99,10.0
ORD-001477,2024-05-03,TRD-003,9,29.99,12.0
ORD-009844,2024-05-03,SEA-010,4,14.99,6.0
ORD-001559,2024-05-03,DED-001,5,4.99,2.0
ORD-002602,2024-05-03,DED-004,4,9.99,4.0
ORD-009861,2024-05-03,SEA-006,6,14.99,5.0
ORD-003595,2024-05-03,DED-003,2,12.99,5.0
ORD-003643,2024-05-03,TRD-001,5,39.99,15.0
ORD-001014,2024-05-03,TRD-006,7,24.99,10.0
ORD-009004,2024-05-04,STB-004,3,7.99,3.0
ORD-004276,2024-05-04,DED-005,5,24.99,10.0
ORD-004005,2024-05-04,DED-003,4,12.99,5.0
ORD-002581,2024-05-04,SEA-005,9,59.99,25.0
ORD-000209,2024-05-04,SEA-005,5,59.99,25.0
ORD-001043,2024-05-05,TRD-006,4,24.99,10.0
ORD-009589,2024-05-05,SEA-003,11,29.99,12.0
ORD-005645,2024-05-05,DED-002,5,8.99,3.0
ORD-005280,2024-05-05,DED-005,2,24.99,10.0
ORD-008246,2024-05-05,DED-004,2,9.99,4.0
ORD-007519,2024-05-05,SEA-001,10,19.99,8.0
ORD-008827,2024-05-05,TRD-001,3,39.99,15.0
ORD-006016,2024-05-05,SEA-008,11,5.99,2.0
ORD-006300,2024-05-05,DED-001,2,4.99,2.0
ORD-008244,2024-05-05,SEA-007,7,11.99,4.0
ORD-005817,2024-05-05,DED-001,3,4.99,2.0
ORD-008393,2024-05-05,DED-001,1,4.99,2.0
ORD-001237,2024-05-05,STB-006,1,7.99,3.0
ORD-007060,2024-05-05,SEA-010,4,14.99,6.0
ORD-004477,2024-05-06,DED-004,5,9.99,4.0
ORD-002101,2024-05-06,DED-002,3,8.99,3.0
ORD-000395,2024-05-06,SEA-003,6,29.99,12.0
ORD-005875,2024-05-06,DED-002,3,8.99,3.0
ORD-000377,2024-05-06,TRD-006,6,24.99,10.0
ORD-000258,2024-05-06,TRD-007,4,39.99,15.0
ORD-004404,2024-05-06,SEA-002,2,9.99,3.5
ORD-008547,2024-05-06,TRD-004,5,24.99,10.0
ORD-006712,2024-05-06,TRD-008,9,14.99,3.0
ORD-004905,2024-05-06,DED-001,2,4.99,2.0
ORD-003281,2024-05-07,STB-001,3,9.99,4.0
ORD-008572,2024-05-07,TRD-004,3,24.99,10.0
ORD-007349,2024-05-07,DED-002,1,8.99,3.0
ORD-000753,2024-05-07,DED-002,1,8.99,3.0
ORD-004321,2024-05-07,SEA-007,7,11.99,4.0
ORD-009635,2024-05-07,SEA-008,5,5.99,2.0
ORD-006875,2024-05-07,SEA-010,7,14.99,6.0
ORD-006257,2024-05-07,SEA-008,4,5.99,2.0
ORD-005256,2024-05-07,STB-003,1,12.99,5.0
ORD-007316,2024-05-07,DED-001,4,4.99,2.0
ORD-000302,2024-05-07,STB-009,4,4.99,2.5
ORD-005196,2024-05-07,INT-007,1,179.99,70.0
ORD-003741,2024-05-07,DED-001,2,4.99,2.0
ORD-004080,2024-05-07,SEA-003,6,29.99,12.0
ORD-000876,2024-05-07,TRD-002,5,19.99,5.0
ORD-009954,2024-05-07,DED-002,2,8.99,3.0
ORD-004729,2024-05-07,STB-009,2,4.99,2.5
ORD-005671,2024-05-07,DED-005,2,24.99,10.0
ORD-002414,2024-05-08,SEA-002,8,9.99,3.5
ORD-008879,2024-05-08,STB-006,4,7.99,3.0
ORD-001034,2024-05-08,DED-002,2,8.99,3.0
ORD-001843,2024-05-08,SEA-008,5,5.99,2.0
ORD-003396,2024-05-08,STB-003,7,12.99,5.0
ORD-009293,2024-05-08,SEA-009,5,24.99,10.0
ORD-009409,2024-05-08,DED-001,4,4.99,2.0
ORD-004483,2024-05-08,DED-004,3,9.99,4.0
ORD-003441,2024-05-08,DED-003,3,12.99,5.0
ORD-005630,2024-05-08,DED-004,3,9.99,4.0
ORD-006451,2024-05-08,DED-001,6,4.99,2.0
ORD-006102,2024-05-09,DED-003,4,12.99,5.0
ORD-002971,2024-05-09,SEA-006,9,14.99,5.0
ORD-002769,2024-05-09,SEA-007,6,11.99,4.0
ORD-001088,2024-05-09,SEA-008,8,5.99,2.0
ORD-007563,2024-05-09,DED-004,2,9.99,4.0
ORD-003067,2024-05-09,DED-002,6,8.99,3.0
ORD-000885,2024-05-09,DED-001,2,4.99,2.0
ORD-001986,2024-05-09,DED-004,5,9.99,4.0
ORD-004490,2024-05-09,STB-009,1,4.99,2.5
ORD-007212,2024-05-09,DED-003,2,12.99,5.0
ORD-002560,2024-05-09,TRD-008,6,14.99,3.0
ORD-007483,2024-05-09,STB-001,3,9.99,4.0
ORD-009476,2024-05-09,TRD-004,2,24.99,10.0
ORD-007593,2024-05-09,INT-004,1,149.99,60.0
ORD-003141,2024-05-09,SEA-009,4,24.99,10.0
ORD-000463,2024-05-09,SEA-009,5,24.99,10.0
ORD-002198,2024-05-09,TRD-001,8,39.99,15.0
ORD-005232,2024-05-10,TRD-008,3,14.99,3.0
ORD-006096,2024-05-10,DED-005,2,24.99,10.0
ORD-002700,2024-05-10,SEA-006,2,14.99,5.0
ORD-004009,2024-05-10,SEA-009,3,24.99,10.0
ORD-004783,2024-05-10,DED-005,3,24.99,10.0
ORD-009812,2024-05-10,DED-003,4,12.99,5.0
ORD-003460,2024-05-10,INT-005,5,119.99,45.0
ORD-006800,2024-05-10,SEA-008,3,5.99,2.0
ORD-002284,2024-05-10,SEA-006,2,14.99,5.0
ORD-009560,2024-05-10,STB-008,3,3.99,1.5
ORD-009556,2024-05-10,DED-004,2,9.99,4.0
ORD-004397,2024-05-10,DED-005,3,24.99,10.0
ORD-001945,2024-05-10,SEA-008,4,5.99,2.0
ORD-001319,2024-05-10,SEA-007,5,11.99,4.0
ORD-002773,2024-05-10,TRD-003,1,29.99,12.0
ORD-001069,2024-05-10,STB-001,4,9.99,4.0
ORD-008322,2024-05-10,TRD-006,4,24.99,10.0
ORD-009091,2024-05-10,SEA-002,5,9.99,3.5
ORD-002200,2024-05-10,SEA-003,4,29.99,12.0
ORD-009190,2024-05-10,STB-006,3,7.99,3.0
ORD-002944,2024-05-11,TRD-006,3,24.99,10.0
ORD-004036,2024-05-11,SEA-007,9,11.99,4.0
ORD-005688,2024-05-11,SEA-007,4,11.99,4.0
ORD-003039,2024-05-11,SEA-005,7,59.99,25.0
ORD-005212,2024-05-11,TRD-006,7,24.99,10.0
ORD-005912,2024-05-11,TRD-001,3,39.99,15.0
ORD-010000,2024-05-11,STB-004,2,7.99,3.0
ORD-000954,2024-05-11,TRD-006,4,24.99,10.0
ORD-009995,2024-05-11,DED-001,2,4.99,2.0
ORD-008559,2024-05-11,TRD-001,6,39.99,15.0
ORD-008089,2024-05-11,SEA-008,10,5.99,2.0
ORD-008519,2024-05-11,DED-005,1,24.99,10.0
ORD-007685,2024-05-11,SEA-006,6,14.99,5.0
ORD-001446,2024-05-11,STB-002,1,14.99,6.0
ORD-009902,2024-05-12,DED-004,4,9.99,4.0
ORD-009259,2024-05-12,SEA-002,6,9.99,3.5
ORD-004942,2024-05-12,TRD-003,6,29.99,12.0
ORD-007850,2024-05-12,STB-005,2,6.99,2.5
ORD-005096,2024-05-12,DED-002,4,8.99,3.0
ORD-002379,2024-05-12,STB-009,2,4.99,2.5
ORD-008814,2024-05-12,DED-004,1,9.99,4.0
ORD-009335,2024-05-12,DED-001,2,4.99,2.0
ORD-007806,2024-05-12,TRD-006,5,24.99,10.0
ORD-004448,2024-05-12,DED-002,5,8.99,3.0
ORD-009168,2024-05-12,INT-003,6,59.99,25.0
ORD-009494,2024-05-12,TRD-002,3,19.99,5.0
ORD-005967,2024-05-12,DED-004,1,9.99,4.0
ORD-003190,2024-05-12,STB-004,3,7.99,3.0
ORD-009550,2024-05-12,STB-006,6,7.99,3.0
ORD-006383,2024-05-12,SEA-008,1,5.99,2.0
ORD-000566,2024-05-12,SEA-003,3,29.99,12.0
ORD-006393,2024-05-12,INT-008,6,299.99,100.0
ORD-007025,2024-05-12,DED-001,2,4.99,2.0
ORD-003151,2024-05-13,SEA-007,7,11.99,4.0
ORD-008171,2024-05-13,SEA-009,4,24.99,10.0
ORD-001723,2024-05-13,DED-004,1,9.99,4.0
ORD-002912,2024-05-13,STB-007,2,5.99,2.0
ORD-007450,2024-05-13,DED-003,5,12.99,5.0
ORD-008218,2024-05-13,STB-008,4,3.99,1.5
ORD-003634,2024-05-13,STB-002,3,14.99,6.0
ORD-008202,2024-05-13,TRD-003,6,29.99,12.0
ORD-002205,2024-05-13,TRD-005,7,19.99,8.0
ORD-003618,2024-05-13,DED-003,3,12.99,5.0
ORD-007834,2024-05-13,TRD-005,4,19.99,8.0
ORD-009179,2024-05-13,TRD-002,9,19.99,5.0
ORD-003476,2024-05-13,TRD-002,3,19.99,5.0
ORD-009968,2024-05-13,TRD-007,3,39.99,15.0
ORD-002745,2024-05-13,SEA-007,8,11.99,4.0
ORD-002460,2024-05-13,SEA-002,7,9.99,3.5
ORD-001493,2024-05-13,DED-003,2,12.99,5.0
ORD-008276,2024-05-13,DED-003,1,12.99,5.0
ORD-008187,2024-05-14,DED-004,6,9.99,4.0
ORD-005247,2024-05-14,STB-010,5,4.49,1.5
ORD-008477,2024-05-14,SEA-003,3,29.99,12.0
ORD-001060,2024-05-14,DED-005,7,24.99,10.0
ORD-000178,2024-05-14,SEA-002,3,9.99,3.5
ORD-002096,2024-05-14,DED-002,3,8.99,3.0
ORD-009739,2024-05-14,SEA-010,7,14.99,6.0
ORD-007290,2024-05-14,STB-001,8,9.99,4.0
ORD-003293,2024-05-14,DED-004,4,9.99,4.0
ORD-002893,2024-05-14,SEA-002,4,9.99,3.5
ORD-000783,2024-05-14,STB-004,2,7.99,3.0
ORD-005789,2024-05-14,STB-003,6,12.99,5.0
ORD-002341,2024-05-14,DED-003,2,12.99,5.0
ORD-000961,2024-05-14,DED-005,3,24.99,10.0
ORD-003142,2024-05-15,DED-001,3,4.99,2.0
ORD-000778,2024-05-15,SEA-003,4,29.99,12.0
ORD-001942,2024-05-15,SEA-010,6,14.99,6.0
ORD-009272,2024-05-15,SEA-007,8,11.99,4.0
ORD-006744,2024-05-15,STB-007,8,5.99,2.0
ORD-007868,2024-05-15,DED-004,4,9.99,4.0
ORD-001717,2024-05-15,SEA-006,6,14.99,5.0
ORD-007292,2024-05-15,DED-003,1,12.99,5.0
ORD-005462,2024-05-15,TRD-007,5,39.99,15.0
ORD-005658,2024-05-15,SEA-002,8,9.99,3.5
ORD-002546,2024-05-15,STB-003,4,12.99,5.0
ORD-003828,2024-05-15,TRD-001,1,39.99,15.0
ORD-003931,2024-05-15,DED-001,2,4.99,2.0
ORD-006559,2024-05-16,STB-003,4,12.99,5.0
ORD-004945,2024-05-16,SEA-008,8,5.99,2.0
ORD-007293,2024-05-16,DED-002,3,8.99,3.0
ORD-005063,2024-05-16,DED-004,4,9.99,4.0
ORD-000482,2024-05-16,TRD-006,6,24.99,10.0
ORD-004809,2024-05-16,DED-002,3,8.99,3.0
ORD-007677,2024-05-16,TRD-003,4,29.99,12.0
ORD-001462,2024-05-16,TRD-003,5,29.99,12.0
ORD-007583,2024-05-16,SEA-008,4,5.99,2.0
ORD-003010,2024-05-16,STB-005,1,6.99,2.5
ORD-001620,2024-05-16,STB-010,4,4.49,1.5
ORD-003090,2024-05-16,STB-007,1,5.99,2.0
ORD-007863,2024-05-16,STB-006,4,7.99,3.0
ORD-002197,2024-05-17,STB-010,5,4.49,1.5
ORD-008779,2024-05-17,SEA-001,5,19.99,8.0
ORD-004906,2024-05-17,STB-010,1,4.49,1.5
ORD-002687,2024-05-17,DED-003,4,12.99,5.0
ORD-002873,2024-05-17,SEA-007,5,11.99,4.0
ORD-007573,2024-05-17,SEA-001,6,19.99,8.0
ORD-003504,2024-05-17,TRD-004,3,24.99,10.0
ORD-003435,2024-05-17,SEA-002,5,9.99,3.5
ORD-008221,2024-05-17,TRD-006,2,24.99,10.0
ORD-008284,2024-05-17,STB-007,4,5.99,2.0
ORD-002450,2024-05-17,TRD-005,5,19.99,8.0
ORD-009742,2024-05-17,DED-005,1,24.99,10.0
ORD-001826,2024-05-17,DED-003,4,12.99,5.0
ORD-000316,2024-05-17,TRD-006,5,24.99,10.0
ORD-000185,2024-05-17,DED-005,1,24.99,10.0
ORD-002980,2024-05-17,STB-006,1,7.99,3.0
ORD-001179,2024-05-17,SEA-002,2,9.99,3.5
ORD-009575,2024-05-18,TRD-001,5,39.99,15.0
ORD-007102,2024-05-18,SEA-008,6,5.99,2.0
ORD-006988,2024-05-18,STB-007,4,5.99,2.0
ORD-002886,2024-05-18,DED-003,2,12.99,5.0
ORD-009082,2024-05-18,DED-003,6,12.99,5.0
ORD-005102,2024-05-18,DED-001,6,4.99,2.0
ORD-003353,2024-05-18,STB-005,3,6.99,2.5
ORD-009326,2024-05-18,STB-006,3,7.99,3.0
ORD-000776,2024-05-18,STB-001,4,9.99,4.0
ORD-001330,2024-05-18,DED-001,1,4.99,2.0
ORD-007007,2024-05-19,DED-002,7,8.99,3.0
ORD-000665,2024-05-19,INT-005,6,119.99,45.0
ORD-008141,2024-05-19,STB-010,1,4.49,1.5
ORD-000588,2024-05-19,DED-003,2,12.99,5.0
ORD-006216,2024-05-19,STB-003,1,12.99,5.0
ORD-005549,2024-05-19,STB-003,3,12.99,5.0
ORD-005536,2024-05-19,SEA-001,5,19.99,8.0
ORD-007249,2024-05-19,DED-002,3,8.99,3.0
ORD-005012,2024-05-19,SEA-001,5,19.99,8.0
ORD-009242,2024-05-19,STB-001,2,9.99,4.0
ORD-003700,2024-05-19,STB-004,2,7.99,3.0
ORD-009482,2024-05-19,DED-002,2,8.99,3.0
ORD-009899,2024-05-19,INT-001,3,19.99,8.0
ORD-005351,2024-05-20,DED-001,2,4.99,2.0
ORD-008179,2024-05-20,STB-001,2,9.99,4.0
ORD-007269,2024-05-20,DED-002,3,8.99,3.0
ORD-001140,2024-05-20,DED-001,4,4.99,2.0
ORD-003473,2024-05-20,STB-009,5,4.99,2.5
ORD-008342,2024-05-20,STB-008,6,3.99,1.5
ORD-001327,2024-05-20,TRD-007,3,39.99,15.0
ORD-008402,2024-05-20,SEA-001,3,19.99,8.0
ORD-008695,2024-05-20,DED-003,2,12.99,5.0
ORD-006917,2024-05-20,DED-002,4,8.99,3.0
ORD-005115,2024-05-20,DED-002,3,8.99,3.0
ORD-002575,2024-05-20,TRD-001,2,39.99,15.0
ORD-008492,2024-05-20,DED-003,3,12.99,5.0
ORD-005810,2024-05-20,SEA-002,6,9.99,3.5
ORD-001465,2024-05-20,SEA-004,4,34.99,15.0
ORD-009976,2024-05-20,INT-001,6,19.99,8.0
ORD-002436,2024-05-21,TRD-006,4,24.99,10.0
ORD-001000,2024-05-21,STB-007,5,5.99,2.0
ORD-008540,2024-05-21,STB-007,7,5.99,2.0
ORD-009059,2024-05-21,TRD-006,5,24.99,10.0
ORD-009543,2024-05-21,SEA-009,8,24.99,10.0
ORD-009227,2024-05-21,DED-005,6,24.99,10.0
ORD-003540,2024-05-21,SEA-007,8,11.99,4.0
ORD-003034,2024-05-21,STB-004,5,7.99,3.0
ORD-001210,2024-05-21,STB-009,5,4.99,2.5
ORD-001774,2024-05-22,SEA-006,6,14.99,5.0
ORD-004622,2024-05-22,SEA-010,3,14.99,6.0
ORD-005190,2024-05-22,SEA-004,6,34.99,15.0
ORD-003148,2024-05-22,SEA-007,13,11.99,4.0
ORD-003568,2024-05-22,STB-010,3,4.49,1.5
ORD-002490,2024-05-22,STB-003,4,12.99,5.0
ORD-003980,2024-05-22,TRD-008,3,14.99,3.0
ORD-002788,2024-05-22,TRD-003,2,29.99,12.0
ORD-001989,2024-05-22,TRD-006,5,24.99,10.0
ORD-008105,2024-05-22,STB-009,2,4.99,2.5
ORD-005503,2024-05-22,SEA-001,6,19.99,8.0
ORD-003240,2024-05-23,STB-009,3,4.99,2.5
ORD-006792,2024-05-23,SEA-006,5,14.99,5.0
ORD-009896,2024-05-23,STB-002,3,14.99,6.0
ORD-002260,2024-05-23,TRD-001,3,39.99,15.0
ORD-000968,2024-05-23,STB-006,1,7.99,3.0
ORD-002217,2024-05-23,DED-002,1,8.99,3.0
ORD-006168,2024-05-23,STB-004,1,7.99,3.0
ORD-005418,2024-05-23,STB-006,3,7.99,3.0
ORD-000164,2024-05-23,SEA-002,8,9.99,3.5
ORD-001404,2024-05-23,DED-002,3,8.99,3.0
ORD-004702,2024-05-23,DED-005,5,24.99,10.0
ORD-006005,2024-05-23,STB-001,3,9.99,4.0
ORD-004369,2024-05-23,STB-001,6,9.99,4.0
ORD-009585,2024-05-23,STB-010,5,4.49,1.5
ORD-008915,2024-05-23,STB-005,6,6.99,2.5
ORD-007264,2024-05-23,SEA-006,9,14.99,5.0
ORD-007857,2024-05-23,DED-001,2,4.99,2.0
ORD-006291,2024-05-24,TRD-001,1,39.99,15.0
ORD-008430,2024-05-24,TRD-002,3,19.99,5.0
ORD-004678,2024-05-24,TRD-007,9,39.99,15.0
ORD-006084,2024-05-24,DED-004,2,9.99,4.0
ORD-005551,2024-05-24,SEA-004,6,34.99,15.0
ORD-006123,2024-05-24,SEA-003,5,29.99,12.0
ORD-007006,2024-05-24,SEA-003,5,29.99,12.0
ORD-009197,2024-05-24,DED-004,2,9.99,4.0
ORD-002488,2024-05-24,DED-001,2,4.99,2.0
ORD-003746,2024-05-25,DED-005,5,24.99,10.0
ORD-006663,2024-05-25,SEA-004,6,34.99,15.0
ORD-001702,2024-05-25,INT-006,1,199.99,80.0
ORD-007174,2024-05-25,TRD-006,2,24.99,10.0
ORD-007844,2024-05-25,TRD-005,5,19.99,8.0
ORD-001780,2024-05-25,DED-002,2,8.99,3.0
ORD-009583,2024-05-25,STB-007,1,5.99,2.0
ORD-007846,2024-05-25,STB-007,5,5.99,2.0
ORD-008106,2024-05-25,SEA-010,3,14.99,6.0
ORD-000560,2024-05-25,STB-009,3,4.99,2.5
ORD-009317,2024-05-25,STB-002,5,14.99,6.0
ORD-003600,2024-05-25,DED-001,1,4.99,2.0
ORD-008953,2024-05-25,STB-006,4,7.99,3.0
ORD-009319,2024-05-25,STB-002,1,14.99,6.0
ORD-009035,2024-05-26,DED-004,4,9.99,4.0
ORD-008374,2024-05-26,SEA-007,1,11.99,4.0
ORD-008156,2024-05-26,TRD-001,2,39.99,15.0
ORD-009674,2024-05-26,SEA-004,4,34.99,15.0
ORD-007859,2024-05-26,DED-002,7,8.99,3.0
ORD-009891,2024-05-26,STB-008,1,3.99,1.5
ORD-000066,2024-05-26,DED-002,2,8.99,3.0
ORD-003474,2024-05-26,STB-003,4,12.99,5.0
ORD-005201,2024-05-26,STB-002,4,14.99,6.0
ORD-004335,2024-05-26,SEA-010,4,14.99,6.0
ORD-006319,2024-05-26,STB-010,3,4.49,1.5
ORD-002424,2024-05-26,STB-001,1,9.99,4.0
ORD-009741,2024-05-26,DED-005,5,24.99,10.0
ORD-007941,2024-05-26,DED-002,4,8.99,3.0
ORD-003605,2024-05-27,DED-004,3,9.99,4.0
ORD-008320,2024-05-27,DED-004,5,9.99,4.0
ORD-006772,2024-05-27,TRD-007,6,39.99,15.0
ORD-000441,2024-05-27,SEA-009,4,24.99,10.0
ORD-006144,2024-05-27,SEA-007,3,11.99,4.0
ORD-002609,2024-05-27,STB-002,2,14.99,6.0
ORD-006039,2024-05-27,TRD-006,3,24.99,10.0
ORD-005289,2024-05-28,STB-002,1,14.99,6.0
ORD-002870,2024-05-28,DED-003,3,12.99,5.0
ORD-003985,2024-05-28,STB-004,2,7.99,3.0
ORD-000795,2024-05-28,STB-010,2,4.49,1.5
ORD-005734,2024-05-28,STB-009,3,4.99,2.5
ORD-002030,2024-05-28,DED-002,3,8.99,3.0
ORD-007051,2024-05-28,DED-002,2,8.99,3.0
ORD-009970,2024-05-28,STB-001,4,9.99,4.0
ORD-007291,2024-05-28,DED-003,1,12.99,5.0
ORD-001954,2024-05-28,DED-005,2,24.99,10.0
ORD-006558,2024-05-28,DED-003,5,12.99,5.0
ORD-008837,2024-05-28,TRD-006,2,24.99,10.0
ORD-009526,2024-05-28,STB-007,4,5.99,2.0
ORD-007348,2024-05-28,DED-001,4,4.99,2.0
ORD-003194,2024-05-28,INT-006,1,199.99,80.0
ORD-006672,2024-05-28,STB-006,2,7.99,3.0
ORD-001263,2024-05-28,DED-003,5,12.99,5.0
ORD-009093,2024-05-28,STB-007,1,5.99,2.0
ORD-000924,2024-05-28,INT-001,1,19.99,8.0
ORD-001401,2024-05-28,SEA-008,3,5.99,2.0
ORD-008035,2024-05-29,SEA-005,4,59.99,25.0
ORD-006059,2024-05-29,SEA-003,3,29.99,12.0
ORD-005594,2024-05-29,STB-007,2,5.99,2.0
ORD-006911,2024-05-29,TRD-001,6,39.99,15.0
ORD-000392,2024-05-29,DED-005,3,24.99,10.0
ORD-002063,2024-05-29,STB-006,1,7.99,3.0
ORD-007068,2024-05-29,DED-005,5,24.99,10.0
ORD-006587,2024-05-29,STB-008,1,3.99,1.5
ORD-007471,2024-05-29,DED-004,3,9.99,4.0
ORD-000814,2024-05-29,STB-003,5,12.99,5.0
ORD-009533,2024-05-29,DED-002,1,8.99,3.0
ORD-003329,2024-05-29,DED-005,7,24.99,10.0
ORD-008514,2024-05-30,DED-004,1,9.99,4.0
ORD-001579,2024-05-30,DED-004,5,9.99,4.0
ORD-008592,2024-05-30,SEA-002,5,9.99,3.5
ORD-000323,2024-05-30,SEA-007,8,11.99,4.0
ORD-008640,2024-05-30,STB-004,4,7.99,3.0
ORD-001918,2024-05-30,TRD-007,1,39.99,15.0
ORD-004668,2024-05-30,SEA-003,10,29.99,12.0
ORD-003095,2024-05-30,TRD-006,6,24.99,10.0
ORD-000086,2024-05-30,SEA-009,7,24.99,10.0
ORD-005649,2024-05-30,DED-003,1,12.99,5.0
ORD-003771,2024-05-31,STB-010,3,4.49,1.5
ORD-005653,2024-05-31,DED-005,1,24.99,10.0
ORD-009979,2024-05-31,STB-008,3,3.99,1.5
ORD-003316,2024-05-31,TRD-006,3,24.99,10.0
ORD-002855,2024-05-31,DED-004,5,9.99,4.0
ORD-002999,2024-05-31,TRD-003,2,29.99,12.0
ORD-000967,2024-05-31,SEA-009,3,24.99,10.0
ORD-004583,2024-05-31,STB-002,4,14.99,6.0
ORD-002815,2024-05-31,TRD-007,8,39.99,15.0
ORD-005287,2024-05-31,DED-002,3,8.99,3.0
ORD-001293,2024-05-31,STB-010,6,4.49,1.5
ORD-005322,2024-05-31,TRD-003,4,29.99,12.0
ORD-008598,2024-05-31,SEA-005,6,59.99,25.0
ORD-006170,2024-06-01,TRD-005,3,19.99,8.0
ORD-009020,2024-06-01,STB-007,1,5.99,2.0
ORD-006856,2024-06-01,SEA-001,4,19.99,8.0
ORD-005928,2024-06-01,DED-003,4,12.99,5.0
ORD-000517,2024-06-01,INT-007,7,179.99,70.0
ORD-006627,2024-06-01,TRD-006,7,24.99,10.0
ORD-009855,2024-06-01,STB-005,5,6.99,2.5
ORD-002075,2024-06-01,SEA-010,11,14.99,6.0
ORD-005974,2024-06-01,TRD-008,5,14.99,3.0
ORD-007024,2024-06-01,DED-001,3,4.99,2.0
ORD-006031,2024-06-01,DED-002,2,8.99,3.0
ORD-000214,2024-06-01,TRD-001,2,39.99,15.0
ORD-006438,2024-06-01,SEA-010,4,14.99,6.0
ORD-004588,2024-06-01,INT-004,5,149.99,60.0
ORD-003822,2024-06-01,TRD-004,4,24.99,10.0
ORD-002718,2024-06-02,STB-002,3,14.99,6.0
ORD-009049,2024-06-02,SEA-010,9,14.99,6.0
ORD-002125,2024-06-02,SEA-004,7,34.99,15.0
ORD-000573,2024-06-02,STB-002,2,14.99,6.0
ORD-009950,2024-06-02,STB-002,4,14.99,6.0
ORD-000042,2024-06-02,DED-005,1,24.99,10.0
ORD-001670,2024-06-02,DED-001,4,4.99,2.0
ORD-006064,2024-06-02,DED-001,4,4.99,2.0
ORD-008297,2024-06-02,STB-009,1,4.99,2.5
ORD-006755,2024-06-02,INT-003,1,59.99,25.0
ORD-006230,2024-06-02,TRD-003,5,29.99,12.0
ORD-004149,2024-06-02,TRD-006,4,24.99,10.0
ORD-006899,2024-06-02,TRD-002,12,19.99,5.0
ORD-004283,2024-06-02,SEA-009,15,24.99,10.0
ORD-001736,2024-06-02,DED-004,3,9.99,4.0
ORD-004400,2024-06-02,STB-003,2,12.99,5.0
ORD-006989,2024-06-02,DED-004,3,9.99,4.0
ORD-000869,2024-06-02,TRD-003,4,29.99,12.0
ORD-003640,2024-06-02,STB-007,3,5.99,2.0
ORD-008692,2024-06-03,DED-005,1,24.99,10.0
ORD-002497,2024-06-03,DED-005,4,24.99,10.0
ORD-004055,2024-06-03,DED-002,2,8.99,3.0
ORD-009007,2024-06-03,DED-005,2,24.99,10.0
ORD-009171,2024-06-03,STB-002,4,14.99,6.0
ORD-003915,2024-06-03,SEA-006,8,14.99,5.0
ORD-001710,2024-06-03,DED-004,1,9.99,4.0
ORD-002329,2024-06-03,STB-005,2,6.99,2.5
ORD-004467,2024-06-03,DED-002,6,8.99,3.0
ORD-005790,2024-06-03,STB-010,1,4.49,1.5
ORD-001993,2024-06-04,DED-004,3,9.99,4.0
ORD-001471,2024-06-04,DED-004,3,9.99,4.0
ORD-000281,2024-06-04,TRD-007,4,39.99,15.0
ORD-002330,2024-06-04,STB-004,2,7.99,3.0
ORD-003388,2024-06-04,SEA-004,7,34.99,15.0
ORD-008455,2024-06-04,STB-004,3,7.99,3.0
ORD-006386,2024-06-04,SEA-001,8,19.99,8.0
ORD-001560,2024-06-04,SEA-005,6,59.99,25.0
ORD-004742,2024-06-04,SEA-002,6,9.99,3.5
ORD-001735,2024-06-04,SEA-003,9,29.99,12.0
ORD-004142,2024-06-04,STB-003,1,12.99,5.0
ORD-002035,2024-06-05,STB-001,2,9.99,4.0
ORD-004305,2024-06-05,DED-003,4,12.99,5.0
ORD-001658,2024-06-05,SEA-006,3,14.99,5.0
ORD-008482,2024-06-05,STB-007,4,5.99,2.0
ORD-003666,2024-06-05,STB-001,5,9.99,4.0
ORD-008325,2024-06-05,SEA-002,1,9.99,3.5
ORD-006565,2024-06-05,STB-010,2,4.49,1.5
ORD-000543,2024-06-05,STB-002,6,14.99,6.0
ORD-004663,2024-06-05,DED-002,3,8.99,3.0
ORD-001950,2024-06-05,STB-001,1,9.99,4.0
ORD-002499,2024-06-05,STB-009,4,4.99,2.5
ORD-001693,2024-06-05,DED-002,4,8.99,3.0
ORD-004667,2024-06-05,SEA-008,3,5.99,2.0
ORD-002157,2024-06-06,SEA-004,7,34.99,15.0
ORD-000730,2024-06-06,DED-001,4,4.99,2.0
ORD-006187,2024-06-06,SEA-004,7,34.99,15.0
ORD-007219,2024-06-06,STB-010,3,4.49,1.5
ORD-006593,2024-06-06,TRD-005,9,19.99,8.0
ORD-008778,2024-06-06,STB-001,7,9.99,4.0
ORD-000905,2024-06-06,STB-007,4,5.99,2.0
ORD-004120,2024-06-06,SEA-010,10,14.99,6.0
ORD-002191,2024-06-06,TRD-002,5,19.99,5.0
ORD-009904,2024-06-06,TRD-004,1,24.99,10.0
ORD-005130,2024-06-06,TRD-001,7,39.99,15.0
ORD-007351,2024-06-06,TRD-008,5,14.99,3.0
ORD-008232,2024-06-06,DED-004,2,9.99,4.0
ORD-001344,2024-06-06,DED-003,7,12.99,5.0
ORD-003836,2024-06-07,SEA-008,10,5.99,2.0
ORD-003832,2024-06-07,SEA-001,6,19.99,8.0
ORD-005709,2024-06-07,SEA-004,8,34.99,15.0
ORD-004281,2024-06-07,SEA-007,8,11.99,4.0
ORD-001106,2024-06-07,STB-006,4,7.99,3.0
ORD-003072,2024-06-07,INT-001,1,19.99,8.0
ORD-004474,2024-06-07,TRD-002,6,19.99,5.0
ORD-002868,2024-06-07,DED-005,3,24.99,10.0
ORD-004716,2024-06-07,STB-010,3,4.49,1.5
ORD-006586,2024-06-07,SEA-007,6,11.99,4.0
ORD-007285,2024-06-07,DED-005,2,24.99,10.0
ORD-007032,2024-06-07,TRD-005,1,19.99,8.0
ORD-001745,2024-06-07,STB-007,2,5.99,2.0
ORD-004234,2024-06-08,STB-009,5,4.99,2.5
ORD-005044,2024-06-08,TRD-002,3,19.99,5.0
ORD-003219,2024-06-08,TRD-008,3,14.99,3.0
ORD-000168,2024-06-08,STB-005,4,6.99,2.5
ORD-002455,2024-06-08,DED-002,3,8.99,3.0
ORD-003268,2024-06-08,SEA-010,10,14.99,6.0
ORD-008061,2024-06-08,DED-001,4,4.99,2.0
ORD-000499,2024-06-08,STB-004,2,7.99,3.0
ORD-004102,2024-06-08,SEA-007,7,11.99,4.0
ORD-007142,2024-06-08,TRD-002,3,19.99,5.0
ORD-007887,2024-06-08,SEA-009,7,24.99,10.0
ORD-006058,2024-06-08,DED-001,1,4.99,2.0
ORD-008499,2024-06-08,STB-006,2,7.99,3.0
ORD-001206,2024-06-09,DED-005,6,24.99,10.0
ORD-009030,2024-06-09,SEA-001,6,19.99,8.0
ORD-008147,2024-06-09,DED-004,3,9.99,4.0
ORD-006950,2024-06-09,STB-005,4,6.99,2.5
ORD-006739,2024-06-09,SEA-006,6,14.99,5.0
ORD-001407,2024-06-09,STB-007,4,5.99,2.0
ORD-006410,2024-06-09,TRD-003,4,29.99,12.0
ORD-005068,2024-06-09,SEA-005,4,59.99,25.0
ORD-004174,2024-06-09,SEA-003,5,29.99,12.0
ORD-009731,2024-06-09,DED-003,4,12.99,5.0
ORD-001317,2024-06-09,STB-002,2,14.99,6.0
ORD-005303,2024-06-09,SEA-003,8,29.99,12.0
ORD-008456,2024-06-09,TRD-005,3,19.99,8.0
ORD-009851,2024-06-09,STB-002,2,14.99,6.0
ORD-003794,2024-06-09,TRD-003,9,29.99,12.0
ORD-003513,2024-06-09,DED-005,3,24.99,10.0
ORD-003213,2024-06-10,DED-005,5,24.99,10.0
ORD-008210,2024-06-10,STB-003,2,12.99,5.0
ORD-007013,2024-06-10,TRD-007,1,39.99,15.0
ORD-004722,2024-06-10,TRD-001,4,39.99,15.0
ORD-005847,2024-06-10,STB-005,5,6.99,2.5
ORD-008993,2024-06-10,DED-002,1,8.99,3.0
ORD-008389,2024-06-10,STB-003,1,12.99,5.0
ORD-001012,2024-06-10,SEA-004,10,34.99,15.0
ORD-006657,2024-06-10,DED-003,1,12.99,5.0
ORD-000162,2024-06-10,STB-003,3,12.99,5.0
ORD-007970,2024-06-10,TRD-002,2,19.99,5.0
ORD-004197,2024-06-10,DED-005,1,24.99,10.0
ORD-009658,2024-06-10,DED-004,2,9.99,4.0
ORD-000338,2024-06-10,DED-002,4,8.99,3.0
ORD-004563,2024-06-10,SEA-005,7,59.99,25.0
ORD-005915,2024-06-10,STB-010,2,4.49,1.5
ORD-000677,2024-06-11,INT-001,1,19.99,8.0
ORD-002910,2024-06-11,TRD-001,4,39.99,15.0
ORD-005573,2024-06-11,SEA-007,4,11.99,4.0
ORD-004150,2024-06-11,DED-005,5,24.99,10.0
ORD-006973,2024-06-11,SEA-002,6,9.99,3.5
ORD-000266,2024-06-11,SEA-003,8,29.99,12.0
ORD-000532,2024-06-11,SEA-003,9,29.99,12.0
ORD-004350,2024-06-11,DED-002,1,8.99,3.0
ORD-002384,2024-06-11,STB-002,1,14.99,6.0
ORD-004357,2024-06-11,SEA-010,7,14.99,6.0
ORD-008172,2024-06-11,DED-003,3,12.99,5.0
ORD-001252,2024-06-12,INT-008,2,299.99,100.0
ORD-000184,2024-06-12,DED-004,2,9.99,4.0
ORD-000933,2024-06-12,SEA-004,10,34.99,15.0
ORD-003033,2024-06-12,STB-003,4,12.99,5.0
ORD-003178,2024-06-12,DED-005,4,24.99,10.0
ORD-008158,2024-06-12,TRD-006,1,24.99,10.0
ORD-001635,2024-06-12,SEA-005,9,59.99,25.0
ORD-000504,2024-06-12,SEA-004,4,34.99,15.0
ORD-005826,2024-06-12,SEA-003,9,29.99,12.0
ORD-008127,2024-06-12,DED-005,1,24.99,10.0
ORD-001763,2024-06-13,STB-005,2,6.99,2.5
ORD-005524,2024-06-13,TRD-008,4,14.99,3.0
ORD-004910,2024-06-13,SEA-001,9,19.99,8.0
ORD-006896,2024-06-13,STB-007,4,5.99,2.0
ORD-000927,2024-06-13,TRD-004,2,24.99,10.0
ORD-009943,2024-06-13,DED-004,1,9.99,4.0
ORD-000129,2024-06-13,TRD-004,5,24.99,10.0
ORD-008749,2024-06-13,DED-001,5,4.99,2.0
ORD-004846,2024-06-13,STB-004,1,7.99,3.0
ORD-008795,2024-06-13,STB-002,6,14.99,6.0
ORD-003438,2024-06-13,INT-004,5,149.99,60.0
ORD-006456,2024-06-13,SEA-005,4,59.99,25.0
ORD-000034,2024-06-14,DED-001,1,4.99,2.0
ORD-006697,2024-06-14,DED-003,2,12.99,5.0
ORD-002924,2024-06-14,DED-001,1,4.99,2.0
ORD-007509,2024-06-14,DED-002,3,8.99,3.0
ORD-002044,2024-06-14,DED-005,1,24.99,10.0
ORD-009231,2024-06-14,DED-004,2,9.99,4.0
ORD-002612,2024-06-14,TRD-002,3,19.99,5.0
ORD-002504,2024-06-14,SEA-001,6,19.99,8.0
ORD-000642,2024-06-14,SEA-009,14,24.99,10.0
ORD-006150,2024-06-14,STB-002,3,14.99,6.0
ORD-005631,2024-06-14,INT-006,2,199.99,80.0
ORD-001893,2024-06-14,STB-006,1,7.99,3.0
ORD-008263,2024-06-14,SEA-002,8,9.99,3.5
ORD-005248,2024-06-14,SEA-008,9,5.99,2.0
ORD-003611,2024-06-15,STB-010,2,4.49,1.5
ORD-000555,2024-06-15,DED-005,4,24.99,10.0
ORD-002478,2024-06-15,SEA-007,6,11.99,4.0
ORD-000113,2024-06-15,DED-005,3,24.99,10.0
ORD-003874,2024-06-15,SEA-004,12,34.99,15.0
ORD-006225,2024-06-15,DED-003,4,12.99,5.0
ORD-003978,2024-06-15,TRD-001,5,39.99,15.0
ORD-005943,2024-06-15,TRD-008,5,14.99,3.0
ORD-007562,2024-06-16,TRD-008,3,14.99,3.0
ORD-000250,2024-06-16,SEA-001,6,19.99,8.0
ORD-000366,2024-06-16,INT-001,1,19.99,8.0
ORD-006665,2024-06-16,SEA-006,8,14.99,5.0
ORD-003499,2024-06-16,DED-004,3,9.99,4.0
ORD-000166,2024-06-16,STB-008,4,3.99,1.5
ORD-003463,2024-06-16,SEA-008,8,5.99,2.0
ORD-005601,2024-06-16,SEA-001,6,19.99,8.0
ORD-002787,2024-06-16,STB-008,1,3.99,1.5
ORD-004939,2024-06-16,SEA-002,12,9.99,3.5
ORD-005349,2024-06-16,DED-001,2,4.99,2.0
ORD-000833,2024-06-16,STB-008,3,3.99,1.5
ORD-007669,2024-06-16,SEA-006,11,14.99,5.0
ORD-007088,2024-06-16,TRD-002,3,19.99,5.0
ORD-008771,2024-06-16,TRD-005,4,19.99,8.0
ORD-000789,2024-06-17,DED-003,4,12.99,5.0
ORD-007765,2024-06-17,SEA-002,8,9.99,3.5
ORD-002033,2024-06-17,DED-005,2,24.99,10.0
ORD-002703,2024-06-17,SEA-005,8,59.99,25.0
ORD-005251,2024-06-17,DED-004,2,9.99,4.0
ORD-001396,2024-06-17,TRD-004,6,24.99,10.0
ORD-004457,2024-06-17,STB-001,2,9.99,4.0
ORD-002281,2024-06-17,STB-010,4,4.49,1.5
ORD-003609,2024-06-17,STB-005,4,6.99,2.5
ORD-009086,2024-06-17,STB-006,2,7.99,3.0
ORD-006364,2024-06-17,DED-004,2,9.99,4.0
ORD-005604,2024-06-17,SEA-004,11,34.99,15.0
ORD-003677,2024-06-17,TRD-005,4,19.99,8.0
ORD-003495,2024-06-17,SEA-005,2,59.99,25.0
ORD-005773,2024-06-17,SEA-004,7,34.99,15.0
ORD-005267,2024-06-18,DED-003,9,12.99,5.0
ORD-007496,2024-06-18,STB-008,3,3.99,1.5
ORD-003889,2024-06-18,DED-004,4,9.99,4.0
ORD-008787,2024-06-18,STB-005,2,6.99,2.5
ORD-001413,2024-06-18,INT-008,6,299.99,100.0
ORD-007751,2024-06-18,SEA-003,11,29.99,12.0
ORD-005059,2024-06-18,DED-003,1,12.99,5.0
ORD-000240,2024-06-18,SEA-010,1,14.99,6.0
ORD-000510,2024-06-18,DED-001,2,4.99,2.0
ORD-009696,2024-06-18,SEA-005,9,59.99,25.0
ORD-000902,2024-06-19,SEA-004,8,34.99,15.0
ORD-004044,2024-06-19,STB-005,1,6.99,2.5
ORD-008746,2024-06-19,TRD-002,2,19.99,5.0
ORD-001305,2024-06-19,SEA-007,7,11.99,4.0
ORD-000095,2024-06-19,SEA-007,7,11.99,4.0
ORD-000591,2024-06-19,STB-008,3,3.99,1.5
ORD-005111,2024-06-19,TRD-008,2,14.99,3.0
ORD-005003,2024-06-19,STB-009,3,4.99,2.5
ORD-007548,2024-06-19,STB-010,2,4.49,1.5
ORD-009270,2024-06-20,TRD-008,4,14.99,3.0
ORD-005816,2024-06-20,DED-003,3,12.99,5.0
ORD-005199,2024-06-20,DED-005,3,24.99,10.0
ORD-006201,2024-06-20,TRD-005,6,19.99,8.0
ORD-001403,2024-06-20,DED-005,2,24.99,10.0
ORD-002758,2024-06-20,DED-001,3,4.99,2.0
ORD-008863,2024-06-20,DED-005,6,24.99,10.0
ORD-007360,2024-06-20,SEA-002,10,9.99,3.5
ORD-008704,2024-06-20,STB-002,1,14.99,6.0
ORD-005687,2024-06-21,SEA-001,10,19.99,8.0
ORD-009857,2024-06-21,SEA-008,8,5.99,2.0
ORD-009863,2024-06-21,SEA-010,9,14.99,6.0
ORD-007618,2024-06-21,SEA-004,7,34.99,15.0
ORD-005554,2024-06-21,STB-009,1,4.99,2.5
ORD-006790,2024-06-21,SEA-005,7,59.99,25.0
ORD-006268,2024-06-21,TRD-001,5,39.99,15.0
ORD-005813,2024-06-21,TRD-008,8,14.99,3.0
ORD-001502,2024-06-21,STB-006,3,7.99,3.0
ORD-007071,2024-06-21,SEA-010,7,14.99,6.0
ORD-006061,2024-06-21,SEA-007,9,11.99,4.0
ORD-002611,2024-06-21,STB-002,4,14.99,6.0
ORD-008220,2024-06-22,STB-002,3,14.99,6.0
ORD-007556,2024-06-22,INT-003,6,59.99,25.0
ORD-001467,2024-06-22,TRD-008,3,14.99,3.0
ORD-006941,2024-06-22,DED-002,3,8.99,3.0
ORD-005547,2024-06-22,DED-001,2,4.99,2.0
ORD-007411,2024-06-22,SEA-005,7,59.99,25.0
ORD-006978,2024-06-22,DED-004,2,9.99,4.0
ORD-009978,2024-06-22,SEA-009,11,24.99,10.0
ORD-001641,2024-06-22,INT-007,4,179.99,70.0
ORD-003681,2024-06-22,SEA-010,3,14.99,6.0
ORD-001934,2024-06-22,DED-005,4,24.99,10.0
ORD-007785,2024-06-22,DED-002,6,8.99,3.0
ORD-000361,2024-06-22,SEA-008,6,5.99,2.0
ORD-006299,2024-06-23,STB-007,1,5.99,2.0
ORD-002932,2024-06-23,DED-004,3,9.99,4.0
ORD-007662,2024-06-23,SEA-003,10,29.99,12.0
ORD-006921,2024-06-23,SEA-003,10,29.99,12.0
ORD-008941,2024-06-23,DED-005,1,24.99,10.0
ORD-008531,2024-06-23,TRD-008,3,14.99,3.0
ORD-002775,2024-06-23,SEA-002,7,9.99,3.5
ORD-000466,2024-06-23,TRD-007,3,39.99,15.0
ORD-002230,2024-06-23,SEA-006,8,14.99,5.0
ORD-002780,2024-06-23,DED-004,2,9.99,4.0
ORD-005740,2024-06-23,SEA-006,10,14.99,5.0
ORD-009321,2024-06-23,SEA-006,12,14.99,5.0
ORD-007041,2024-06-24,SEA-004,7,34.99,15.0
ORD-008551,2024-06-24,STB-005,4,6.99,2.5
ORD-003984,2024-06-24,TRD-004,3,24.99,10.0
ORD-002032,2024-06-24,TRD-001,4,39.99,15.0
ORD-004789,2024-06-24,SEA-004,9,34.99,15.0
ORD-006847,2024-06-24,STB-003,4,12.99,5.0
ORD-006589,2024-06-24,DED-004,1,9.99,4.0
ORD-006960,2024-06-24,SEA-006,4,14.99,5.0
ORD-002907,2024-06-24,INT-008,2,299.99,100.0
ORD-007697,2024-06-24,TRD-004,2,24.99,10.0
ORD-003359,2024-06-24,DED-002,4,8.99,3.0
ORD-005392,2024-06-24,SEA-007,9,11.99,4.0
ORD-002682,2024-06-24,SEA-004,1,34.99,15.0
ORD-004988,2024-06-24,STB-004,3,7.99,3.0
ORD-008939,2024-06-24,STB-002,1,14.99,6.0
ORD-007606,2024-06-25,SEA-008,7,5.99,2.0
ORD-009537,2024-06-25,DED-002,5,8.99,3.0
ORD-000182,2024-06-25,STB-005,7,6.99,2.5
ORD-001720,2024-06-25,DED-001,3,4.99,2.0
ORD-007423,2024-06-25,SEA-010,5,14.99,6.0
ORD-005951,2024-06-25,DED-002,4,8.99,3.0
ORD-005961,2024-06-25,TRD-004,7,24.99,10.0
ORD-003171,2024-06-25,TRD-002,1,19.99,5.0
ORD-003431,2024-06-25,SEA-005,6,59.99,25.0
ORD-003205,2024-06-25,DED-002,3,8.99,3.0
ORD-006079,2024-06-25,DED-003,3,12.99,5.0
ORD-001229,2024-06-25,STB-009,3,4.99,2.5
ORD-009074,2024-06-25,DED-004,3,9.99,4.0
ORD-006681,2024-06-25,STB-005,2,6.99,2.5
ORD-000044,2024-06-25,TRD-001,4,39.99,15.0
ORD-002545,2024-06-25,STB-004,5,7.99,3.0
ORD-006400,2024-06-26,DED-003,3,12.99,5.0
ORD-008681,2024-06-26,STB-001,3,9.99,4.0
ORD-008190,2024-06-26,SEA-007,8,11.99,4.0
ORD-005926,2024-06-26,TRD-005,6,19.99,8.0
ORD-004462,2024-06-26,SEA-005,5,59.99,25.0
ORD-004108,2024-06-26,STB-008,10,3.99,1.5
ORD-006687,2024-06-26,SEA-002,6,9.99,3.5
ORD-008913,2024-06-26,SEA-001,5,19.99,8.0
ORD-005028,2024-06-26,DED-004,2,9.99,4.0
ORD-004731,2024-06-26,STB-005,3,6.99,2.5
ORD-002010,2024-06-26,DED-002,3,8.99,3.0
ORD-008536,2024-06-26,STB-001,1,9.99,4.0
ORD-002428,2024-06-27,STB-005,5,6.99,2.5
ORD-006714,2024-06-27,DED-005,8,24.99,10.0
ORD-008649,2024-06-27,TRD-002,3,19.99,5.0
ORD-000514,2024-06-27,STB-004,5,7.99,3.0
ORD-007151,2024-06-27,DED-004,3,9.99,4.0
ORD-009291,2024-06-27,STB-005,5,6.99,2.5
ORD-004897,2024-06-27,DED-005,4,24.99,10.0
ORD-002194,2024-06-27,STB-010,1,4.49,1.5
ORD-007665,2024-06-27,SEA-006,9,14.99,5.0
ORD-000866,2024-06-27,DED-001,1,4.99,2.0
ORD-004293,2024-06-27,SEA-001,8,19.99,8.0
ORD-002127,2024-06-27,SEA-008,4,5.99,2.0
ORD-005553,2024-06-27,TRD-003,3,29.99,12.0
ORD-002399,2024-06-28,SEA-006,8,14.99,5.0
ORD-008475,2024-06-28,DED-001,5,4.99,2.0
ORD-005126,2024-06-28,STB-005,6,6.99,2.5
ORD-005370,2024-06-28,SEA-010,5,14.99,6.0
ORD-007649,2024-06-28,DED-005,1,24.99,10.0
ORD-009772,2024-06-28,DED-001,1,4.99,2.0
ORD-007021,2024-06-28,DED-003,2,12.99,5.0
ORD-000155,2024-06-28,STB-008,3,3.99,1.5
ORD-000167,2024-06-28,DED-001,4,4.99,2.0
ORD-003782,2024-06-28,DED-002,3,8.99,3.0
ORD-000332,2024-06-28,STB-004,2,7.99,3.0
ORD-000367,2024-06-28,STB-004,3,7.99,3.0
ORD-000838,2024-06-28,DED-004,8,9.99,4.0
ORD-006030,2024-06-28,STB-001,4,9.99,4.0
ORD-006918,2024-06-28,STB-001,5,9.99,4.0
ORD-001692,2024-06-28,TRD-006,2,24.99,10.0
ORD-007259,2024-06-28,SEA-010,5,14.99,6.0
ORD-000792,2024-06-28,TRD-007,4,39.99,15.0
ORD-004062,2024-06-28,STB-010,2,4.49,1.5
ORD-004679,2024-06-28,STB-005,2,6.99,2.5
ORD-003347,2024-06-28,TRD-002,4,19.99,5.0
ORD-002840,2024-06-29,SEA-010,6,14.99,6.0
ORD-004826,2024-06-29,TRD-004,3,24.99,10.0
ORD-003790,2024-06-29,STB-006,4,7.99,3.0
ORD-002843,2024-06-29,SEA-008,13,5.99,2.0
ORD-004215,2024-06-29,DED-002,1,8.99,3.0
ORD-002085,2024-06-29,TRD-005,5,19.99,8.0
ORD-004758,2024-06-29,SEA-002,5,9.99,3.5
ORD-009913,2024-06-29,DED-002,4,8.99,3.0
ORD-000481,2024-06-29,DED-001,2,4.99,2.0
ORD-006655,2024-06-29,SEA-006,10,14.99,5.0
ORD-007073,2024-06-29,STB-006,6,7.99,3.0
ORD-007720,2024-06-29,SEA-010,9,14.99,6.0
ORD-007309,2024-06-29,TRD-006,1,24.99,10.0
ORD-004871,2024-06-29,STB-006,2,7.99,3.0
ORD-007191,2024-06-30,STB-005,2,6.99,2.5
ORD-003493,2024-06-30,STB-002,1,14.99,6.0
ORD-006795,2024-06-30,INT-001,4,19.99,8.0
ORD-000728,2024-06-30,TRD-005,3,19.99,8.0
ORD-004408,2024-06-30,DED-001,1,4.99,2.0
ORD-005222,2024-06-30,SEA-001,10,19.99,8.0
ORD-009256,2024-06-30,STB-006,3,7.99,3.0
ORD-002295,2024-06-30,SEA-006,4,14.99,5.0
ORD-003232,2024-06-30,DED-005,4,24.99,10.0
ORD-002335,2024-06-30,TRD-008,6,14.99,3.0
ORD-009541,2024-06-30,SEA-004,6,34.99,15.0
ORD-003596,2024-06-30,DED-002,3,8.99,3.0
ORD-008756,2024-06-30,STB-001,3,9.99,4.0
ORD-004778,2024-07-01,INT-002,2,99.99,40.0
ORD-004516,2024-07-01,DED-005,3,24.99,10.0
ORD-001429,2024-07-01,STB-009,4,4.99,2.5
ORD-005401,2024-07-01,TRD-001,5,39.99,15.0
ORD-003054,2024-07-01,STB-007,1,5.99,2.0
ORD-003628,2024-07-01,DED-001,4,4.99,2.0
ORD-002407,2024-07-01,STB-010,5,4.49,1.5
ORD-004786,2024-07-01,DED-002,4,8.99,3.0
ORD-005381,2024-07-01,SEA-010,15,14.99,6.0
ORD-006447,2024-07-01,DED-003,2,12.99,5.0
ORD-007215,2024-07-01,TRD-001,3,39.99,15.0
ORD-005087,2024-07-02,SEA-003,10,29.99,12.0
ORD-001587,2024-07-02,TRD-001,6,39.99,15.0
ORD-009153,2024-07-02,STB-003,3,12.99,5.0
ORD-005920,2024-07-02,DED-002,3,8.99,3.0
ORD-006160,2024-07-02,SEA-006,6,14.99,5.0
ORD-003829,2024-07-02,DED-003,4,12.99,5.0
ORD-002549,2024-07-02,TRD-004,4,24.99,10.0
ORD-006414,2024-07-02,STB-006,4,7.99,3.0
ORD-009849,2024-07-02,INT-006,2,199.99,80.0
ORD-002725,2024-07-02,STB-008,6,3.99,1.5
ORD-003572,2024-07-02,STB-005,2,6.99,2.5
ORD-002627,2024-07-02,SEA-002,11,9.99,3.5
ORD-005566,2024-07-02,STB-003,2,12.99,5.0
ORD-001991,2024-07-03,TRD-006,6,24.99,10.0
ORD-005774,2024-07-03,SEA-009,8,24.99,10.0
ORD-002229,2024-07-03,TRD-003,5,29.99,12.0
ORD-003819,2024-07-03,STB-001,7,9.99,4.0
ORD-003274,2024-07-03,TRD-007,1,39.99,15.0
ORD-002088,2024-07-03,STB-007,4,5.99,2.0
ORD-005821,2024-07-03,STB-007,3,5.99,2.0
ORD-000353,2024-07-03,SEA-010,10,14.99,6.0
ORD-002683,2024-07-03,TRD-004,7,24.99,10.0
ORD-008275,2024-07-03,STB-007,2,5.99,2.0
ORD-008087,2024-07-03,DED-005,2,24.99,10.0
ORD-002974,2024-07-03,DED-002,3,8.99,3.0
ORD-004162,2024-07-03,STB-007,7,5.99,2.0
ORD-002799,2024-07-03,DED-004,1,9.99,4.0
ORD-002845,2024-07-04,DED-004,6,9.99,4.0
ORD-005226,2024-07-04,SEA-010,6,14.99,6.0
ORD-002432,2024-07-04,SEA-001,8,19.99,8.0
ORD-000632,2024-07-04,DED-002,6,8.99,3.0
ORD-003234,2024-07-04,DED-002,3,8.99,3.0
ORD-008544,2024-07-04,DED-002,5,8.99,3.0
ORD-009964,2024-07-04,DED-001,3,4.99,2.0
ORD-000976,2024-07-04,DED-004,5,9.99,4.0
ORD-006190,2024-07-04,SEA-001,10,19.99,8.0
ORD-005804,2024-07-04,STB-007,3,5.99,2.0
ORD-005659,2024-07-04,DED-003,1,12.99,5.0
ORD-000711,2024-07-04,STB-006,3,7.99,3.0
ORD-005132,2024-07-04,DED-005,4,24.99,10.0
ORD-001218,2024-07-04,SEA-009,11,24.99,10.0
ORD-006463,2024-07-04,DED-004,3,9.99,4.0
ORD-007980,2024-07-04,DED-002,3,8.99,3.0
ORD-009404,2024-07-04,DED-005,2,24.99,10.0
ORD-007534,2024-07-05,SEA-002,10,9.99,3.5
ORD-005131,2024-07-05,STB-003,1,12.99,5.0
ORD-000534,2024-07-05,SEA-010,9,14.99,6.0
ORD-000448,2024-07-05,SEA-008,8,5.99,2.0
ORD-005423,2024-07-05,SEA-004,11,34.99,15.0
ORD-003026,2024-07-05,TRD-005,3,19.99,8.0
ORD-005021,2024-07-05,DED-004,7,9.99,4.0
ORD-003875,2024-07-05,STB-010,3,4.49,1.5
ORD-006733,2024-07-05,INT-001,4,19.99,8.0
ORD-001450,2024-07-05,STB-004,1,7.99,3.0
ORD-005335,2024-07-06,TRD-001,8,39.99,15.0
ORD-004866,2024-07-06,DED-002,2,8.99,3.0
ORD-009429,2024-07-06,DED-003,2,12.99,5.0
ORD-008783,2024-07-06,SEA-007,9,11.99,4.0
ORD-007611,2024-07-06,SEA-005,12,59.99,25.0
ORD-001116,2024-07-06,SEA-005,9,59.99,25.0
ORD-001600,2024-07-06,TRD-007,4,39.99,15.0
ORD-004564,2024-07-06,TRD-002,2,19.99,5.0
ORD-005434,2024-07-06,INT-008,4,299.99,100.0
ORD-007150,2024-07-06,TRD-008,5,14.99,3.0
ORD-004595,2024-07-06,SEA-006,8,14.99,5.0
ORD-005081,2024-07-06,TRD-001,1,39.99,15.0
ORD-007786,2024-07-06,DED-004,2,9.99,4.0
ORD-004106,2024-07-06,SEA-008,6,5.99,2.0
ORD-006088,2024-07-06,DED-002,6,8.99,3.0
ORD-003537,2024-07-06,TRD-006,1,24.99,10.0
ORD-004022,2024-07-06,DED-003,4,12.99,5.0
ORD-001393,2024-07-07,DED-005,2,24.99,10.0
ORD-009999,2024-07-07,TRD-001,7,39.99,15.0
ORD-002413,2024-07-07,SEA-005,8,59.99,25.0
ORD-000689,2024-07-07,TRD-002,4,19.99,5.0
ORD-009743,2024-07-07,SEA-003,11,29.99,12.0
ORD-004254,2024-07-07,DED-004,5,9.99,4.0
ORD-004959,2024-07-07,DED-004,3,9.99,4.0
ORD-001795,2024-07-07,DED-002,3,8.99,3.0
ORD-007778,2024-07-07,TRD-001,5,39.99,15.0
ORD-007869,2024-07-07,SEA-001,4,19.99,8.0
ORD-002964,2024-07-07,DED-002,2,8.99,3.0
ORD-004618,2024-07-08,DED-002,5,8.99,3.0
ORD-007214,2024-07-08,DED-004,3,9.99,4.0
ORD-008794,2024-07-08,DED-001,2,4.99,2.0
ORD-002568,2024-07-08,STB-007,2,5.99,2.0
ORD-007722,2024-07-08,TRD-001,5,39.99,15.0
ORD-005701,2024-07-08,TRD-007,5,39.99,15.0
ORD-007971,2024-07-08,TRD-008,6,14.99,3.0
ORD-007377,2024-07-09,STB-003,7,12.99,5.0
ORD-004522,2024-07-09,TRD-005,2,19.99,8.0
ORD-004069,2024-07-09,STB-010,3,4.49,1.5
ORD-005456,2024-07-09,SEA-009,10,24.99,10.0
ORD-005806,2024-07-09,SEA-005,6,59.99,25.0
ORD-002371,2024-07-09,SEA-002,11,9.99,3.5
ORD-009283,2024-07-09,DED-002,3,8.99,3.0
ORD-005184,2024-07-09,DED-001,4,4.99,2.0
ORD-009360,2024-07-09,DED-005,4,24.99,10.0
ORD-001194,2024-07-09,STB-009,3,4.99,2.5
ORD-004064,2024-07-09,SEA-004,6,34.99,15.0
ORD-008591,2024-07-09,STB-004,5,7.99,3.0
ORD-009889,2024-07-09,SEA-005,5,59.99,25.0
ORD-005145,2024-07-09,STB-006,3,7.99,3.0
ORD-009075,2024-07-09,TRD-007,7,39.99,15.0
ORD-000894,2024-07-09,SEA-010,14,14.99,6.0
ORD-002054,2024-07-09,SEA-002,4,9.99,3.5
ORD-004764,2024-07-10,SEA-001,15,19.99,8.0
ORD-005698,2024-07-10,DED-005,2,24.99,10.0
ORD-008758,2024-07-10,DED-002,1,8.99,3.0
ORD-006409,2024-07-10,TRD-003,5,29.99,12.0
ORD-002846,2024-07-10,INT-007,3,179.99,70.0
ORD-005043,2024-07-10,DED-003,2,12.99,5.0
ORD-007322,2024-07-10,STB-002,2,14.99,6.0
ORD-003406,2024-07-10,DED-004,3,9.99,4.0
ORD-000359,2024-07-10,SEA-004,7,34.99,15.0
ORD-008793,2024-07-10,TRD-006,5,24.99,10.0
ORD-001476,2024-07-10,SEA-006,12,14.99,5.0
ORD-008970,2024-07-11,DED-003,1,12.99,5.0
ORD-005617,2024-07-11,INT-008,2,299.99,100.0
ORD-000640,2024-07-11,SEA-001,6,19.99,8.0
ORD-007441,2024-07-11,DED-002,3,8.99,3.0
ORD-003944,2024-07-11,TRD-006,9,24.99,10.0
ORD-009076,2024-07-11,STB-007,2,5.99,2.0
ORD-008645,2024-07-11,STB-007,2,5.99,2.0
ORD-007551,2024-07-11,DED-002,5,8.99,3.0
ORD-004943,2024-07-11,STB-007,4,5.99,2.0
ORD-008144,2024-07-11,DED-001,4,4.99,2.0
ORD-008203,2024-07-11,DED-004,1,9.99,4.0
ORD-000136,2024-07-11,TRD-008,4,14.99,3.0
ORD-004464,2024-07-11,INT-003,1,59.99,25.0
ORD-004399,2024-07-11,DED-001,4,4.99,2.0
ORD-000390,2024-07-11,TRD-007,5,39.99,15.0
ORD-009286,2024-07-11,STB-009,3,4.99,2.5
ORD-009933,2024-07-12,STB-007,1,5.99,2.0
ORD-002269,2024-07-12,SEA-001,7,19.99,8.0
ORD-009402,2024-07-12,STB-006,5,7.99,3.0
ORD-007063,2024-07-12,TRD-005,9,19.99,8.0
ORD-006786,2024-07-12,TRD-004,3,24.99,10.0
ORD-003945,2024-07-12,STB-003,4,12.99,5.0
ORD-005696,2024-07-12,STB-006,1,7.99,3.0
ORD-004103,2024-07-12,SEA-004,9,34.99,15.0
ORD-000484,2024-07-12,DED-001,1,4.99,2.0
ORD-005892,2024-07-12,INT-005,2,119.99,45.0
ORD-003080,2024-07-12,SEA-008,13,5.99,2.0
ORD-005089,2024-07-12,STB-005,2,6.99,2.5
ORD-006354,2024-07-12,DED-002,4,8.99,3.0
ORD-003260,2024-07-12,SEA-007,11,11.99,4.0
ORD-004559,2024-07-12,TRD-008,6,14.99,3.0
ORD-001307,2024-07-13,STB-003,3,12.99,5.0
ORD-001437,2024-07-13,DED-005,3,24.99,10.0
ORD-007784,2024-07-13,TRD-004,6,24.99,10.0
ORD-005133,2024-07-13,STB-009,1,4.99,2.5
ORD-009663,2024-07-13,SEA-004,4,34.99,15.0
ORD-008268,2024-07-13,DED-001,2,4.99,2.0
ORD-006143,2024-07-13,DED-004,3,9.99,4.0
ORD-004024,2024-07-13,DED-003,2,12.99,5.0
ORD-000464,2024-07-13,TRD-005,6,19.99,8.0
ORD-004493,2024-07-13,DED-002,3,8.99,3.0
ORD-005829,2024-07-13,SEA-004,8,34.99,15.0
ORD-007143,2024-07-13,SEA-002,7,9.99,3.5
ORD-002208,2024-07-14,DED-002,3,8.99,3.0
ORD-008000,2024-07-14,SEA-009,9,24.99,10.0
ORD-006373,2024-07-14,STB-002,5,14.99,6.0
ORD-002130,2024-07-14,INT-008,3,299.99,100.0
ORD-001707,2024-07-14,DED-001,3,4.99,2.0
ORD-008425,2024-07-14,STB-007,4,5.99,2.0
ORD-004804,2024-07-14,TRD-005,5,19.99,8.0
ORD-001906,2024-07-14,SEA-007,8,11.99,4.0
ORD-007805,2024-07-14,DED-001,2,4.99,2.0
ORD-000870,2024-07-15,TRD-004,3,24.99,10.0
ORD-000223,2024-07-15,TRD-001,3,39.99,15.0
ORD-001086,2024-07-15,DED-004,1,9.99,4.0
ORD-001637,2024-07-15,STB-004,1,7.99,3.0
ORD-004827,2024-07-15,STB-005,5,6.99,2.5
ORD-008047,2024-07-15,SEA-010,10,14.99,6.0
ORD-009856,2024-07-15,TRD-008,7,14.99,3.0
ORD-004042,2024-07-15,TRD-002,7,19.99,5.0
ORD-009262,2024-07-15,TRD-002,5,19.99,5.0
ORD-003645,2024-07-15,SEA-003,9,29.99,12.0
ORD-006654,2024-07-15,DED-001,1,4.99,2.0
ORD-003812,2024-07-15,DED-003,3,12.99,5.0
ORD-005177,2024-07-15,DED-003,6,12.99,5.0
ORD-005840,2024-07-15,STB-008,4,3.99,1.5
ORD-007862,2024-07-15,DED-002,7,8.99,3.0
ORD-004346,2024-07-15,DED-002,3,8.99,3.0
ORD-003730,2024-07-15,DED-002,6,8.99,3.0
ORD-007236,2024-07-16,SEA-006,12,14.99,5.0
ORD-008368,2024-07-16,TRD-006,6,24.99,10.0
ORD-005361,2024-07-16,TRD-006,2,24.99,10.0
ORD-001363,2024-07-16,SEA-006,7,14.99,5.0
ORD-003192,2024-07-16,SEA-009,8,24.99,10.0
ORD-000713,2024-07-16,STB-010,5,4.49,1.5
ORD-001458,2024-07-16,SEA-003,13,29.99,12.0
ORD-000791,2024-07-16,SEA-007,5,11.99,4.0
ORD-008977,2024-07-16,STB-002,6,14.99,6.0
ORD-001349,2024-07-16,DED-002,4,8.99,3.0
ORD-009720,2024-07-17,DED-001,1,4.99,2.0
ORD-004257,2024-07-17,STB-007,4,5.99,2.0
ORD-002561,2024-07-17,STB-009,2,4.99,2.5
ORD-006829,2024-07-17,SEA-005,13,59.99,25.0
ORD-002173,2024-07-17,TRD-005,2,19.99,8.0
ORD-008583,2024-07-17,INT-001,3,19.99,8.0
ORD-006852,2024-07-17,SEA-009,8,24.99,10.0
ORD-000137,2024-07-17,SEA-004,12,34.99,15.0
ORD-000746,2024-07-17,DED-002,3,8.99,3.0
ORD-008431,2024-07-17,DED-003,1,12.99,5.0
ORD-009747,2024-07-18,SEA-004,7,34.99,15.0
ORD-008181,2024-07-18,TRD-003,1,29.99,12.0
ORD-008621,2024-07-18,DED-001,2,4.99,2.0
ORD-001312,2024-07-18,STB-003,3,12.99,5.0
ORD-008478,2024-07-18,SEA-009,8,24.99,10.0
ORD-009886,2024-07-18,STB-010,2,4.49,1.5
ORD-006457,2024-07-18,STB-007,5,5.99,2.0
ORD-009859,2024-07-18,SEA-008,7,5.99,2.0
ORD-001721,2024-07-18,SEA-007,8,11.99,4.0
ORD-008006,2024-07-18,DED-005,5,24.99,10.0
ORD-004393,2024-07-18,DED-005,2,24.99,10.0
ORD-004373,2024-07-18,STB-004,2,7.99,3.0
ORD-001364,2024-07-18,STB-007,2,5.99,2.0
ORD-003321,2024-07-18,SEA-004,12,34.99,15.0
ORD-005453,2024-07-18,DED-001,2,4.99,2.0
ORD-008151,2024-07-18,STB-002,2,14.99,6.0
ORD-009138,2024-07-19,STB-010,3,4.49,1.5
ORD-008532,2024-07-19,SEA-007,13,11.99,4.0
ORD-003487,2024-07-19,TRD-002,1,19.99,5.0
ORD-002962,2024-07-19,DED-003,3,12.99,5.0
ORD-000446,2024-07-19,STB-007,1,5.99,2.0
ORD-005587,2024-07-19,DED-001,3,4.99,2.0
ORD-005484,2024-07-19,TRD-007,6,39.99,15.0
ORD-001582,2024-07-19,STB-005,3,6.99,2.5
ORD-006308,2024-07-19,SEA-009,12,24.99,10.0
ORD-006147,2024-07-19,SEA-003,11,29.99,12.0
ORD-004027,2024-07-19,TRD-005,3,19.99,8.0
ORD-003000,2024-07-19,SEA-002,10,9.99,3.5
ORD-003357,2024-07-19,SEA-002,9,9.99,3.5
ORD-004032,2024-07-20,SEA-002,13,9.99,3.5
ORD-004469,2024-07-20,SEA-008,7,5.99,2.0
ORD-008822,2024-07-20,TRD-003,4,29.99,12.0
ORD-005904,2024-07-20,SEA-005,8,59.99,25.0
ORD-003900,2024-07-20,TRD-007,6,39.99,15.0
ORD-003198,2024-07-20,DED-004,1,9.99,4.0
ORD-002458,2024-07-20,DED-002,2,8.99,3.0
ORD-007470,2024-07-20,INT-002,2,99.99,40.0
ORD-009579,2024-07-20,SEA-001,6,19.99,8.0
ORD-004099,2024-07-20,SEA-002,6,9.99,3.5
ORD-000703,2024-07-20,DED-003,1,12.99,5.0
ORD-004180,2024-07-20,SEA-002,12,9.99,3.5
ORD-006107,2024-07-21,DED-005,1,24.99,10.0
ORD-006419,2024-07-21,DED-004,1,9.99,4.0
ORD-000412,2024-07-21,DED-005,2,24.99,10.0
ORD-008854,2024-07-21,INT-001,3,19.99,8.0
ORD-005113,2024-07-21,STB-010,3,4.49,1.5
ORD-008664,2024-07-21,DED-003,3,12.99,5.0
ORD-007986,2024-07-21,TRD-001,2,39.99,15.0
ORD-009994,2024-07-21,STB-010,4,4.49,1.5
ORD-005449,2024-07-21,STB-007,3,5.99,2.0
ORD-001338,2024-07-21,TRD-004,6,24.99,10.0
ORD-007045,2024-07-21,INT-007,2,179.99,70.0
ORD-003970,2024-07-21,TRD-008,9,14.99,3.0
ORD-004249,2024-07-21,TRD-004,6,24.99,10.0
ORD-005371,2024-07-21,DED-004,2,9.99,4.0
ORD-004244,2024-07-21,TRD-001,5,39.99,15.0
ORD-006705,2024-07-22,DED-004,3,9.99,4.0
ORD-004114,2024-07-22,TRD-001,4,39.99,15.0
ORD-000122,2024-07-22,DED-005,3,24.99,10.0
ORD-001646,2024-07-22,STB-001,4,9.99,4.0
ORD-008914,2024-07-22,DED-005,2,24.99,10.0
ORD-004449,2024-07-22,DED-004,2,9.99,4.0
ORD-000306,2024-07-22,STB-009,4,4.99,2.5
ORD-001193,2024-07-22,DED-002,3,8.99,3.0
ORD-005236,2024-07-22,SEA-003,8,29.99,12.0
ORD-001001,2024-07-22,DED-005,1,24.99,10.0
ORD-007095,2024-07-22,SEA-009,11,24.99,10.0
ORD-008110,2024-07-22,TRD-008,5,14.99,3.0
ORD-008333,2024-07-23,SEA-004,8,34.99,15.0
ORD-008589,2024-07-23,STB-002,1,14.99,6.0
ORD-004998,2024-07-23,TRD-007,2,39.99,15.0
ORD-007038,2024-07-23,TRD-003,3,29.99,12.0
ORD-009493,2024-07-23,SEA-010,15,14.99,6.0
ORD-006863,2024-07-23,TRD-004,5,24.99,10.0
ORD-001283,2024-07-23,SEA-010,8,14.99,6.0
ORD-002563,2024-07-23,DED-003,3,12.99,5.0
ORD-007103,2024-07-23,DED-001,2,4.99,2.0
ORD-006930,2024-07-23,DED-001,5,4.99,2.0
ORD-005032,2024-07-23,DED-004,3,9.99,4.0
ORD-006260,2024-07-23,STB-006,3,7.99,3.0
ORD-009699,2024-07-24,TRD-002,2,19.99,5.0
ORD-004863,2024-07-24,SEA-007,9,11.99,4.0
ORD-004781,2024-07-24,STB-005,1,6.99,2.5
ORD-005308,2024-07-24,STB-007,2,5.99,2.0
ORD-001103,2024-07-24,DED-004,4,9.99,4.0
ORD-005129,2024-07-24,TRD-004,2,24.99,10.0
ORD-001550,2024-07-24,SEA-006,6,14.99,5.0
ORD-003586,2024-07-24,SEA-010,4,14.99,6.0
ORD-007973,2024-07-24,STB-006,5,7.99,3.0
ORD-004081,2024-07-24,TRD-004,3,24.99,10.0
ORD-004418,2024-07-24,TRD-007,6,39.99,15.0
ORD-002526,2024-07-24,STB-010,3,4.49,1.5
ORD-003125,2024-07-24,INT-001,4,19.99,8.0
ORD-007276,2024-07-24,INT-003,2,59.99,25.0
ORD-007442,2024-07-24,STB-003,1,12.99,5.0
ORD-007853,2024-07-25,TRD-002,6,19.99,5.0
ORD-004963,2024-07-25,TRD-001,2,39.99,15.0
ORD-005971,2024-07-25,DED-002,1,8.99,3.0
ORD-002302,2024-07-25,SEA-002,6,9.99,3.5
ORD-002073,2024-07-25,STB-009,1,4.99,2.5
ORD-005723,2024-07-25,DED-001,5,4.99,2.0
ORD-000952,2024-07-25,STB-003,1,12.99,5.0
ORD-002593,2024-07-25,DED-002,3,8.99,3.0
ORD-005419,2024-07-25,STB-004,3,7.99,3.0
ORD-003969,2024-07-25,DED-001,3,4.99,2.0
ORD-000443,2024-07-25,TRD-007,5,39.99,15.0
ORD-002883,2024-07-25,SEA-002,7,9.99,3.5
ORD-002649,2024-07-25,STB-003,6,12.99,5.0
ORD-003235,2024-07-25,DED-005,7,24.99,10.0
ORD-003462,2024-07-26,STB-009,3,4.99,2.5
ORD-006398,2024-07-26,INT-003,2,59.99,25.0
ORD-002006,2024-07-26,SEA-005,5,59.99,25.0
ORD-006623,2024-07-26,STB-004,2,7.99,3.0
ORD-009498,2024-07-26,DED-003,2,12.99,5.0
ORD-004833,2024-07-26,SEA-001,6,19.99,8.0
ORD-002684,2024-07-26,DED-004,2,9.99,4.0
ORD-007004,2024-07-26,TRD-003,3,29.99,12.0
ORD-002396,2024-07-26,SEA-001,15,19.99,8.0
ORD-006703,2024-07-26,SEA-002,9,9.99,3.5
ORD-006584,2024-07-26,STB-008,6,3.99,1.5
ORD-003410,2024-07-27,SEA-006,8,14.99,5.0
ORD-000467,2024-07-27,STB-004,3,7.99,3.0
ORD-007663,2024-07-27,DED-004,5,9.99,4.0
ORD-008010,2024-07-27,SEA-008,10,5.99,2.0
ORD-006359,2024-07-27,STB-009,1,4.99,2.5
ORD-008015,2024-07-27,SEA-003,10,29.99,12.0
ORD-005925,2024-07-27,STB-007,3,5.99,2.0
ORD-009890,2024-07-27,SEA-008,12,5.99,2.0
ORD-000918,2024-07-27,TRD-007,7,39.99,15.0
ORD-009893,2024-07-27,TRD-005,3,19.99,8.0
ORD-009002,2024-07-27,SEA-009,5,24.99,10.0
ORD-004481,2024-07-27,DED-002,7,8.99,3.0
ORD-003284,2024-07-27,SEA-003,10,29.99,12.0
ORD-009845,2024-07-27,DED-004,8,9.99,4.0
ORD-003789,2024-07-28,TRD-002,6,19.99,5.0
ORD-007984,2024-07-28,SEA-005,4,59.99,25.0
ORD-006850,2024-07-28,STB-006,1,7.99,3.0
ORD-008404,2024-07-28,DED-002,5,8.99,3.0
ORD-009266,2024-07-28,DED-001,6,4.99,2.0
ORD-000100,2024-07-28,SEA-006,6,14.99,5.0
ORD-003791,2024-07-28,TRD-008,1,14.99,3.0
ORD-008974,2024-07-28,DED-004,5,9.99,4.0
ORD-004435,2024-07-28,STB-010,2,4.49,1.5
ORD-006429,2024-07-28,TRD-002,6,19.99,5.0
ORD-004777,2024-07-28,STB-008,2,3.99,1.5
ORD-007194,2024-07-29,SEA-009,5,24.99,10.0
ORD-003439,2024-07-29,DED-004,2,9.99,4.0
ORD-003879,2024-07-29,STB-008,3,3.99,1.5
ORD-000872,2024-07-29,SEA-010,12,14.99,6.0
ORD-006437,2024-07-29,DED-002,4,8.99,3.0
ORD-001302,2024-07-29,DED-001,7,4.99,2.0
ORD-003658,2024-07-29,SEA-001,7,19.99,8.0
ORD-003647,2024-07-29,STB-003,2,12.99,5.0
ORD-000673,2024-07-29,STB-003,1,12.99,5.0
ORD-009241,2024-07-29,DED-003,2,12.99,5.0
ORD-001956,2024-07-29,SEA-001,9,19.99,8.0
ORD-004685,2024-07-29,SEA-008,6,5.99,2.0
ORD-008413,2024-07-30,STB-002,3,14.99,6.0
ORD-006046,2024-07-30,DED-005,1,24.99,10.0
ORD-004272,2024-07-30,DED-004,7,9.99,4.0
ORD-002746,2024-07-30,TRD-002,5,19.99,5.0
ORD-004839,2024-07-30,DED-003,3,12.99,5.0
ORD-008616,2024-07-30,TRD-002,8,19.99,5.0
ORD-000279,2024-07-30,DED-005,4,24.99,10.0
ORD-009367,2024-07-30,DED-002,4,8.99,3.0
ORD-005374,2024-07-30,TRD-003,6,29.99,12.0
ORD-003887,2024-07-30,STB-001,6,9.99,4.0
ORD-004158,2024-07-30,STB-006,4,7.99,3.0
ORD-007660,2024-07-30,DED-001,2,4.99,2.0
ORD-002360,2024-07-31,STB-001,3,9.99,4.0
ORD-003783,2024-07-31,DED-005,1,24.99,10.0
ORD-003623,2024-07-31,DED-002,2,8.99,3.0
ORD-001400,2024-07-31,SEA-003,8,29.99,12.0
ORD-002344,2024-07-31,SEA-002,7,9.99,3.5
ORD-000388,2024-07-31,DED-003,5,12.99,5.0
ORD-001500,2024-07-31,TRD-007,8,39.99,15.0
ORD-002404,2024-07-31,STB-006,1,7.99,3.0
ORD-009477,2024-07-31,STB-006,1,7.99,3.0
ORD-003894,2024-07-31,STB-001,2,9.99,4.0
ORD-002734,2024-07-31,TRD-002,9,19.99,5.0
ORD-000537,2024-08-01,STB-010,4,4.49,1.5
ORD-002507,2024-08-01,STB-008,6,3.99,1.5
ORD-005856,2024-08-01,TRD-003,5,29.99,12.0
ORD-008924,2024-08-01,TRD-008,9,14.99,3.0
ORD-006618,2024-08-01,STB-010,4,4.49,1.5
ORD-000533,2024-08-01,STB-004,6,7.99,3.0
ORD-007590,2024-08-01,STB-008,2,3.99,1.5
ORD-008587,2024-08-01,STB-005,1,6.99,2.5
ORD-001737,2024-08-01,TRD-007,5,39.99,15.0
ORD-007243,2024-08-01,STB-006,4,7.99,3.0
ORD-005402,2024-08-01,STB-006,3,7.99,3.0
ORD-005070,2024-08-01,DED-003,4,12.99,5.0
ORD-003505,2024-08-02,SEA-010,10,14.99,6.0
ORD-005854,2024-08-02,TRD-006,9,24.99,10.0
ORD-001226,2024-08-02,TRD-007,6,39.99,15.0
ORD-006397,2024-08-02,STB-007,1,5.99,2.0
ORD-006380,2024-08-02,DED-001,1,4.99,2.0
ORD-000941,2024-08-02,DED-004,4,9.99,4.0
ORD-001379,2024-08-02,DED-001,3,4.99,2.0
ORD-000004,2024-08-02,TRD-007,4,39.99,15.0
ORD-005775,2024-08-02,TRD-001,4,39.99,15.0
ORD-003800,2024-08-02,DED-005,4,24.99,10.0
ORD-007592,2024-08-02,TRD-004,8,24.99,10.0
ORD-004787,2024-08-02,STB-008,4,3.99,1.5
ORD-008648,2024-08-02,TRD-004,3,24.99,10.0
ORD-002053,2024-08-02,STB-001,5,9.99,4.0
ORD-002378,2024-08-02,SEA-008,4,5.99,2.0
ORD-005274,2024-08-02,TRD-007,5,39.99,15.0
ORD-002672,2024-08-02,DED-003,1,12.99,5.0
ORD-004382,2024-08-02,STB-005,3,6.99,2.5
ORD-007466,2024-08-03,DED-005,1,24.99,10.0
ORD-001610,2024-08-03,TRD-007,6,39.99,15.0
ORD-007709,2024-08-03,DED-002,1,8.99,3.0
ORD-009234,2024-08-03,STB-008,3,3.99,1.5
ORD-001289,2024-08-03,STB-004,1,7.99,3.0
ORD-008438,2024-08-03,TRD-008,8,14.99,3.0
ORD-002078,2024-08-03,STB-005,1,6.99,2.5
ORD-000440,2024-08-03,TRD-004,5,24.99,10.0
ORD-005651,2024-08-03,STB-001,4,9.99,4.0
ORD-002658,2024-08-03,STB-008,2,3.99,1.5
ORD-007530,2024-08-03,STB-007,3,5.99,2.0
ORD-008880,2024-08-03,STB-004,3,7.99,3.0
ORD-008940,2024-08-03,DED-001,3,4.99,2.0
ORD-006983,2024-08-03,STB-010,2,4.49,1.5
ORD-004379,2024-08-03,DED-002,2,8.99,3.0
ORD-009042,2024-08-03,DED-003,5,12.99,5.0
ORD-001708,2024-08-03,STB-001,2,9.99,4.0
ORD-005869,2024-08-03,DED-002,1,8.99,3.0
ORD-007775,2024-08-04,DED-004,4,9.99,4.0
ORD-000725,2024-08-04,INT-002,3,99.99,40.0
ORD-002102,2024-08-04,STB-009,4,4.99,2.5
ORD-006522,2024-08-04,TRD-002,8,19.99,5.0
ORD-005681,2024-08-04,TRD-003,4,29.99,12.0
ORD-000900,2024-08-04,SEA-001,6,19.99,8.0
ORD-005704,2024-08-04,DED-005,3,24.99,10.0
ORD-006349,2024-08-04,INT-003,2,59.99,25.0
ORD-007691,2024-08-04,DED-004,7,9.99,4.0
ORD-001761,2024-08-04,TRD-008,7,14.99,3.0
ORD-007444,2024-08-04,TRD-003,1,29.99,12.0
ORD-007553,2024-08-04,STB-009,2,4.99,2.5
ORD-002722,2024-08-04,TRD-003,3,29.99,12.0
ORD-001432,2024-08-04,STB-002,7,14.99,6.0
ORD-003201,2024-08-04,TRD-006,5,24.99,10.0
ORD-005182,2024-08-05,STB-002,2,14.99,6.0
ORD-005815,2024-08-05,DED-005,1,24.99,10.0
ORD-009312,2024-08-05,DED-005,1,24.99,10.0
ORD-006482,2024-08-05,STB-007,2,5.99,2.0
ORD-001200,2024-08-05,SEA-006,2,14.99,5.0
ORD-001513,2024-08-05,DED-005,2,24.99,10.0
ORD-009435,2024-08-05,DED-003,1,12.99,5.0
ORD-004278,2024-08-05,STB-004,5,7.99,3.0
ORD-000477,2024-08-05,STB-010,1,4.49,1.5
ORD-009384,2024-08-05,TRD-001,5,39.99,15.0
ORD-001225,2024-08-05,STB-006,6,7.99,3.0
ORD-004819,2024-08-05,INT-006,3,199.99,80.0
ORD-000767,2024-08-05,DED-003,1,12.99,5.0
ORD-000692,2024-08-05,SEA-008,8,5.99,2.0
ORD-002925,2024-08-05,TRD-001,6,39.99,15.0
ORD-007304,2024-08-05,TRD-004,4,24.99,10.0
ORD-002202,2024-08-05,DED-001,2,4.99,2.0
ORD-005025,2024-08-05,DED-005,2,24.99,10.0
ORD-006990,2024-08-05,DED-005,2,24.99,10.0
ORD-001903,2024-08-05,INT-001,7,19.99,8.0
ORD-004271,2024-08-06,DED-001,3,4.99,2.0
ORD-008639,2024-08-06,SEA-007,8,11.99,4.0
ORD-009352,2024-08-06,SEA-006,9,14.99,5.0
ORD-001250,2024-08-06,SEA-010,9,14.99,6.0
ORD-005739,2024-08-06,TRD-007,6,39.99,15.0
ORD-007202,2024-08-06,TRD-005,1,19.99,8.0
ORD-007180,2024-08-06,TRD-001,3,39.99,15.0
ORD-008790,2024-08-06,TRD-006,8,24.99,10.0
ORD-009521,2024-08-06,DED-005,4,24.99,10.0
ORD-009508,2024-08-06,SEA-002,7,9.99,3.5
ORD-009485,2024-08-06,STB-002,4,14.99,6.0
ORD-006334,2024-08-06,STB-004,2,7.99,3.0
ORD-000049,2024-08-06,DED-003,3,12.99,5.0
ORD-003531,2024-08-06,SEA-004,8,34.99,15.0
ORD-008248,2024-08-07,SEA-010,11,14.99,6.0
ORD-004838,2024-08-07,TRD-004,3,24.99,10.0
ORD-002299,2024-08-07,STB-003,3,12.99,5.0
ORD-008545,2024-08-07,STB-006,2,7.99,3.0
ORD-004287,2024-08-07,SEA-005,8,59.99,25.0
ORD-007154,2024-08-07,STB-004,5,7.99,3.0
ORD-005823,2024-08-07,TRD-004,3,24.99,10.0
ORD-000054,2024-08-07,STB-002,3,14.99,6.0
ORD-008177,2024-08-07,TRD-007,7,39.99,15.0
ORD-003518,2024-08-07,STB-001,2,9.99,4.0
ORD-002098,2024-08-08,SEA-008,8,5.99,2.0
ORD-002084,2024-08-08,DED-002,2,8.99,3.0
ORD-001273,2024-08-08,STB-003,2,12.99,5.0
ORD-001611,2024-08-08,STB-001,1,9.99,4.0
ORD-001581,2024-08-08,SEA-004,5,34.99,15.0
ORD-009325,2024-08-08,TRD-004,8,24.99,10.0
ORD-005784,2024-08-08,TRD-006,4,24.99,10.0
ORD-000045,2024-08-08,SEA-001,6,19.99,8.0
ORD-001214,2024-08-08,STB-004,3,7.99,3.0
ORD-000265,2024-08-08,STB-003,4,12.99,5.0
ORD-000697,2024-08-08,STB-004,4,7.99,3.0
ORD-007818,2024-08-08,STB-006,4,7.99,3.0
ORD-006101,2024-08-08,SEA-010,11,14.99,6.0
ORD-005488,2024-08-08,DED-004,3,9.99,4.0
ORD-002713,2024-08-08,TRD-004,6,24.99,10.0
ORD-001269,2024-08-09,DED-005,1,24.99,10.0
ORD-005039,2024-08-09,STB-003,2,12.99,5.0
ORD-003427,2024-08-09,STB-007,1,5.99,2.0
ORD-009535,2024-08-09,INT-003,6,59.99,25.0
ORD-004323,2024-08-09,SEA-005,7,59.99,25.0
ORD-001222,2024-08-09,SEA-006,8,14.99,5.0
ORD-008435,2024-08-09,DED-004,2,9.99,4.0
ORD-007074,2024-08-09,DED-001,1,4.99,2.0
ORD-000771,2024-08-09,DED-004,1,9.99,4.0
ORD-004077,2024-08-09,STB-001,1,9.99,4.0
ORD-005435,2024-08-09,SEA-005,12,59.99,25.0
ORD-000798,2024-08-09,DED-002,1,8.99,3.0
ORD-000562,2024-08-09,DED-002,1,8.99,3.0
ORD-003006,2024-08-09,SEA-009,9,24.99,10.0
ORD-005726,2024-08-09,DED-002,2,8.99,3.0
ORD-000834,2024-08-10,STB-007,1,5.99,2.0
ORD-008004,2024-08-10,SEA-002,4,9.99,3.5
ORD-007329,2024-08-10,TRD-002,1,19.99,5.0
ORD-009395,2024-08-10,TRD-005,4,19.99,8.0
ORD-003233,2024-08-10,DED-001,1,4.99,2.0
ORD-000016,2024-08-10,STB-006,5,7.99,3.0
ORD-004173,2024-08-10,SEA-003,17,29.99,12.0
ORD-000821,2024-08-10,DED-005,4,24.99,10.0
ORD-007318,2024-08-10,TRD-006,3,24.99,10.0
ORD-004569,2024-08-10,DED-002,4,8.99,3.0
ORD-008769,2024-08-10,SEA-006,8,14.99,5.0
ORD-007268,2024-08-10,SEA-002,7,9.99,3.5
ORD-007171,2024-08-10,DED-001,3,4.99,2.0
ORD-008610,2024-08-10,TRD-003,4,29.99,12.0
ORD-003524,2024-08-10,DED-003,1,12.99,5.0
ORD-007390,2024-08-11,TRD-002,5,19.99,5.0
ORD-002707,2024-08-11,STB-004,4,7.99,3.0
ORD-003400,2024-08-11,SEA-007,8,11.99,4.0
ORD-007787,2024-08-11,STB-008,2,3.99,1.5
ORD-008955,2024-08-11,STB-006,1,7.99,3.0
ORD-006466,2024-08-11,DED-005,6,24.99,10.0
ORD-007608,2024-08-11,TRD-005,3,19.99,8.0
ORD-001866,2024-08-11,DED-005,3,24.99,10.0
ORD-007187,2024-08-11,DED-004,4,9.99,4.0
ORD-007467,2024-08-11,DED-005,6,24.99,10.0
ORD-006594,2024-08-11,SEA-002,4,9.99,3.5
ORD-009963,2024-08-11,DED-003,3,12.99,5.0
ORD-008212,2024-08-11,SEA-007,5,11.99,4.0
ORD-005205,2024-08-11,STB-001,3,9.99,4.0
ORD-006141,2024-08-11,DED-005,2,24.99,10.0
ORD-005921,2024-08-11,TRD-005,5,19.99,8.0
ORD-003492,2024-08-11,STB-007,4,5.99,2.0
ORD-005831,2024-08-11,DED-005,3,24.99,10.0
ORD-003305,2024-08-12,DED-001,8,4.99,2.0
ORD-005176,2024-08-12,TRD-006,4,24.99,10.0
ORD-006339,2024-08-12,DED-002,6,8.99,3.0
ORD-002298,2024-08-12,TRD-004,7,24.99,10.0
ORD-002071,2024-08-12,SEA-008,11,5.99,2.0
ORD-008686,2024-08-12,SEA-003,10,29.99,12.0
ORD-001689,2024-08-12,STB-001,2,9.99,4.0
ORD-001399,2024-08-13,DED-003,3,12.99,5.0
ORD-004766,2024-08-13,TRD-002,8,19.99,5.0
ORD-000280,2024-08-13,TRD-006,9,24.99,10.0
ORD-007600,2024-08-13,SEA-006,13,14.99,5.0
ORD-008708,2024-08-13,SEA-005,5,59.99,25.0
ORD-006394,2024-08-13,TRD-006,5,24.99,10.0
ORD-006468,2024-08-13,DED-005,1,24.99,10.0
ORD-007085,2024-08-13,TRD-003,3,29.99,12.0
ORD-000197,2024-08-13,TRD-003,5,29.99,12.0
ORD-007817,2024-08-13,STB-005,3,6.99,2.5
ORD-006440,2024-08-13,TRD-005,5,19.99,8.0
ORD-002765,2024-08-13,INT-006,1,199.99,80.0
ORD-002607,2024-08-13,SEA-003,11,29.99,12.0
ORD-005020,2024-08-13,SEA-001,11,19.99,8.0
ORD-009247,2024-08-13,TRD-002,3,19.99,5.0
ORD-002385,2024-08-13,DED-004,2,9.99,4.0
ORD-008462,2024-08-13,DED-004,5,9.99,4.0
ORD-000619,2024-08-13,TRD-008,2,14.99,3.0
ORD-001418,2024-08-14,TRD-008,5,14.99,3.0
ORD-005431,2024-08-14,STB-005,6,6.99,2.5
ORD-009641,2024-08-14,DED-003,5,12.99,5.0
ORD-006432,2024-08-14,SEA-003,8,29.99,12.0
ORD-005193,2024-08-14,TRD-003,6,29.99,12.0
ORD-007897,2024-08-14,SEA-005,6,59.99,25.0
ORD-006624,2024-08-14,SEA-005,7,59.99,25.0
ORD-006920,2024-08-14,DED-002,7,8.99,3.0
ORD-000917,2024-08-14,DED-001,1,4.99,2.0
ORD-004195,2024-08-15,DED-001,2,4.99,2.0
ORD-004929,2024-08-15,DED-004,3,9.99,4.0
ORD-002240,2024-08-15,SEA-010,8,14.99,6.0
ORD-008303,2024-08-15,SEA-008,9,5.99,2.0
ORD-002992,2024-08-15,INT-006,3,199.99,80.0
ORD-002644,2024-08-15,DED-002,3,8.99,3.0
ORD-008168,2024-08-15,DED-005,4,24.99,10.0
ORD-007981,2024-08-15,DED-002,1,8.99,3.0
ORD-005368,2024-08-15,SEA-006,8,14.99,5.0
ORD-009152,2024-08-15,TRD-004,7,24.99,10.0
ORD-007056,2024-08-15,DED-005,4,24.99,10.0
ORD-006075,2024-08-15,STB-009,1,4.99,2.5
ORD-004468,2024-08-15,STB-004,3,7.99,3.0
ORD-009953,2024-08-15,DED-002,3,8.99,3.0
ORD-000350,2024-08-15,TRD-002,3,19.99,5.0
ORD-007136,2024-08-15,STB-005,4,6.99,2.5
ORD-008546,2024-08-15,DED-004,2,9.99,4.0
ORD-001375,2024-08-15,DED-004,4,9.99,4.0
ORD-008964,2024-08-15,STB-006,3,7.99,3.0
ORD-002417,2024-08-16,DED-001,1,4.99,2.0
ORD-002187,2024-08-16,STB-010,6,4.49,1.5
ORD-008774,2024-08-16,DED-002,4,8.99,3.0
ORD-009622,2024-08-16,TRD-002,6,19.99,5.0
ORD-000348,2024-08-16,STB-001,3,9.99,4.0
ORD-007529,2024-08-16,DED-001,1,4.99,2.0
ORD-006360,2024-08-16,DED-001,3,4.99,2.0
ORD-007354,2024-08-16,TRD-002,7,19.99,5.0
ORD-003733,2024-08-16,SEA-004,10,34.99,15.0
ORD-005686,2024-08-16,STB-004,3,7.99,3.0
ORD-004443,2024-08-16,SEA-007,4,11.99,4.0
ORD-008347,2024-08-16,TRD-002,4,19.99,5.0
ORD-002464,2024-08-16,DED-005,2,24.99,10.0
ORD-004345,2024-08-16,DED-004,2,9.99,4.0
ORD-002569,2024-08-17,DED-002,4,8.99,3.0
ORD-007595,2024-08-17,DED-001,1,4.99,2.0
ORD-003562,2024-08-17,SEA-008,5,5.99,2.0
ORD-008493,2024-08-17,DED-001,1,4.99,2.0
ORD-005743,2024-08-17,STB-004,1,7.99,3.0
ORD-005264,2024-08-17,STB-002,1,14.99,6.0
ORD-005684,2024-08-17,SEA-001,6,19.99,8.0
ORD-000413,2024-08-17,SEA-005,8,59.99,25.0
ORD-001320,2024-08-17,SEA-001,3,19.99,8.0
ORD-000068,2024-08-18,DED-005,4,24.99,10.0
ORD-008641,2024-08-18,SEA-009,5,24.99,10.0
ORD-005922,2024-08-18,STB-003,3,12.99,5.0
ORD-002018,2024-08-18,DED-001,1,4.99,2.0
ORD-002273,2024-08-18,DED-004,4,9.99,4.0
ORD-005429,2024-08-18,STB-006,2,7.99,3.0
ORD-003450,2024-08-18,SEA-005,5,59.99,25.0
ORD-004932,2024-08-18,TRD-001,5,39.99,15.0
ORD-002043,2024-08-18,SEA-002,8,9.99,3.5
ORD-005955,2024-08-18,TRD-003,8,29.99,12.0
ORD-000341,2024-08-18,STB-004,4,7.99,3.0
ORD-001571,2024-08-18,SEA-009,6,24.99,10.0
ORD-004111,2024-08-18,DED-005,3,24.99,10.0
ORD-008014,2024-08-18,DED-005,4,24.99,10.0
ORD-000114,2024-08-18,DED-005,2,24.99,10.0
ORD-006523,2024-08-18,TRD-002,4,19.99,5.0
ORD-007011,2024-08-18,TRD-005,6,19.99,8.0
ORD-004650,2024-08-18,DED-002,5,8.99,3.0
ORD-002222,2024-08-18,SEA-010,2,14.99,6.0
ORD-006027,2024-08-18,SEA-002,11,9.99,3.5
ORD-002394,2024-08-18,TRD-006,5,24.99,10.0
ORD-004007,2024-08-19,STB-003,6,12.99,5.0
ORD-002842,2024-08-19,SEA-010,5,14.99,6.0
ORD-004925,2024-08-19,STB-004,2,7.99,3.0
ORD-007114,2024-08-19,TRD-004,5,24.99,10.0
ORD-007659,2024-08-19,TRD-005,2,19.99,8.0
ORD-009136,2024-08-19,SEA-005,13,59.99,25.0
ORD-007725,2024-08-19,TRD-006,4,24.99,10.0
ORD-007087,2024-08-19,TRD-006,2,24.99,10.0
ORD-001115,2024-08-19,SEA-001,10,19.99,8.0
ORD-008903,2024-08-19,DED-001,2,4.99,2.0
ORD-006269,2024-08-19,DED-005,4,24.99,10.0
ORD-004769,2024-08-19,DED-005,2,24.99,10.0
ORD-000836,2024-08-19,STB-006,3,7.99,3.0
ORD-004725,2024-08-19,DED-005,2,24.99,10.0
ORD-009736,2024-08-20,SEA-002,9,9.99,3.5
ORD-000678,2024-08-20,TRD-008,4,14.99,3.0
ORD-007604,2024-08-20,DED-002,4,8.99,3.0
ORD-003719,2024-08-20,DED-003,5,12.99,5.0
ORD-003991,2024-08-20,DED-003,2,12.99,5.0
ORD-004801,2024-08-20,SEA-001,3,19.99,8.0
ORD-005444,2024-08-20,SEA-005,5,59.99,25.0
ORD-008834,2024-08-20,SEA-001,7,19.99,8.0
ORD-002715,2024-08-20,DED-001,2,4.99,2.0
ORD-001506,2024-08-20,TRD-003,6,29.99,12.0
ORD-007776,2024-08-20,DED-004,7,9.99,4.0
ORD-000203,2024-08-20,SEA-004,7,34.99,15.0
ORD-005269,2024-08-20,DED-004,3,9.99,4.0
ORD-008296,2024-08-20,STB-003,3,12.99,5.0
ORD-006203,2024-08-20,DED-001,4,4.99,2.0
ORD-005268,2024-08-20,TRD-006,3,24.99,10.0
ORD-006575,2024-08-21,STB-007,2,5.99,2.0
ORD-001028,2024-08-21,DED-002,3,8.99,3.0
ORD-009665,2024-08-21,STB-010,6,4.49,1.5
ORD-004320,2024-08-21,SEA-002,8,9.99,3.5
ORD-009530,2024-08-21,STB-005,2,6.99,2.5
ORD-002677,2024-08-21,STB-006,3,7.99,3.0
ORD-004381,2024-08-21,SEA-005,5,59.99,25.0
ORD-005751,2024-08-21,SEA-005,5,59.99,25.0
ORD-008800,2024-08-21,STB-005,6,6.99,2.5
ORD-004662,2024-08-21,DED-001,3,4.99,2.0
ORD-004473,2024-08-21,DED-005,3,24.99,10.0
ORD-004263,2024-08-21,SEA-001,8,19.99,8.0
ORD-009655,2024-08-22,DED-002,1,8.99,3.0
ORD-006253,2024-08-22,SEA-006,10,14.99,5.0
ORD-001064,2024-08-22,SEA-002,5,9.99,3.5
ORD-003323,2024-08-22,SEA-005,8,59.99,25.0
ORD-002267,2024-08-22,TRD-006,4,24.99,10.0
ORD-005178,2024-08-22,STB-002,4,14.99,6.0
ORD-007431,2024-08-22,DED-004,4,9.99,4.0
ORD-003480,2024-08-22,TRD-001,6,39.99,15.0
ORD-003164,2024-08-22,SEA-001,7,19.99,8.0
ORD-001543,2024-08-22,TRD-008,4,14.99,3.0
ORD-007278,2024-08-22,DED-002,3,8.99,3.0
ORD-003507,2024-08-22,STB-010,3,4.49,1.5
ORD-007274,2024-08-22,INT-001,2,19.99,8.0
ORD-003206,2024-08-22,DED-002,2,8.99,3.0
ORD-000982,2024-08-22,SEA-003,6,29.99,12.0
ORD-009377,2024-08-22,SEA-002,12,9.99,3.5
ORD-000567,2024-08-22,TRD-004,4,24.99,10.0
ORD-003279,2024-08-22,SEA-005,5,59.99,25.0
ORD-001654,2024-08-23,SEA-003,2,29.99,12.0
ORD-000445,2024-08-23,DED-004,2,9.99,4.0
ORD-006231,2024-08-23,TRD-007,3,39.99,15.0
ORD-002947,2024-08-23,SEA-009,12,24.99,10.0
ORD-005633,2024-08-23,SEA-007,8,11.99,4.0
ORD-004670,2024-08-23,SEA-004,12,34.99,15.0
ORD-002146,2024-08-23,DED-002,3,8.99,3.0
ORD-000107,2024-08-23,TRD-001,4,39.99,15.0
ORD-000693,2024-08-23,SEA-002,3,9.99,3.5
ORD-004984,2024-08-23,DED-003,5,12.99,5.0
ORD-002824,2024-08-23,TRD-005,7,19.99,8.0
ORD-003520,2024-08-23,SEA-005,8,59.99,25.0
ORD-007794,2024-08-23,SEA-001,13,19.99,8.0
ORD-003857,2024-08-23,SEA-002,7,9.99,3.5
ORD-003098,2024-08-23,TRD-004,6,24.99,10.0
ORD-004008,2024-08-24,STB-002,7,14.99,6.0
ORD-000825,2024-08-24,DED-005,1,24.99,10.0
ORD-007036,2024-08-24,SEA-003,4,29.99,12.0
ORD-009183,2024-08-24,DED-001,5,4.99,2.0
ORD-005515,2024-08-24,DED-004,6,9.99,4.0
ORD-002476,2024-08-24,TRD-007,5,39.99,15.0
ORD-002291,2024-08-24,TRD-007,7,39.99,15.0
ORD-001026,2024-08-24,TRD-008,4,14.99,3.0
ORD-000403,2024-08-24,STB-009,5,4.99,2.5
ORD-007912,2024-08-24,TRD-002,6,19.99,5.0
ORD-004413,2024-08-24,TRD-004,6,24.99,10.0
ORD-006473,2024-08-24,TRD-007,7,39.99,15.0
ORD-000863,2024-08-24,TRD-003,3,29.99,12.0
ORD-007933,2024-08-24,SEA-007,7,11.99,4.0
ORD-007422,2024-08-24,DED-002,1,8.99,3.0
ORD-008406,2024-08-24,STB-006,3,7.99,3.0
ORD-001037,2024-08-24,STB-001,3,9.99,4.0
ORD-007860,2024-08-25,SEA-006,8,14.99,5.0
ORD-005163,2024-08-25,STB-006,2,7.99,3.0
ORD-006350,2024-08-25,TRD-005,3,19.99,8.0
ORD-000698,2024-08-25,STB-009,1,4.99,2.5
ORD-002897,2024-08-25,SEA-010,17,14.99,6.0
ORD-007626,2024-08-25,TRD-008,3,14.99,3.0
ORD-004028,2024-08-25,INT-007,5,179.99,70.0
ORD-006065,2024-08-25,DED-001,2,4.99,2.0
ORD-000995,2024-08-25,STB-003,1,12.99,5.0
ORD-004072,2024-08-25,DED-003,3,12.99,5.0
ORD-007144,2024-08-25,DED-005,1,24.99,10.0
ORD-009460,2024-08-25,SEA-008,7,5.99,2.0
ORD-006741,2024-08-26,TRD-006,8,24.99,10.0
ORD-008657,2024-08-26,DED-001,1,4.99,2.0
ORD-005543,2024-08-26,SEA-008,10,5.99,2.0
ORD-005373,2024-08-26,DED-005,4,24.99,10.0
ORD-009760,2024-08-26,DED-002,3,8.99,3.0
ORD-009324,2024-08-26,SEA-009,5,24.99,10.0
ORD-003506,2024-08-26,TRD-001,5,39.99,15.0
ORD-008460,2024-08-26,TRD-001,1,39.99,15.0
ORD-002567,2024-08-26,STB-007,1,5.99,2.0
ORD-009211,2024-08-26,STB-010,1,4.49,1.5
ORD-001236,2024-08-26,SEA-004,6,34.99,15.0
ORD-006368,2024-08-26,DED-005,1,24.99,10.0
ORD-000948,2024-08-26,SEA-005,6,59.99,25.0
ORD-007536,2024-08-26,SEA-007,9,11.99,4.0
ORD-000548,2024-08-26,DED-003,2,12.99,5.0
ORD-007225,2024-08-26,STB-003,6,12.99,5.0
ORD-003162,2024-08-27,SEA-003,6,29.99,12.0
ORD-002979,2024-08-27,DED-001,2,4.99,2.0
ORD-006975,2024-08-27,STB-005,3,6.99,2.5
ORD-001887,2024-08-27,TRD-004,3,24.99,10.0
ORD-008765,2024-08-27,DED-003,2,12.99,5.0
ORD-005583,2024-08-27,DED-001,2,4.99,2.0
ORD-007217,2024-08-27,INT-008,3,299.99,100.0
ORD-003483,2024-08-27,SEA-009,9,24.99,10.0
ORD-000486,2024-08-27,DED-005,3,24.99,10.0
ORD-009298,2024-08-27,TRD-002,3,19.99,5.0
ORD-004428,2024-08-27,TRD-002,11,19.99,5.0
ORD-000296,2024-08-27,SEA-001,9,19.99,8.0
ORD-007694,2024-08-27,SEA-005,8,59.99,25.0
ORD-007763,2024-08-27,SEA-007,4,11.99,4.0
ORD-002633,2024-08-27,DED-001,2,4.99,2.0
ORD-008344,2024-08-27,STB-004,3,7.99,3.0
ORD-005311,2024-08-27,TRD-005,4,19.99,8.0
ORD-005457,2024-08-28,STB-010,1,4.49,1.5
ORD-007505,2024-08-28,TRD-008,6,14.99,3.0
ORD-008395,2024-08-28,STB-005,4,6.99,2.5
ORD-008644,2024-08-28,SEA-001,3,19.99,8.0
ORD-007594,2024-08-28,TRD-005,3,19.99,8.0
ORD-007923,2024-08-28,STB-007,3,5.99,2.0
ORD-008959,2024-08-28,DED-005,3,24.99,10.0
ORD-004720,2024-08-28,DED-002,3,8.99,3.0
ORD-007323,2024-08-28,DED-001,2,4.99,2.0
ORD-009300,2024-08-28,STB-005,7,6.99,2.5
ORD-008375,2024-08-28,DED-002,3,8.99,3.0
ORD-006646,2024-08-28,STB-008,1,3.99,1.5
ORD-005024,2024-08-28,SEA-001,7,19.99,8.0
ORD-000962,2024-08-28,STB-010,2,4.49,1.5
ORD-001625,2024-08-28,DED-005,6,24.99,10.0
ORD-003346,2024-08-28,SEA-005,11,59.99,25.0
ORD-003963,2024-08-28,TRD-006,7,24.99,10.0
ORD-005769,2024-08-29,SEA-001,9,19.99,8.0
ORD-001485,2024-08-29,STB-001,4,9.99,4.0
ORD-005873,2024-08-29,DED-001,1,4.99,2.0
ORD-009763,2024-08-29,DED-002,3,8.99,3.0
ORD-007777,2024-08-29,TRD-002,3,19.99,5.0
ORD-004611,2024-08-29,SEA-003,11,29.99,12.0
ORD-009388,2024-08-29,SEA-003,7,29.99,12.0
ORD-002548,2024-08-29,STB-003,3,12.99,5.0
ORD-004011,2024-08-29,DED-001,3,4.99,2.0
ORD-007753,2024-08-29,DED-003,2,12.99,5.0
ORD-007667,2024-08-30,DED-003,1,12.99,5.0
ORD-007682,2024-08-30,STB-005,5,6.99,2.5
ORD-004640,2024-08-30,TRD-005,2,19.99,8.0
ORD-001598,2024-08-30,DED-002,4,8.99,3.0
ORD-009223,2024-08-30,STB-005,4,6.99,2.5
ORD-008632,2024-08-30,STB-003,1,12.99,5.0
ORD-004231,2024-08-30,DED-003,5,12.99,5.0
ORD-001234,2024-08-30,STB-010,3,4.49,1.5
ORD-001382,2024-08-30,SEA-002,5,9.99,3.5
ORD-008691,2024-08-30,STB-002,5,14.99,6.0
ORD-006929,2024-08-30,TRD-004,2,24.99,10.0
ORD-008480,2024-08-31,STB-003,2,12.99,5.0
ORD-005518,2024-08-31,TRD-007,5,39.99,15.0
ORD-000331,2024-08-31,TRD-004,1,24.99,10.0
ORD-007727,2024-08-31,DED-003,6,12.99,5.0
ORD-002959,2024-08-31,DED-002,2,8.99,3.0
ORD-007731,2024-08-31,TRD-003,5,29.99,12.0
ORD-003679,2024-08-31,TRD-005,6,19.99,8.0
ORD-009111,2024-08-31,DED-005,5,24.99,10.0
ORD-003514,2024-08-31,TRD-006,3,24.99,10.0
ORD-008224,2024-08-31,SEA-003,11,29.99,12.0
ORD-006315,2024-08-31,SEA-004,6,34.99,15.0
ORD-008403,2024-08-31,INT-002,1,99.99,40.0
ORD-007840,2024-09-01,SEA-003,10,29.99,12.0
ORD-000990,2024-09-01,STB-010,4,4.49,1.5
ORD-005991,2024-09-01,STB-003,3,12.99,5.0
ORD-004817,2024-09-01,DED-001,3,4.99,2.0
ORD-008416,2024-09-01,STB-004,2,7.99,3.0
ORD-005066,2024-09-01,TRD-005,8,19.99,8.0
ORD-002485,2024-09-01,DED-004,2,9.99,4.0
ORD-006069,2024-09-01,SEA-010,7,14.99,6.0
ORD-009563,2024-09-01,SEA-002,7,9.99,3.5
ORD-008161,2024-09-01,STB-002,1,14.99,6.0
ORD-003712,2024-09-01,DED-003,2,12.99,5.0
ORD-001142,2024-09-01,DED-004,2,9.99,4.0
ORD-002247,2024-09-01,TRD-005,4,19.99,8.0
ORD-003662,2024-09-01,SEA-003,6,29.99,12.0
ORD-006879,2024-09-01,DED-003,3,12.99,5.0
ORD-007501,2024-09-01,TRD-007,3,39.99,15.0
ORD-004446,2024-09-01,TRD-002,4,19.99,5.0
ORD-000574,2024-09-02,SEA-007,9,11.99,4.0
ORD-003825,2024-09-02,STB-008,3,3.99,1.5
ORD-003035,2024-09-02,TRD-004,6,24.99,10.0
ORD-009559,2024-09-02,SEA-001,10,19.99,8.0
ORD-004073,2024-09-02,STB-004,2,7.99,3.0
ORD-004132,2024-09-02,SEA-004,9,34.99,15.0
ORD-005535,2024-09-02,SEA-002,4,9.99,3.5
ORD-001980,2024-09-02,INT-006,6,199.99,80.0
ORD-005213,2024-09-02,DED-001,2,4.99,2.0
ORD-005469,2024-09-02,DED-001,3,4.99,2.0
ORD-008929,2024-09-02,STB-008,4,3.99,1.5
ORD-008847,2024-09-02,TRD-006,2,24.99,10.0
ORD-009542,2024-09-02,DED-003,1,12.99,5.0
ORD-002437,2024-09-02,STB-007,1,5.99,2.0
ORD-005889,2024-09-02,SEA-009,7,24.99,10.0
ORD-006219,2024-09-02,DED-005,1,24.99,10.0
ORD-001386,2024-09-03,DED-004,5,9.99,4.0
ORD-004342,2024-09-03,TRD-003,5,29.99,12.0
ORD-009121,2024-09-03,SEA-003,10,29.99,12.0
ORD-003041,2024-09-03,TRD-008,6,14.99,3.0
ORD-009481,2024-09-03,DED-003,2,12.99,5.0
ORD-003214,2024-09-03,SEA-005,3,59.99,25.0
ORD-000751,2024-09-03,STB-001,3,9.99,4.0
ORD-007968,2024-09-03,INT-005,5,119.99,45.0
ORD-000841,2024-09-03,SEA-001,5,19.99,8.0
ORD-003840,2024-09-03,DED-002,6,8.99,3.0
ORD-006366,2024-09-03,DED-004,3,9.99,4.0
ORD-002362,2024-09-03,TRD-004,6,24.99,10.0
ORD-006254,2024-09-03,TRD-008,3,14.99,3.0
ORD-005491,2024-09-03,DED-001,4,4.99,2.0
ORD-008651,2024-09-04,SEA-010,5,14.99,6.0
ORD-009198,2024-09-04,TRD-004,2,24.99,10.0
ORD-001876,2024-09-04,DED-003,3,12.99,5.0
ORD-000547,2024-09-04,DED-002,1,8.99,3.0
ORD-009931,2024-09-04,TRD-008,4,14.99,3.0
ORD-000444,2024-09-04,SEA-006,8,14.99,5.0
ORD-006162,2024-09-04,TRD-004,5,24.99,10.0
ORD-008935,2024-09-04,TRD-003,4,29.99,12.0
ORD-008463,2024-09-04,TRD-006,3,24.99,10.0
ORD-004853,2024-09-04,DED-002,3,8.99,3.0
ORD-008367,2024-09-04,INT-008,4,299.99,100.0
ORD-000144,2024-09-04,STB-001,4,9.99,4.0
ORD-001565,2024-09-04,DED-004,5,9.99,4.0
ORD-002710,2024-09-04,SEA-008,5,5.99,2.0
ORD-003614,2024-09-05,STB-009,2,4.99,2.5
ORD-003140,2024-09-05,TRD-002,2,19.99,5.0
ORD-006403,2024-09-05,DED-005,2,24.99,10.0
ORD-005732,2024-09-05,DED-004,4,9.99,4.0
ORD-001752,2024-09-05,DED-002,6,8.99,3.0
ORD-002259,2024-09-05,SEA-004,6,34.99,15.0
ORD-006717,2024-09-05,STB-003,2,12.99,5.0
ORD-006959,2024-09-05,STB-008,4,3.99,1.5
ORD-007922,2024-09-05,DED-002,1,8.99,3.0
ORD-005758,2024-09-05,TRD-005,6,19.99,8.0
ORD-009252,2024-09-05,SEA-004,11,34.99,15.0
ORD-007802,2024-09-05,SEA-009,3,24.99,10.0
ORD-006882,2024-09-06,SEA-008,7,5.99,2.0
ORD-004303,2024-09-06,STB-007,5,5.99,2.0
ORD-008266,2024-09-06,SEA-007,8,11.99,4.0
ORD-001370,2024-09-06,SEA-009,5,24.99,10.0
ORD-001852,2024-09-06,DED-003,3,12.99,5.0
ORD-004160,2024-09-06,TRD-006,7,24.99,10.0
ORD-002660,2024-09-06,DED-004,4,9.99,4.0
ORD-000618,2024-09-06,DED-005,2,24.99,10.0
ORD-001297,2024-09-06,DED-003,3,12.99,5.0
ORD-008464,2024-09-06,DED-005,4,24.99,10.0
ORD-005106,2024-09-06,DED-005,3,24.99,10.0
ORD-004503,2024-09-06,STB-006,4,7.99,3.0
ORD-002804,2024-09-07,STB-004,3,7.99,3.0
ORD-002674,2024-09-07,DED-002,2,8.99,3.0
ORD-000018,2024-09-07,SEA-001,4,19.99,8.0
ORD-005104,2024-09-07,SEA-004,4,34.99,15.0
ORD-006912,2024-09-07,SEA-007,10,11.99,4.0
ORD-001983,2024-09-07,DED-003,2,12.99,5.0
ORD-003755,2024-09-07,STB-001,4,9.99,4.0
ORD-002544,2024-09-07,SEA-006,6,14.99,5.0
ORD-007672,2024-09-07,SEA-007,4,11.99,4.0
ORD-008361,2024-09-07,SEA-010,9,14.99,6.0
ORD-007684,2024-09-07,TRD-007,5,39.99,15.0
ORD-005164,2024-09-07,STB-006,4,7.99,3.0
ORD-000974,2024-09-07,TRD-004,6,24.99,10.0
ORD-004979,2024-09-07,SEA-001,9,19.99,8.0
ORD-008615,2024-09-07,TRD-007,4,39.99,15.0
ORD-000002,2024-09-07,STB-008,2,3.99,1.5
ORD-009268,2024-09-07,TRD-002,4,19.99,5.0
ORD-009926,2024-09-08,STB-005,5,6.99,2.5
ORD-003167,2024-09-08,DED-001,2,4.99,2.0
ORD-004547,2024-09-08,STB-003,2,12.99,5.0
ORD-008870,2024-09-08,SEA-005,3,59.99,25.0
ORD-005989,2024-09-08,DED-003,3,12.99,5.0
ORD-001442,2024-09-08,SEA-008,2,5.99,2.0
ORD-008883,2024-09-08,SEA-003,2,29.99,12.0
ORD-004581,2024-09-08,TRD-007,8,39.99,15.0
ORD-004396,2024-09-08,SEA-004,5,34.99,15.0
ORD-003413,2024-09-08,TRD-002,6,19.99,5.0
ORD-004389,2024-09-08,SEA-010,7,14.99,6.0
ORD-007643,2024-09-08,SEA-007,1,11.99,4.0
ORD-000808,2024-09-08,SEA-010,4,14.99,6.0
ORD-006797,2024-09-08,SEA-009,4,24.99,10.0
ORD-003918,2024-09-08,DED-002,3,8.99,3.0
ORD-002986,2024-09-08,SEA-003,10,29.99,12.0
ORD-001157,2024-09-08,DED-004,3,9.99,4.0
ORD-009217,2024-09-09,DED-001,7,4.99,2.0
ORD-004471,2024-09-09,STB-004,3,7.99,3.0
ORD-004969,2024-09-09,SEA-008,6,5.99,2.0
ORD-008265,2024-09-09,TRD-007,7,39.99,15.0
ORD-006229,2024-09-09,STB-003,1,12.99,5.0
ORD-007107,2024-09-09,TRD-005,4,19.99,8.0
ORD-009835,2024-09-09,SEA-007,5,11.99,4.0
ORD-009531,2024-09-09,SEA-002,6,9.99,3.5
ORD-006156,2024-09-09,TRD-002,7,19.99,5.0
ORD-002418,2024-09-09,DED-003,3,12.99,5.0
ORD-007962,2024-09-09,DED-005,2,24.99,10.0
ORD-003384,2024-09-10,DED-005,2,24.99,10.0
ORD-009649,2024-09-10,STB-006,2,7.99,3.0
ORD-009607,2024-09-10,SEA-008,8,5.99,2.0
ORD-001701,2024-09-10,STB-009,3,4.99,2.5
ORD-005590,2024-09-10,DED-002,2,8.99,3.0
ORD-004543,2024-09-10,STB-004,2,7.99,3.0
ORD-006355,2024-09-10,STB-005,6,6.99,2.5
ORD-004339,2024-09-10,DED-003,1,12.99,5.0
ORD-005470,2024-09-10,TRD-008,3,14.99,3.0
ORD-005294,2024-09-10,INT-002,2,99.99,40.0
ORD-001505,2024-09-10,TRD-008,4,14.99,3.0
ORD-004997,2024-09-10,STB-005,4,6.99,2.5
ORD-007790,2024-09-10,SEA-010,5,14.99,6.0
ORD-002422,2024-09-11,SEA-002,4,9.99,3.5
ORD-006407,2024-09-11,DED-001,5,4.99,2.0
ORD-004417,2024-09-11,TRD-008,7,14.99,3.0
ORD-001309,2024-09-11,STB-005,4,6.99,2.5
ORD-007406,2024-09-11,TRD-005,7,19.99,8.0
ORD-003358,2024-09-11,STB-003,3,12.99,5.0
ORD-001734,2024-09-11,SEA-004,3,34.99,15.0
ORD-002851,2024-09-11,TRD-004,2,24.99,10.0
ORD-001979,2024-09-11,TRD-001,11,39.99,15.0
ORD-007544,2024-09-11,DED-005,2,24.99,10.0
ORD-004084,2024-09-11,STB-008,1,3.99,1.5
ORD-005296,2024-09-11,DED-002,1,8.99,3.0
ORD-007739,2024-09-11,STB-003,4,12.99,5.0
ORD-006115,2024-09-11,DED-003,2,12.99,5.0
ORD-009643,2024-09-11,STB-007,5,5.99,2.0
ORD-009209,2024-09-11,TRD-005,4,19.99,8.0
ORD-004133,2024-09-11,TRD-003,4,29.99,12.0
ORD-007308,2024-09-12,STB-002,2,14.99,6.0
ORD-001324,2024-09-12,SEA-001,8,19.99,8.0
ORD-009408,2024-09-12,TRD-004,7,24.99,10.0
ORD-003128,2024-09-12,TRD-008,7,14.99,3.0
ORD-000379,2024-09-12,STB-005,1,6.99,2.5
ORD-002065,2024-09-12,SEA-005,3,59.99,25.0
ORD-008068,2024-09-12,SEA-005,10,59.99,25.0
ORD-007812,2024-09-12,DED-003,2,12.99,5.0
ORD-007951,2024-09-12,DED-002,5,8.99,3.0
ORD-007742,2024-09-12,TRD-005,6,19.99,8.0
ORD-008038,2024-09-12,DED-003,2,12.99,5.0
ORD-002875,2024-09-12,STB-009,4,4.99,2.5
ORD-000192,2024-09-12,SEA-004,3,34.99,15.0
ORD-009529,2024-09-13,DED-001,2,4.99,2.0
ORD-008495,2024-09-13,DED-005,6,24.99,10.0
ORD-005777,2024-09-13,SEA-007,8,11.99,4.0
ORD-007574,2024-09-13,DED-005,3,24.99,10.0
ORD-002058,2024-09-13,STB-005,3,6.99,2.5
ORD-008098,2024-09-13,TRD-006,4,24.99,10.0
ORD-003204,2024-09-13,STB-009,4,4.99,2.5
ORD-001865,2024-09-13,SEA-009,7,24.99,10.0
ORD-002109,2024-09-13,STB-009,2,4.99,2.5
ORD-000376,2024-09-13,TRD-001,4,39.99,15.0
ORD-006316,2024-09-13,STB-001,3,9.99,4.0
ORD-004856,2024-09-13,DED-002,1,8.99,3.0
ORD-006922,2024-09-13,SEA-010,8,14.99,6.0
ORD-000079,2024-09-14,DED-005,3,24.99,10.0
ORD-001128,2024-09-14,SEA-004,2,34.99,15.0
ORD-008750,2024-09-14,DED-004,2,9.99,4.0
ORD-009373,2024-09-14,TRD-007,2,39.99,15.0
ORD-003721,2024-09-14,DED-002,2,8.99,3.0
ORD-000988,2024-09-14,DED-005,4,24.99,10.0
ORD-006215,2024-09-14,DED-002,3,8.99,3.0
ORD-006606,2024-09-14,SEA-008,7,5.99,2.0
ORD-006333,2024-09-14,SEA-002,9,9.99,3.5
ORD-007337,2024-09-15,STB-007,2,5.99,2.0
ORD-004573,2024-09-15,DED-005,3,24.99,10.0
ORD-005389,2024-09-15,SEA-002,7,9.99,3.5
ORD-001812,2024-09-15,TRD-002,6,19.99,5.0
ORD-009069,2024-09-15,SEA-007,7,11.99,4.0
ORD-003941,2024-09-15,DED-003,4,12.99,5.0
ORD-004358,2024-09-15,STB-007,5,5.99,2.0
ORD-005344,2024-09-15,TRD-006,7,24.99,10.0
ORD-005343,2024-09-15,DED-003,1,12.99,5.0
ORD-009066,2024-09-15,SEA-001,8,19.99,8.0
ORD-005625,2024-09-15,SEA-006,6,14.99,5.0
ORD-005143,2024-09-15,DED-003,2,12.99,5.0
ORD-000813,2024-09-16,DED-002,3,8.99,3.0
ORD-007380,2024-09-16,DED-002,3,8.99,3.0
ORD-000152,2024-09-16,DED-001,3,4.99,2.0
ORD-005427,2024-09-16,SEA-003,7,29.99,12.0
ORD-004762,2024-09-16,STB-006,2,7.99,3.0
ORD-004392,2024-09-16,STB-004,6,7.99,3.0
ORD-006814,2024-09-16,DED-003,4,12.99,5.0
ORD-007627,2024-09-16,STB-004,1,7.99,3.0
ORD-001539,2024-09-16,STB-003,3,12.99,5.0
ORD-000980,2024-09-16,DED-004,3,9.99,4.0
ORD-003942,2024-09-16,SEA-007,8,11.99,4.0
ORD-009570,2024-09-16,SEA-006,8,14.99,5.0
ORD-004711,2024-09-17,STB-003,5,12.99,5.0
ORD-000407,2024-09-17,DED-004,4,9.99,4.0
ORD-007839,2024-09-17,SEA-009,5,24.99,10.0
ORD-002679,2024-09-17,STB-010,6,4.49,1.5
ORD-008816,2024-09-17,STB-010,1,4.49,1.5
ORD-003138,2024-09-17,INT-003,1,59.99,25.0
ORD-009989,2024-09-17,STB-007,3,5.99,2.0
ORD-001815,2024-09-17,DED-002,5,8.99,3.0
ORD-001011,2024-09-17,TRD-008,4,14.99,3.0
ORD-002735,2024-09-17,DED-005,2,24.99,10.0
ORD-007879,2024-09-17,STB-004,3,7.99,3.0
ORD-002429,2024-09-18,SEA-002,5,9.99,3.5
ORD-005546,2024-09-18,DED-005,5,24.99,10.0
ORD-009619,2024-09-18,DED-001,3,4.99,2.0
ORD-003387,2024-09-18,STB-006,2,7.99,3.0
ORD-000627,2024-09-18,TRD-004,3,24.99,10.0
ORD-009361,2024-09-18,SEA-007,7,11.99,4.0
ORD-004478,2024-09-18,DED-005,1,24.99,10.0
ORD-002461,2024-09-18,SEA-003,8,29.99,12.0
ORD-007745,2024-09-18,DED-001,2,4.99,2.0
ORD-000283,2024-09-18,DED-001,3,4.99,2.0
ORD-003515,2024-09-18,TRD-004,2,24.99,10.0
ORD-000802,2024-09-18,DED-004,2,9.99,4.0
ORD-004047,2024-09-18,TRD-006,1,24.99,10.0
ORD-007392,2024-09-18,DED-001,4,4.99,2.0
ORD-007955,2024-09-19,SEA-008,3,5.99,2.0
ORD-009612,2024-09-19,STB-004,4,7.99,3.0
ORD-009186,2024-09-19,DED-001,4,4.99,2.0
ORD-007407,2024-09-19,TRD-008,9,14.99,3.0
ORD-004970,2024-09-19,TRD-008,1,14.99,3.0
ORD-005330,2024-09-19,DED-002,3,8.99,3.0
ORD-003440,2024-09-19,DED-005,3,24.99,10.0
ORD-005771,2024-09-19,SEA-009,6,24.99,10.0
ORD-000526,2024-09-19,TRD-002,8,19.99,5.0
ORD-009847,2024-09-19,STB-008,2,3.99,1.5
ORD-009691,2024-09-20,SEA-010,6,14.99,6.0
ORD-006292,2024-09-20,SEA-006,7,14.99,5.0
ORD-006391,2024-09-20,STB-006,3,7.99,3.0
ORD-003872,2024-09-20,DED-003,2,12.99,5.0
ORD-003315,2024-09-20,STB-002,5,14.99,6.0
ORD-009288,2024-09-20,TRD-005,2,19.99,8.0
ORD-001107,2024-09-20,STB-006,1,7.99,3.0
ORD-004515,2024-09-20,TRD-001,6,39.99,15.0
ORD-004529,2024-09-20,TRD-004,9,24.99,10.0
ORD-008848,2024-09-20,SEA-003,9,29.99,12.0
ORD-002132,2024-09-20,SEA-005,7,59.99,25.0
ORD-008950,2024-09-20,SEA-005,6,59.99,25.0
ORD-005562,2024-09-20,SEA-005,4,59.99,25.0
ORD-005041,2024-09-20,STB-004,2,7.99,3.0
ORD-001652,2024-09-20,STB-003,6,12.99,5.0
ORD-001944,2024-09-20,SEA-008,7,5.99,2.0
ORD-004930,2024-09-20,DED-001,5,4.99,2.0
ORD-008927,2024-09-20,SEA-004,10,34.99,15.0
ORD-001919,2024-09-20,SEA-005,5,59.99,25.0
ORD-000078,2024-09-20,INT-004,2,149.99,60.0
ORD-005022,2024-09-20,DED-005,1,24.99,10.0
ORD-001503,2024-09-21,SEA-008,6,5.99,2.0
ORD-004952,2024-09-21,DED-002,1,8.99,3.0
ORD-001668,2024-09-21,DED-005,7,24.99,10.0
ORD-002976,2024-09-21,DED-004,6,9.99,4.0
ORD-007371,2024-09-21,DED-005,4,24.99,10.0
ORD-001155,2024-09-21,DED-004,1,9.99,4.0
ORD-006780,2024-09-21,DED-004,4,9.99,4.0
ORD-005301,2024-09-21,SEA-001,7,19.99,8.0
ORD-000249,2024-09-21,DED-002,6,8.99,3.0
ORD-005208,2024-09-21,DED-005,6,24.99,10.0
ORD-009392,2024-09-21,STB-004,2,7.99,3.0
ORD-000994,2024-09-21,STB-010,3,4.49,1.5
ORD-007645,2024-09-21,STB-006,5,7.99,3.0
ORD-008710,2024-09-22,DED-004,1,9.99,4.0
ORD-003987,2024-09-22,TRD-005,9,19.99,8.0
ORD-001575,2024-09-22,SEA-004,6,34.99,15.0
ORD-003127,2024-09-22,STB-010,2,4.49,1.5
ORD-008852,2024-09-22,SEA-007,5,11.99,4.0
ORD-001329,2024-09-22,TRD-003,6,29.99,12.0
ORD-005114,2024-09-22,DED-001,4,4.99,2.0
ORD-002286,2024-09-22,STB-006,1,7.99,3.0
ORD-007346,2024-09-22,SEA-001,7,19.99,8.0
ORD-000425,2024-09-22,DED-005,4,24.99,10.0
ORD-002453,2024-09-22,STB-008,1,3.99,1.5
ORD-001613,2024-09-22,TRD-002,6,19.99,5.0
ORD-005747,2024-09-22,DED-001,4,4.99,2.0
ORD-004707,2024-09-22,STB-005,5,6.99,2.5
ORD-007801,2024-09-23,TRD-006,2,24.99,10.0
ORD-001444,2024-09-23,SEA-004,5,34.99,15.0
ORD-001777,2024-09-23,STB-010,1,4.49,1.5
ORD-000173,2024-09-23,TRD-002,6,19.99,5.0
ORD-000055,2024-09-23,SEA-006,5,14.99,5.0
ORD-002168,2024-09-23,SEA-005,3,59.99,25.0
ORD-002967,2024-09-23,DED-005,5,24.99,10.0
ORD-002343,2024-09-23,TRD-005,5,19.99,8.0
ORD-005615,2024-09-23,TRD-003,4,29.99,12.0
ORD-001908,2024-09-23,DED-004,4,9.99,4.0
ORD-003778,2024-09-23,STB-008,3,3.99,1.5
ORD-006278,2024-09-23,TRD-001,5,39.99,15.0
ORD-005467,2024-09-23,DED-003,3,12.99,5.0
ORD-001862,2024-09-23,STB-005,2,6.99,2.5
ORD-005699,2024-09-23,SEA-003,7,29.99,12.0
ORD-002106,2024-09-23,DED-001,6,4.99,2.0
ORD-000996,2024-09-24,DED-002,3,8.99,3.0
ORD-001833,2024-09-24,TRD-004,5,24.99,10.0
ORD-002923,2024-09-24,STB-005,3,6.99,2.5
ORD-006946,2024-09-24,TRD-003,5,29.99,12.0
ORD-004567,2024-09-24,SEA-010,6,14.99,6.0
ORD-000424,2024-09-24,SEA-002,5,9.99,3.5
ORD-008857,2024-09-24,DED-002,5,8.99,3.0
ORD-009625,2024-09-24,TRD-003,9,29.99,12.0
ORD-009985,2024-09-24,SEA-010,3,14.99,6.0
ORD-001478,2024-09-24,SEA-010,9,14.99,6.0
ORD-007146,2024-09-24,TRD-004,5,24.99,10.0
ORD-000910,2024-09-24,STB-001,6,9.99,4.0
ORD-009396,2024-09-24,TRD-001,3,39.99,15.0
ORD-001318,2024-09-24,DED-002,2,8.99,3.0
ORD-000731,2024-09-24,DED-004,5,9.99,4.0
ORD-003797,2024-09-24,TRD-005,4,19.99,8.0
ORD-002638,2024-09-24,DED-002,2,8.99,3.0
ORD-009948,2024-09-24,STB-003,5,12.99,5.0
ORD-007486,2024-09-25,STB-002,4,14.99,6.0
ORD-005994,2024-09-25,TRD-004,5,24.99,10.0
ORD-005258,2024-09-25,TRD-001,7,39.99,15.0
ORD-001085,2024-09-25,DED-002,3,8.99,3.0
ORD-005121,2024-09-26,SEA-006,6,14.99,5.0
ORD-008329,2024-09-26,TRD-003,5,29.99,12.0
ORD-001274,2024-09-26,STB-009,1,4.99,2.5
ORD-009047,2024-09-26,SEA-002,8,9.99,3.5
ORD-002634,2024-09-26,DED-004,1,9.99,4.0
ORD-004431,2024-09-26,DED-004,5,9.99,4.0
ORD-009769,2024-09-26,STB-006,2,7.99,3.0
ORD-009528,2024-09-26,TRD-004,5,24.99,10.0
ORD-001168,2024-09-26,SEA-006,7,14.99,5.0
ORD-005791,2024-09-26,TRD-004,6,24.99,10.0
ORD-009201,2024-09-26,TRD-001,3,39.99,15.0
ORD-009598,2024-09-26,STB-002,3,14.99,6.0
ORD-004203,2024-09-26,TRD-005,4,19.99,8.0
ORD-008703,2024-09-26,TRD-004,6,24.99,10.0
ORD-004735,2024-09-26,TRD-003,6,29.99,12.0
ORD-009314,2024-09-26,SEA-006,10,14.99,5.0
ORD-001759,2024-09-26,STB-009,7,4.99,2.5
ORD-005307,2024-09-26,DED-002,1,8.99,3.0
ORD-007736,2024-09-27,SEA-003,4,29.99,12.0
ORD-005255,2024-09-27,DED-004,4,9.99,4.0
ORD-004355,2024-09-27,TRD-006,3,24.99,10.0
ORD-004124,2024-09-27,SEA-003,5,29.99,12.0
ORD-006185,2024-09-27,SEA-002,4,9.99,3.5
ORD-005448,2024-09-27,DED-003,2,12.99,5.0
ORD-003893,2024-09-27,DED-003,4,12.99,5.0
ORD-001738,2024-09-27,SEA-006,8,14.99,5.0
ORD-001098,2024-09-27,STB-005,1,6.99,2.5
ORD-004810,2024-09-27,STB-008,4,3.99,1.5
ORD-006081,2024-09-27,DED-002,1,8.99,3.0
ORD-006068,2024-09-27,STB-007,3,5.99,2.0
ORD-008902,2024-09-27,TRD-001,5,39.99,15.0
ORD-008671,2024-09-27,DED-004,6,9.99,4.0
ORD-001538,2024-09-27,STB-006,3,7.99,3.0
ORD-003598,2024-09-28,TRD-004,11,24.99,10.0
ORD-003552,2024-09-28,TRD-003,2,29.99,12.0
ORD-003332,2024-09-28,SEA-004,7,34.99,15.0
ORD-003292,2024-09-28,STB-004,7,7.99,3.0
ORD-005713,2024-09-28,TRD-005,3,19.99,8.0
ORD-005682,2024-09-28,DED-003,2,12.99,5.0
ORD-004811,2024-09-28,DED-001,4,4.99,2.0
ORD-000963,2024-09-28,STB-008,2,3.99,1.5
ORD-007793,2024-09-28,TRD-003,4,29.99,12.0
ORD-008432,2024-09-28,SEA-004,8,34.99,15.0
ORD-004214,2024-09-28,STB-004,3,7.99,3.0
ORD-003684,2024-09-28,STB-003,2,12.99,5.0
ORD-007338,2024-09-28,SEA-002,7,9.99,3.5
ORD-008673,2024-09-29,SEA-002,7,9.99,3.5
ORD-008601,2024-09-29,SEA-008,6,5.99,2.0
ORD-003795,2024-09-29,STB-001,3,9.99,4.0
ORD-005332,2024-09-29,SEA-009,5,24.99,10.0
ORD-007454,2024-09-29,TRD-005,5,19.99,8.0
ORD-003092,2024-09-29,DED-002,5,8.99,3.0
ORD-004100,2024-09-29,DED-003,5,12.99,5.0
ORD-001143,2024-09-29,DED-002,2,8.99,3.0
ORD-004785,2024-09-29,DED-002,3,8.99,3.0
ORD-002752,2024-09-29,STB-009,4,4.99,2.5
ORD-006164,2024-09-29,DED-001,2,4.99,2.0
ORD-007265,2024-09-29,DED-001,1,4.99,2.0
ORD-000622,2024-09-29,TRD-001,8,39.99,15.0
ORD-005083,2024-09-29,SEA-009,4,24.99,10.0
ORD-004976,2024-09-29,STB-004,5,7.99,3.0
ORD-002963,2024-09-29,TRD-007,2,39.99,15.0
ORD-001651,2024-09-29,DED-004,1,9.99,4.0
ORD-002956,2024-09-29,SEA-010,5,14.99,6.0
ORD-009052,2024-09-29,SEA-006,8,14.99,5.0
ORD-008737,2024-09-29,SEA-004,1,34.99,15.0
ORD-001744,2024-09-30,STB-004,2,7.99,3.0
ORD-007432,2024-09-30,DED-004,3,9.99,4.0
ORD-003863,2024-09-30,STB-002,4,14.99,6.0
ORD-005312,2024-09-30,DED-005,6,24.99,10.0
ORD-006908,2024-09-30,SEA-002,6,9.99,3.5
ORD-004717,2024-09-30,SEA-001,3,19.99,8.0
ORD-008446,2024-09-30,SEA-007,9,11.99,4.0
ORD-008071,2024-09-30,STB-003,3,12.99,5.0
ORD-008487,2024-09-30,INT-006,4,199.99,80.0
ORD-008049,2024-09-30,STB-006,4,7.99,3.0
ORD-002717,2024-09-30,SEA-002,5,9.99,3.5
ORD-007703,2024-09-30,TRD-004,3,24.99,10.0
ORD-003496,2024-09-30,TRD-006,5,24.99,10.0
ORD-004780,2024-10-01,STB-004,3,7.99,3.0
ORD-009698,2024-10-01,DED-003,2,12.99,5.0
ORD-007796,2024-10-01,STB-010,1,4.49,1.5
ORD-002918,2024-10-01,TRD-006,3,24.99,10.0
ORD-003888,2024-10-01,DED-004,3,9.99,4.0
ORD-002487,2024-10-01,DED-003,4,12.99,5.0
ORD-008578,2024-10-01,DED-001,3,4.99,2.0
ORD-001957,2024-10-01,DED-002,2,8.99,3.0
ORD-006597,2024-10-02,DED-002,1,8.99,3.0
ORD-008417,2024-10-02,SEA-007,5,11.99,4.0
ORD-008951,2024-10-02,DED-003,2,12.99,5.0
ORD-003579,2024-10-02,TRD-003,3,29.99,12.0
ORD-009215,2024-10-02,TRD-005,3,19.99,8.0
ORD-000895,2024-10-02,DED-003,1,12.99,5.0
ORD-003654,2024-10-02,DED-001,6,4.99,2.0
ORD-000409,2024-10-02,INT-001,5,19.99,8.0
ORD-003615,2024-10-02,SEA-005,13,59.99,25.0
ORD-002529,2024-10-02,SEA-007,9,11.99,4.0
ORD-001779,2024-10-02,SEA-004,5,34.99,15.0
ORD-009156,2024-10-02,SEA-001,17,19.99,8.0
ORD-009511,2024-10-02,DED-001,6,4.99,2.0
ORD-009397,2024-10-02,STB-006,1,7.99,3.0
ORD-001328,2024-10-03,DED-001,4,4.99,2.0
ORD-007124,2024-10-03,TRD-005,2,19.99,8.0
ORD-002600,2024-10-03,SEA-008,8,5.99,2.0
ORD-007110,2024-10-03,SEA-005,10,59.99,25.0
ORD-002331,2024-10-03,TRD-006,6,24.99,10.0
ORD-004627,2024-10-03,STB-004,1,7.99,3.0
ORD-001835,2024-10-03,SEA-005,13,59.99,25.0
ORD-009974,2024-10-03,DED-002,7,8.99,3.0
ORD-000032,2024-10-03,STB-009,1,4.99,2.5
ORD-004179,2024-10-03,STB-010,2,4.49,1.5
ORD-003927,2024-10-03,DED-001,5,4.99,2.0
ORD-000569,2024-10-03,DED-002,5,8.99,3.0
ORD-008550,2024-10-03,STB-010,1,4.49,1.5
ORD-000295,2024-10-03,SEA-002,3,9.99,3.5
ORD-001749,2024-10-03,SEA-001,9,19.99,8.0
ORD-007591,2024-10-03,STB-002,4,14.99,6.0
ORD-002412,2024-10-03,SEA-003,6,29.99,12.0
ORD-007296,2024-10-04,TRD-002,4,19.99,5.0
ORD-007914,2024-10-04,SEA-010,7,14.99,6.0
ORD-007811,2024-10-04,SEA-006,10,14.99,5.0
ORD-005864,2024-10-04,TRD-004,4,24.99,10.0
ORD-007425,2024-10-04,DED-001,2,4.99,2.0
ORD-002072,2024-10-04,DED-003,3,12.99,5.0
ORD-007949,2024-10-04,TRD-005,2,19.99,8.0
ORD-007944,2024-10-04,DED-004,4,9.99,4.0
ORD-007477,2024-10-05,TRD-008,6,14.99,3.0
ORD-002492,2024-10-05,DED-001,3,4.99,2.0
ORD-007558,2024-10-05,SEA-007,9,11.99,4.0
ORD-008314,2024-10-05,STB-007,5,5.99,2.0
ORD-008011,2024-10-05,INT-004,7,149.99,60.0
ORD-003617,2024-10-05,STB-001,3,9.99,4.0
ORD-008052,2024-10-05,TRD-001,6,39.99,15.0
ORD-008427,2024-10-05,DED-004,3,9.99,4.0
ORD-008973,2024-10-05,SEA-009,10,24.99,10.0
ORD-003907,2024-10-05,TRD-001,3,39.99,15.0
ORD-003913,2024-10-05,TRD-006,6,24.99,10.0
ORD-003756,2024-10-05,TRD-006,5,24.99,10.0
ORD-005191,2024-10-05,DED-005,2,24.99,10.0
ORD-009222,2024-10-05,DED-001,1,4.99,2.0
ORD-006014,2024-10-05,STB-003,3,12.99,5.0
ORD-000041,2024-10-06,DED-003,2,12.99,5.0
ORD-003570,2024-10-06,DED-003,2,12.99,5.0
ORD-009628,2024-10-06,TRD-008,4,14.99,3.0
ORD-008963,2024-10-06,DED-005,3,24.99,10.0
ORD-008675,2024-10-06,STB-001,3,9.99,4.0
ORD-007874,2024-10-06,DED-001,2,4.99,2.0
ORD-003787,2024-10-06,STB-004,2,7.99,3.0
ORD-006831,2024-10-06,SEA-006,8,14.99,5.0
ORD-000805,2024-10-06,DED-003,1,12.99,5.0
ORD-004763,2024-10-06,DED-001,3,4.99,2.0
ORD-006775,2024-10-06,SEA-010,18,14.99,6.0
ORD-009070,2024-10-06,SEA-008,13,5.99,2.0
ORD-000135,2024-10-06,TRD-005,5,19.99,8.0
ORD-007823,2024-10-06,SEA-005,12,59.99,25.0
ORD-007942,2024-10-06,SEA-010,8,14.99,6.0
ORD-006474,2024-10-06,SEA-010,13,14.99,6.0
ORD-006484,2024-10-06,DED-005,4,24.99,10.0
ORD-000396,2024-10-07,DED-003,2,12.99,5.0
ORD-002772,2024-10-07,TRD-005,8,19.99,8.0
ORD-009576,2024-10-07,DED-005,3,24.99,10.0
ORD-006271,2024-10-07,TRD-008,5,14.99,3.0
ORD-007557,2024-10-07,DED-004,1,9.99,4.0
ORD-006017,2024-10-07,SEA-007,7,11.99,4.0
ORD-009456,2024-10-07,DED-002,5,8.99,3.0
ORD-004894,2024-10-07,SEA-010,3,14.99,6.0
ORD-004956,2024-10-07,STB-004,1,7.99,3.0
ORD-006274,2024-10-07,TRD-008,4,14.99,3.0
ORD-004176,2024-10-07,SEA-008,11,5.99,2.0
ORD-000092,2024-10-07,DED-005,3,24.99,10.0
ORD-001286,2024-10-07,DED-002,2,8.99,3.0
ORD-005931,2024-10-07,STB-006,6,7.99,3.0
ORD-002349,2024-10-08,SEA-003,6,29.99,12.0
ORD-001515,2024-10-08,TRD-005,8,19.99,8.0
ORD-004950,2024-10-08,DED-001,2,4.99,2.0
ORD-004597,2024-10-08,DED-003,4,12.99,5.0
ORD-000234,2024-10-08,SEA-008,14,5.99,2.0
ORD-000724,2024-10-08,TRD-006,3,24.99,10.0
ORD-003308,2024-10-08,DED-003,1,12.99,5.0
ORD-003928,2024-10-08,TRD-001,4,39.99,15.0
ORD-000218,2024-10-08,DED-002,3,8.99,3.0
ORD-000768,2024-10-08,SEA-004,6,34.99,15.0
ORD-007459,2024-10-08,SEA-009,11,24.99,10.0
ORD-002899,2024-10-08,DED-003,5,12.99,5.0
ORD-003025,2024-10-08,TRD-008,4,14.99,3.0
ORD-005468,2024-10-08,STB-004,2,7.99,3.0
ORD-009554,2024-10-08,DED-004,3,9.99,4.0
ORD-009451,2024-10-08,DED-004,1,9.99,4.0
ORD-004212,2024-10-08,TRD-006,1,24.99,10.0
ORD-003793,2024-10-08,DED-001,1,4.99,2.0
ORD-005197,2024-10-09,DED-002,3,8.99,3.0
ORD-005209,2024-10-09,DED-004,5,9.99,4.0
ORD-009170,2024-10-09,DED-002,6,8.99,3.0
ORD-004807,2024-10-09,STB-009,3,4.99,2.5
ORD-001244,2024-10-09,DED-001,2,4.99,2.0
ORD-009821,2024-10-09,STB-003,6,12.99,5.0
ORD-002741,2024-10-09,INT-007,1,179.99,70.0
ORD-003123,2024-10-09,TRD-001,3,39.99,15.0
ORD-003369,2024-10-09,TRD-003,2,29.99,12.0
ORD-003059,2024-10-09,SEA-002,5,9.99,3.5
ORD-000319,2024-10-09,INT-004,1,149.99,60.0
ORD-002332,2024-10-09,SEA-007,9,11.99,4.0
ORD-003563,2024-10-09,DED-002,2,8.99,3.0
ORD-007189,2024-10-09,TRD-004,5,24.99,10.0
ORD-006490,2024-10-09,STB-010,2,4.49,1.5
ORD-006977,2024-10-09,TRD-003,3,29.99,12.0
ORD-009120,2024-10-09,INT-002,1,99.99,40.0
ORD-006178,2024-10-10,DED-001,2,4.99,2.0
ORD-009951,2024-10-10,SEA-004,11,34.99,15.0
ORD-008485,2024-10-10,DED-002,3,8.99,3.0
ORD-007271,2024-10-10,TRD-002,6,19.99,5.0
ORD-000620,2024-10-10,TRD-007,5,39.99,15.0
ORD-004025,2024-10-10,TRD-005,5,19.99,8.0
ORD-004222,2024-10-10,DED-003,1,12.99,5.0
ORD-001096,2024-10-10,STB-005,1,6.99,2.5
ORD-009919,2024-10-10,SEA-002,6,9.99,3.5
ORD-005214,2024-10-10,DED-003,4,12.99,5.0
ORD-002266,2024-10-11,STB-008,4,3.99,1.5
ORD-006825,2024-10-11,SEA-001,10,19.99,8.0
ORD-003846,2024-10-11,SEA-001,17,19.99,8.0
ORD-008731,2024-10-11,SEA-003,6,29.99,12.0
ORD-009697,2024-10-11,STB-009,1,4.99,2.5
ORD-006892,2024-10-11,DED-001,1,4.99,2.0
ORD-006924,2024-10-11,DED-003,2,12.99,5.0
ORD-004878,2024-10-11,SEA-006,16,14.99,5.0
ORD-004880,2024-10-11,INT-006,2,199.99,80.0
ORD-005805,2024-10-11,DED-002,3,8.99,3.0
ORD-008788,2024-10-11,TRD-001,6,39.99,15.0
ORD-002162,2024-10-11,DED-004,2,9.99,4.0
ORD-007836,2024-10-11,TRD-005,5,19.99,8.0
ORD-008216,2024-10-11,SEA-008,9,5.99,2.0
ORD-000956,2024-10-11,STB-003,3,12.99,5.0
ORD-005124,2024-10-11,TRD-002,5,19.99,5.0
ORD-005945,2024-10-12,TRD-006,5,24.99,10.0
ORD-006035,2024-10-12,DED-005,3,24.99,10.0
ORD-001117,2024-10-12,STB-008,5,3.99,1.5
ORD-009449,2024-10-12,DED-005,1,24.99,10.0
ORD-007696,2024-10-12,SEA-006,11,14.99,5.0
ORD-009882,2024-10-12,TRD-003,2,29.99,12.0
ORD-001592,2024-10-12,SEA-001,11,19.99,8.0
ORD-006131,2024-10-12,SEA-007,5,11.99,4.0
ORD-000709,2024-10-12,STB-004,4,7.99,3.0
ORD-009810,2024-10-12,TRD-004,5,24.99,10.0
ORD-005938,2024-10-12,SEA-005,9,59.99,25.0
ORD-006749,2024-10-12,DED-003,3,12.99,5.0
ORD-003256,2024-10-13,STB-002,6,14.99,6.0
ORD-009973,2024-10-13,TRD-007,4,39.99,15.0
ORD-009879,2024-10-13,DED-003,2,12.99,5.0
ORD-000739,2024-10-13,DED-003,4,12.99,5.0
ORD-009459,2024-10-13,STB-010,1,4.49,1.5
ORD-009688,2024-10-13,DED-001,3,4.99,2.0
ORD-002015,2024-10-13,TRD-005,4,19.99,8.0
ORD-004409,2024-10-13,DED-001,2,4.99,2.0
ORD-004246,2024-10-13,STB-001,2,9.99,4.0
ORD-005218,2024-10-13,SEA-005,4,59.99,25.0
ORD-002636,2024-10-13,DED-002,2,8.99,3.0
ORD-005819,2024-10-13,STB-008,6,3.99,1.5
ORD-002852,2024-10-13,STB-002,6,14.99,6.0
ORD-000882,2024-10-13,TRD-005,4,19.99,8.0
ORD-005564,2024-10-13,STB-002,2,14.99,6.0
ORD-009794,2024-10-14,SEA-003,5,29.99,12.0
ORD-000621,2024-10-14,SEA-006,11,14.99,5.0
ORD-006249,2024-10-14,TRD-002,5,19.99,5.0
ORD-007374,2024-10-14,SEA-007,4,11.99,4.0
ORD-007049,2024-10-14,SEA-007,12,11.99,4.0
ORD-005238,2024-10-14,SEA-009,9,24.99,10.0
ORD-000969,2024-10-14,SEA-010,15,14.99,6.0
ORD-009854,2024-10-14,SEA-006,4,14.99,5.0
ORD-002676,2024-10-14,STB-008,3,3.99,1.5
ORD-001391,2024-10-14,STB-003,4,12.99,5.0
ORD-000656,2024-10-14,STB-003,4,12.99,5.0
ORD-003037,2024-10-14,SEA-007,13,11.99,4.0
ORD-005156,2024-10-14,DED-001,2,4.99,2.0
ORD-009282,2024-10-14,TRD-004,6,24.99,10.0
ORD-004178,2024-10-15,INT-008,1,299.99,100.0
ORD-006520,2024-10-15,SEA-007,7,11.99,4.0
ORD-002828,2024-10-15,SEA-006,16,14.99,5.0
ORD-007106,2024-10-15,STB-001,5,9.99,4.0
ORD-004241,2024-10-15,TRD-008,4,14.99,3.0
ORD-006688,2024-10-15,TRD-005,6,19.99,8.0
ORD-009776,2024-10-15,STB-001,4,9.99,4.0
ORD-000707,2024-10-15,DED-004,2,9.99,4.0
ORD-004680,2024-10-15,SEA-005,20,59.99,25.0
ORD-002165,2024-10-15,SEA-004,10,34.99,15.0
ORD-008873,2024-10-16,TRD-002,10,19.99,5.0
ORD-003983,2024-10-16,DED-002,1,8.99,3.0
ORD-004975,2024-10-16,SEA-002,7,9.99,3.5
ORD-005404,2024-10-16,STB-008,4,3.99,1.5
ORD-004800,2024-10-16,INT-007,2,179.99,70.0
ORD-004820,2024-10-16,SEA-010,9,14.99,6.0
ORD-008893,2024-10-16,DED-004,2,9.99,4.0
ORD-006200,2024-10-16,SEA-010,9,14.99,6.0
ORD-007201,2024-10-16,TRD-005,2,19.99,8.0
ORD-003856,2024-10-16,DED-003,1,12.99,5.0
ORD-006493,2024-10-16,TRD-005,7,19.99,8.0
ORD-000594,2024-10-16,SEA-007,9,11.99,4.0
ORD-001367,2024-10-16,INT-007,2,179.99,70.0
ORD-001361,2024-10-16,SEA-005,10,59.99,25.0
ORD-007263,2024-10-16,DED-001,1,4.99,2.0
ORD-002047,2024-10-16,STB-003,7,12.99,5.0
ORD-007671,2024-10-16,INT-004,7,149.99,60.0
ORD-003977,2024-10-17,DED-004,3,9.99,4.0
ORD-001003,2024-10-17,DED-002,3,8.99,3.0
ORD-007281,2024-10-17,STB-002,4,14.99,6.0
ORD-004935,2024-10-17,DED-002,3,8.99,3.0
ORD-001782,2024-10-17,SEA-006,7,14.99,5.0
ORD-005272,2024-10-17,DED-001,5,4.99,2.0
ORD-007353,2024-10-17,SEA-008,6,5.99,2.0
ORD-009527,2024-10-17,TRD-006,6,24.99,10.0
ORD-009765,2024-10-17,TRD-004,4,24.99,10.0
ORD-008354,2024-10-17,SEA-010,9,14.99,6.0
ORD-007161,2024-10-17,STB-001,6,9.99,4.0
ORD-003368,2024-10-17,STB-007,4,5.99,2.0
ORD-009620,2024-10-17,DED-005,3,24.99,10.0
ORD-000191,2024-10-17,SEA-008,9,5.99,2.0
ORD-008285,2024-10-17,INT-002,4,99.99,40.0
ORD-003055,2024-10-17,DED-001,2,4.99,2.0
ORD-007317,2024-10-17,DED-003,2,12.99,5.0
ORD-000003,2024-10-17,SEA-006,12,14.99,5.0
ORD-004093,2024-10-17,TRD-003,6,29.99,12.0
ORD-007510,2024-10-18,DED-005,3,24.99,10.0
ORD-006671,2024-10-18,DED-002,4,8.99,3.0
ORD-007920,2024-10-18,STB-002,2,14.99,6.0
ORD-001588,2024-10-18,TRD-008,5,14.99,3.0
ORD-008281,2024-10-18,STB-002,3,14.99,6.0
ORD-002792,2024-10-18,TRD-001,2,39.99,15.0
ORD-007279,2024-10-18,INT-002,4,99.99,40.0
ORD-009343,2024-10-18,DED-004,3,9.99,4.0
ORD-004982,2024-10-18,DED-003,5,12.99,5.0
ORD-000426,2024-10-18,STB-001,4,9.99,4.0
ORD-009249,2024-10-18,TRD-008,3,14.99,3.0
ORD-008077,2024-10-18,SEA-004,10,34.99,15.0
ORD-001267,2024-10-18,TRD-005,4,19.99,8.0
ORD-000030,2024-10-18,SEA-009,7,24.99,10.0
ORD-006529,2024-10-19,SEA-002,13,9.99,3.5
ORD-009726,2024-10-19,DED-004,2,9.99,4.0
ORD-008250,2024-10-19,DED-001,6,4.99,2.0
ORD-004313,2024-10-19,SEA-006,13,14.99,5.0
ORD-001278,2024-10-19,TRD-001,7,39.99,15.0
ORD-004219,2024-10-19,SEA-002,16,9.99,3.5
ORD-006680,2024-10-19,STB-002,4,14.99,6.0
ORD-002401,2024-10-19,STB-009,3,4.99,2.5
ORD-006845,2024-10-19,TRD-003,4,29.99,12.0
ORD-005887,2024-10-19,TRD-004,5,24.99,10.0
ORD-007159,2024-10-19,SEA-006,8,14.99,5.0
ORD-004029,2024-10-19,TRD-007,2,39.99,15.0
ORD-006423,2024-10-20,STB-002,1,14.99,6.0
ORD-009615,2024-10-20,DED-005,2,24.99,10.0
ORD-003424,2024-10-20,STB-004,7,7.99,3.0
ORD-006872,2024-10-20,STB-010,4,4.49,1.5
ORD-006750,2024-10-20,TRD-005,2,19.99,8.0
ORD-004152,2024-10-20,SEA-006,12,14.99,5.0
ORD-003093,2024-10-20,SEA-007,16,11.99,4.0
ORD-001024,2024-10-20,STB-007,6,5.99,2.0
ORD-004593,2024-10-20,INT-002,4,99.99,40.0
ORD-003964,2024-10-20,TRD-001,6,39.99,15.0
ORD-004338,2024-10-21,TRD-008,7,14.99,3.0
ORD-008022,2024-10-21,DED-004,4,9.99,4.0
ORD-008092,2024-10-21,STB-001,3,9.99,4.0
ORD-008751,2024-10-21,INT-005,4,119.99,45.0
ORD-002103,2024-10-21,TRD-003,6,29.99,12.0
ORD-002253,2024-10-21,STB-001,3,9.99,4.0
ORD-000635,2024-10-21,SEA-003,7,29.99,12.0
ORD-002092,2024-10-21,TRD-007,2,39.99,15.0
ORD-003490,2024-10-21,DED-005,2,24.99,10.0
ORD-002059,2024-10-21,SEA-009,4,24.99,10.0
ORD-008419,2024-10-22,STB-010,3,4.49,1.5
ORD-007403,2024-10-22,SEA-009,7,24.99,10.0
ORD-008184,2024-10-22,TRD-005,2,19.99,8.0
ORD-003038,2024-10-22,TRD-003,4,29.99,12.0
ORD-000458,2024-10-22,DED-004,4,9.99,4.0
ORD-001718,2024-10-22,STB-010,2,4.49,1.5
ORD-004527,2024-10-22,SEA-004,6,34.99,15.0
ORD-007808,2024-10-22,DED-002,3,8.99,3.0
ORD-007070,2024-10-22,SEA-002,9,9.99,3.5
ORD-003999,2024-10-22,STB-002,3,14.99,6.0
ORD-000180,2024-10-22,DED-001,4,4.99,2.0
ORD-007479,2024-10-22,DED-003,2,12.99,5.0
ORD-005842,2024-10-22,SEA-010,11,14.99,6.0
ORD-007247,2024-10-22,SEA-001,11,19.99,8.0
ORD-004648,2024-10-22,TRD-003,6,29.99,12.0
ORD-002316,2024-10-22,DED-002,2,8.99,3.0
ORD-006578,2024-10-22,SEA-003,7,29.99,12.0
ORD-000067,2024-10-23,SEA-006,10,14.99,5.0
ORD-005159,2024-10-23,DED-004,6,9.99,4.0
ORD-003270,2024-10-23,SEA-004,9,34.99,15.0
ORD-005890,2024-10-23,STB-003,1,12.99,5.0
ORD-004485,2024-10-23,TRD-003,3,29.99,12.0
ORD-005939,2024-10-23,DED-001,3,4.99,2.0
ORD-000775,2024-10-23,DED-004,2,9.99,4.0
ORD-006699,2024-10-23,STB-010,2,4.49,1.5
ORD-005415,2024-10-23,DED-002,4,8.99,3.0
ORD-003051,2024-10-23,SEA-001,9,19.99,8.0
ORD-006898,2024-10-23,TRD-006,4,24.99,10.0
ORD-000649,2024-10-23,SEA-004,5,34.99,15.0
ORD-004512,2024-10-23,STB-004,1,7.99,3.0
ORD-004803,2024-10-23,STB-009,2,4.99,2.5
ORD-000528,2024-10-23,TRD-006,1,24.99,10.0
ORD-001525,2024-10-23,TRD-007,5,39.99,15.0
ORD-000820,2024-10-23,STB-010,1,4.49,1.5
ORD-002327,2024-10-24,STB-010,2,4.49,1.5
ORD-004319,2024-10-24,TRD-008,3,14.99,3.0
ORD-005529,2024-10-24,STB-010,2,4.49,1.5
ORD-008733,2024-10-24,DED-004,8,9.99,4.0
ORD-004255,2024-10-24,STB-006,2,7.99,3.0
ORD-002705,2024-10-24,DED-001,4,4.99,2.0
ORD-006813,2024-10-24,DED-004,7,9.99,4.0
ORD-001425,2024-10-24,TRD-005,4,19.99,8.0
ORD-003155,2024-10-24,STB-006,2,7.99,3.0
ORD-003364,2024-10-24,SEA-008,9,5.99,2.0
ORD-004709,2024-10-24,DED-004,1,9.99,4.0
ORD-009941,2024-10-24,INT-007,1,179.99,70.0
ORD-003608,2024-10-25,DED-001,4,4.99,2.0
ORD-006752,2024-10-25,DED-003,3,12.99,5.0
ORD-002985,2024-10-25,STB-002,5,14.99,6.0
ORD-008473,2024-10-25,SEA-009,10,24.99,10.0
ORD-002359,2024-10-25,SEA-001,10,19.99,8.0
ORD-004297,2024-10-25,STB-001,2,9.99,4.0
ORD-005539,2024-10-25,DED-002,3,8.99,3.0
ORD-002809,2024-10-25,DED-001,6,4.99,2.0
ORD-000527,2024-10-25,STB-002,4,14.99,6.0
ORD-000582,2024-10-25,SEA-007,9,11.99,4.0
ORD-003714,2024-10-25,DED-004,3,9.99,4.0
ORD-003106,2024-10-25,TRD-008,8,14.99,3.0
ORD-003744,2024-10-25,DED-001,2,4.99,2.0
ORD-003637,2024-10-25,INT-004,3,149.99,60.0
ORD-009656,2024-10-25,DED-002,5,8.99,3.0
ORD-000233,2024-10-25,STB-002,1,14.99,6.0
ORD-003104,2024-10-26,DED-005,3,24.99,10.0
ORD-006346,2024-10-26,TRD-008,7,14.99,3.0
ORD-004217,2024-10-26,DED-004,4,9.99,4.0
ORD-006362,2024-10-26,SEA-004,6,34.99,15.0
ORD-007930,2024-10-26,STB-002,3,14.99,6.0
ORD-006557,2024-10-26,TRD-002,7,19.99,5.0
ORD-009775,2024-10-26,INT-004,3,149.99,60.0
ORD-005530,2024-10-26,DED-001,4,4.99,2.0
ORD-001661,2024-10-26,TRD-007,3,39.99,15.0
ORD-000958,2024-10-26,STB-003,5,12.99,5.0
ORD-007799,2024-10-26,STB-005,5,6.99,2.5
ORD-009219,2024-10-26,STB-002,3,14.99,6.0
ORD-005868,2024-10-26,DED-001,3,4.99,2.0
ORD-007708,2024-10-26,DED-004,1,9.99,4.0
ORD-007294,2024-10-26,SEA-002,8,9.99,3.5
ORD-004394,2024-10-26,TRD-008,1,14.99,3.0
ORD-003395,2024-10-27,STB-005,4,6.99,2.5
ORD-008346,2024-10-27,TRD-004,3,24.99,10.0
ORD-008590,2024-10-27,STB-003,4,12.99,5.0
ORD-001092,2024-10-27,TRD-003,8,29.99,12.0
ORD-009871,2024-10-27,SEA-003,5,29.99,12.0
ORD-008118,2024-10-27,DED-001,5,4.99,2.0
ORD-009664,2024-10-27,DED-001,1,4.99,2.0
ORD-005782,2024-10-27,SEA-004,6,34.99,15.0
ORD-002192,2024-10-27,SEA-004,8,34.99,15.0
ORD-005745,2024-10-27,DED-004,3,9.99,4.0
ORD-007523,2024-10-28,SEA-005,9,59.99,25.0
ORD-003310,2024-10-28,STB-008,1,3.99,1.5
ORD-001792,2024-10-28,SEA-005,9,59.99,25.0
ORD-006476,2024-10-28,TRD-004,5,24.99,10.0
ORD-004043,2024-10-28,DED-004,8,9.99,4.0
ORD-002019,2024-10-28,TRD-002,4,19.99,5.0
ORD-007065,2024-10-28,SEA-004,9,34.99,15.0
ORD-009220,2024-10-28,SEA-003,10,29.99,12.0
ORD-008516,2024-10-28,TRD-004,10,24.99,10.0
ORD-000394,2024-10-28,TRD-007,4,39.99,15.0
ORD-006836,2024-10-28,TRD-001,5,39.99,15.0
ORD-008069,2024-10-28,SEA-005,13,59.99,25.0
ORD-009718,2024-10-28,TRD-005,1,19.99,8.0
ORD-003804,2024-10-28,SEA-010,4,14.99,6.0
ORD-000021,2024-10-28,DED-003,3,12.99,5.0
ORD-004398,2024-10-28,STB-003,1,12.99,5.0
ORD-001438,2024-10-28,STB-004,2,7.99,3.0
ORD-004623,2024-10-28,DED-004,3,9.99,4.0
ORD-009124,2024-10-28,SEA-005,8,59.99,25.0
ORD-006335,2024-10-29,DED-004,3,9.99,4.0
ORD-006816,2024-10-29,DED-001,4,4.99,2.0
ORD-004155,2024-10-29,SEA-004,5,34.99,15.0
ORD-000490,2024-10-29,DED-003,4,12.99,5.0
ORD-003512,2024-10-29,STB-010,1,4.49,1.5
ORD-009044,2024-10-29,TRD-002,10,19.99,5.0
ORD-001427,2024-10-29,STB-009,4,4.99,2.5
ORD-003914,2024-10-29,STB-005,2,6.99,2.5
ORD-004904,2024-10-29,TRD-006,3,24.99,10.0
ORD-007481,2024-10-29,STB-007,1,5.99,2.0
ORD-003503,2024-10-29,DED-001,5,4.99,2.0
ORD-002850,2024-10-29,SEA-001,7,19.99,8.0
ORD-006228,2024-10-29,SEA-005,6,59.99,25.0
ORD-003535,2024-10-29,SEA-008,6,5.99,2.0
ORD-000442,2024-10-30,STB-007,2,5.99,2.0
ORD-005049,2024-10-30,SEA-003,10,29.99,12.0
ORD-000193,2024-10-30,TRD-004,6,24.99,10.0
ORD-001268,2024-10-30,DED-003,2,12.99,5.0
ORD-007228,2024-10-30,STB-005,2,6.99,2.5
ORD-004784,2024-10-30,DED-001,1,4.99,2.0
ORD-001864,2024-10-30,SEA-005,7,59.99,25.0
ORD-007437,2024-10-30,INT-007,3,179.99,70.0
ORD-007729,2024-10-30,STB-002,4,14.99,6.0
ORD-008130,2024-10-30,SEA-003,7,29.99,12.0
ORD-005639,2024-10-30,SEA-003,9,29.99,12.0
ORD-004183,2024-10-30,SEA-006,5,14.99,5.0
ORD-007132,2024-10-30,STB-009,3,4.99,2.5
ORD-001099,2024-10-30,STB-006,3,7.99,3.0
ORD-000602,2024-10-31,STB-001,1,9.99,4.0
ORD-003925,2024-10-31,TRD-003,2,29.99,12.0
ORD-004999,2024-10-31,SEA-008,12,5.99,2.0
ORD-002639,2024-10-31,STB-008,1,3.99,1.5
ORD-001612,2024-10-31,TRD-002,7,19.99,5.0
ORD-005181,2024-10-31,STB-009,3,4.99,2.5
ORD-008418,2024-10-31,SEA-007,8,11.99,4.0
ORD-003343,2024-10-31,STB-002,1,14.99,6.0
ORD-003890,2024-10-31,DED-003,1,12.99,5.0
ORD-006549,2024-10-31,DED-005,2,24.99,10.0
ORD-006100,2024-10-31,DED-005,1,24.99,10.0
ORD-003147,2024-10-31,DED-001,2,4.99,2.0
ORD-006007,2024-10-31,TRD-005,7,19.99,8.0
ORD-007690,2024-10-31,STB-005,1,6.99,2.5
ORD-000492,2024-10-31,TRD-002,4,19.99,5.0
ORD-000096,2024-10-31,DED-004,1,9.99,4.0
ORD-004301,2024-11-01,SEA-004,8,34.99,15.0
ORD-006994,2024-11-01,TRD-005,2,19.99,8.0
ORD-002697,2024-11-01,TRD-007,5,39.99,15.0
ORD-008163,2024-11-01,SEA-010,6,14.99,6.0
ORD-005978,2024-11-01,STB-005,9,6.99,2.5
ORD-007747,2024-11-01,SEA-008,13,5.99,2.0
ORD-002155,2024-11-01,SEA-006,11,14.99,5.0
ORD-004331,2024-11-01,TRD-004,2,24.99,10.0
ORD-001313,2024-11-01,STB-002,4,14.99,6.0
ORD-005310,2024-11-01,STB-009,3,4.99,2.5
ORD-001523,2024-11-01,STB-002,3,14.99,6.0
ORD-001999,2024-11-02,SEA-009,10,24.99,10.0
ORD-000340,2024-11-02,SEA-006,20,14.99,5.0
ORD-007978,2024-11-02,STB-001,3,9.99,4.0
ORD-009593,2024-11-02,TRD-003,7,29.99,12.0
ORD-003429,2024-11-02,STB-006,3,7.99,3.0
ORD-007540,2024-11-02,STB-001,4,9.99,4.0
ORD-002981,2024-11-02,SEA-009,18,24.99,10.0
ORD-007246,2024-11-02,SEA-010,9,14.99,6.0
ORD-001299,2024-11-03,STB-004,2,7.99,3.0
ORD-004823,2024-11-03,SEA-002,9,9.99,3.5
ORD-004260,2024-11-03,SEA-002,11,9.99,3.5
ORD-001960,2024-11-03,STB-004,3,7.99,3.0
ORD-000257,2024-11-03,STB-001,2,9.99,4.0
ORD-004796,2024-11-03,STB-005,7,6.99,2.5
ORD-005387,2024-11-03,SEA-007,14,11.99,4.0
ORD-007714,2024-11-03,STB-003,3,12.99,5.0
ORD-003844,2024-11-03,SEA-010,9,14.99,6.0
ORD-009638,2024-11-04,STB-004,6,7.99,3.0
ORD-000400,2024-11-04,SEA-001,11,19.99,8.0
ORD-003710,2024-11-04,TRD-003,9,29.99,12.0
ORD-005230,2024-11-04,TRD-006,3,24.99,10.0
ORD-009796,2024-11-04,STB-001,1,9.99,4.0
ORD-005540,2024-11-04,SEA-006,12,14.99,5.0
ORD-009937,2024-11-04,TRD-005,4,19.99,8.0
ORD-004745,2024-11-04,STB-007,4,5.99,2.0
ORD-005770,2024-11-05,INT-005,3,119.99,45.0
ORD-007300,2024-11-05,SEA-004,7,34.99,15.0
ORD-003632,2024-11-05,TRD-008,5,14.99,3.0
ORD-000670,2024-11-05,SEA-008,12,5.99,2.0
ORD-002802,2024-11-05,SEA-008,8,5.99,2.0
ORD-004228,2024-11-05,SEA-008,14,5.99,2.0
ORD-008571,2024-11-05,SEA-005,9,59.99,25.0
ORD-005254,2024-11-05,STB-007,2,5.99,2.0
ORD-005844,2024-11-05,SEA-006,18,14.99,5.0
ORD-009097,2024-11-05,SEA-003,12,29.99,12.0
ORD-000091,2024-11-05,TRD-008,3,14.99,3.0
ORD-000005,2024-11-06,STB-008,5,3.99,1.5
ORD-009991,2024-11-06,SEA-006,9,14.99,5.0
ORD-009421,2024-11-06,SEA-004,10,34.99,15.0
ORD-002387,2024-11-06,SEA-002,15,9.99,3.5
ORD-008379,2024-11-06,STB-005,4,6.99,2.5
ORD-001698,2024-11-06,TRD-002,4,19.99,5.0
ORD-002400,2024-11-06,TRD-008,5,14.99,3.0
ORD-005123,2024-11-06,STB-004,2,7.99,3.0
ORD-007633,2024-11-07,SEA-001,8,19.99,8.0
ORD-009637,2024-11-07,TRD-001,3,39.99,15.0
ORD-000102,2024-11-07,SEA-001,13,19.99,8.0
ORD-008323,2024-11-07,SEA-001,10,19.99,8.0
ORD-002830,2024-11-07,STB-009,3,4.99,2.5
ORD-004587,2024-11-07,SEA-003,12,29.99,12.0
ORD-001089,2024-11-08,TRD-008,5,14.99,3.0
ORD-009880,2024-11-08,TRD-007,4,39.99,15.0
ORD-002375,2024-11-08,TRD-005,3,19.99,8.0
ORD-004063,2024-11-08,TRD-008,6,14.99,3.0
ORD-005794,2024-11-08,SEA-010,10,14.99,6.0
ORD-000023,2024-11-08,SEA-005,9,59.99,25.0
ORD-005290,2024-11-08,STB-010,3,4.49,1.5
ORD-008534,2024-11-08,STB-007,4,5.99,2.0
ORD-004349,2024-11-08,SEA-001,16,19.99,8.0
ORD-004990,2024-11-08,TRD-002,2,19.99,5.0
ORD-004938,2024-11-08,STB-009,1,4.99,2.5
ORD-002184,2024-11-09,INT-008,2,299.99,100.0
ORD-009867,2024-11-09,TRD-007,6,39.99,15.0
ORD-003616,2024-11-09,INT-007,4,179.99,70.0
ORD-008917,2024-11-09,TRD-005,4,19.99,8.0
ORD-006241,2024-11-09,SEA-010,14,14.99,6.0
ORD-008013,2024-11-09,TRD-003,2,29.99,12.0
ORD-007520,2024-11-10,SEA-008,11,5.99,2.0
ORD-004205,2024-11-10,STB-007,6,5.99,2.0
ORD-003776,2024-11-10,SEA-009,12,24.99,10.0
ORD-005186,2024-11-10,STB-002,2,14.99,6.0
ORD-006208,2024-11-10,TRD-005,3,19.99,8.0
ORD-008528,2024-11-10,TRD-003,5,29.99,12.0
ORD-003043,2024-11-10,STB-002,2,14.99,6.0
ORD-004628,2024-11-10,TRD-007,2,39.99,15.0
ORD-001636,2024-11-10,SEA-009,5,24.99,10.0
ORD-003869,2024-11-10,TRD-008,8,14.99,3.0
ORD-008604,2024-11-10,SEA-002,13,9.99,3.5
ORD-006294,2024-11-10,TRD-001,8,39.99,15.0
ORD-005596,2024-11-11,STB-010,4,4.49,1.5
ORD-009250,2024-11-11,SEA-003,6,29.99,12.0
ORD-008169,2024-11-11,STB-005,2,6.99,2.5
ORD-000966,2024-11-11,TRD-001,8,39.99,15.0
ORD-001508,2024-11-11,TRD-001,8,39.99,15.0
ORD-007738,2024-11-11,TRD-002,5,19.99,5.0
ORD-003502,2024-11-11,SEA-009,10,24.99,10.0
ORD-006276,2024-11-11,SEA-009,10,24.99,10.0
ORD-009506,2024-11-11,STB-008,4,3.99,1.5
ORD-008678,2024-11-11,TRD-001,4,39.99,15.0
ORD-004021,2024-11-12,TRD-003,7,29.99,12.0
ORD-005428,2024-11-12,STB-010,3,4.49,1.5
ORD-007270,2024-11-12,TRD-008,3,14.99,3.0
ORD-003024,2024-11-12,STB-006,1,7.99,3.0
ORD-006128,2024-11-12,SEA-005,20,59.99,25.0
ORD-006365,2024-11-12,STB-005,4,6.99,2.5
ORD-006832,2024-11-12,SEA-008,14,5.99,2.0
ORD-009418,2024-11-12,STB-003,8,12.99,5.0
ORD-001114,2024-11-12,INT-005,6,119.99,45.0
ORD-007768,2024-11-12,SEA-005,10,59.99,25.0
ORD-007535,2024-11-12,STB-007,1,5.99,2.0
ORD-002934,2024-11-12,STB-005,2,6.99,2.5
ORD-007178,2024-11-12,SEA-001,9,19.99,8.0
ORD-003864,2024-11-13,TRD-003,3,29.99,12.0
ORD-008512,2024-11-13,SEA-009,13,24.99,10.0
ORD-004434,2024-11-13,SEA-010,9,14.99,6.0
ORD-009205,2024-11-13,SEA-008,6,5.99,2.0
ORD-002307,2024-11-13,SEA-006,11,14.99,5.0
ORD-004259,2024-11-13,TRD-003,10,29.99,12.0
ORD-007743,2024-11-13,SEA-006,6,14.99,5.0
ORD-006810,2024-11-13,STB-009,5,4.99,2.5
ORD-004951,2024-11-13,STB-003,5,12.99,5.0
ORD-000119,2024-11-13,TRD-004,5,24.99,10.0
ORD-003583,2024-11-13,STB-003,1,12.99,5.0
ORD-008560,2024-11-13,SEA-010,15,14.99,6.0
ORD-003859,2024-11-13,STB-007,2,5.99,2.0
ORD-006625,2024-11-14,STB-005,3,6.99,2.5
ORD-008032,2024-11-14,SEA-009,12,24.99,10.0
ORD-000874,2024-11-14,STB-006,5,7.99,3.0
ORD-003954,2024-11-14,TRD-001,8,39.99,15.0
ORD-005110,2024-11-14,TRD-001,5,39.99,15.0
ORD-006926,2024-11-15,SEA-001,17,19.99,8.0
ORD-000337,2024-11-15,SEA-007,17,11.99,4.0
ORD-001284,2024-11-15,SEA-008,9,5.99,2.0
ORD-003182,2024-11-15,INT-008,4,299.99,100.0
ORD-002982,2024-11-15,STB-007,2,5.99,2.0
ORD-008776,2024-11-15,STB-010,4,4.49,1.5
ORD-002539,2024-11-16,STB-002,4,14.99,6.0
ORD-005908,2024-11-16,STB-001,6,9.99,4.0
ORD-009133,2024-11-16,TRD-005,4,19.99,8.0
ORD-006126,2024-11-16,STB-003,2,12.99,5.0
ORD-003012,2024-11-16,SEA-010,9,14.99,6.0
ORD-008808,2024-11-16,STB-010,1,4.49,1.5
ORD-009686,2024-11-16,SEA-010,7,14.99,6.0
ORD-008831,2024-11-17,TRD-005,7,19.99,8.0
ORD-006227,2024-11-17,SEA-003,20,29.99,12.0
ORD-008697,2024-11-17,SEA-001,17,19.99,8.0
ORD-003626,2024-11-17,SEA-003,10,29.99,12.0
ORD-002814,2024-11-17,STB-008,3,3.99,1.5
ORD-008353,2024-11-17,SEA-009,9,24.99,10.0
ORD-009708,2024-11-18,TRD-002,5,19.99,5.0
ORD-000554,2024-11-18,STB-006,4,7.99,3.0
ORD-007289,2024-11-18,SEA-004,11,34.99,15.0
ORD-007567,2024-11-18,STB-005,4,6.99,2.5
ORD-005278,2024-11-18,INT-003,5,59.99,25.0
ORD-007287,2024-11-18,STB-004,3,7.99,3.0
ORD-002140,2024-11-18,SEA-009,14,24.99,10.0
ORD-000601,2024-11-18,SEA-010,6,14.99,6.0
ORD-003577,2024-11-18,STB-003,2,12.99,5.0
ORD-008780,2024-11-18,TRD-007,4,39.99,15.0
ORD-002917,2024-11-18,STB-010,5,4.49,1.5
ORD-008543,2024-11-18,TRD-008,11,14.99,3.0
ORD-002196,2024-11-18,STB-010,5,4.49,1.5
ORD-003715,2024-11-18,TRD-004,8,24.99,10.0
ORD-009860,2024-11-19,SEA-003,15,29.99,12.0
ORD-004842,2024-11-19,STB-001,2,9.99,4.0
ORD-009137,2024-11-19,TRD-005,3,19.99,8.0
ORD-004606,2024-11-19,TRD-002,3,19.99,5.0
ORD-009495,2024-11-19,STB-002,2,14.99,6.0
ORD-008922,2024-11-19,SEA-010,9,14.99,6.0
ORD-006117,2024-11-19,TRD-002,6,19.99,5.0
ORD-006301,2024-11-19,SEA-008,12,5.99,2.0
ORD-005223,2024-11-19,SEA-007,8,11.99,4.0
ORD-002045,2024-11-19,STB-010,2,4.49,1.5
ORD-000207,2024-11-19,STB-002,3,14.99,6.0
ORD-007849,2024-11-20,TRD-006,8,24.99,10.0
ORD-008180,2024-11-20,STB-007,2,5.99,2.0
ORD-008767,2024-11-20,SEA-010,12,14.99,6.0
ORD-005792,2024-11-20,SEA-001,8,19.99,8.0
ORD-005852,2024-11-20,TRD-008,5,14.99,3.0
ORD-005748,2024-11-20,TRD-008,5,14.99,3.0
ORD-007147,2024-11-20,SEA-001,13,19.99,8.0
ORD-005407,2024-11-20,TRD-003,7,29.99,12.0
ORD-007213,2024-11-20,STB-007,3,5.99,2.0
ORD-002434,2024-11-20,STB-006,1,7.99,3.0
ORD-003581,2024-11-20,STB-001,3,9.99,4.0
ORD-008097,2024-11-20,SEA-006,17,14.99,5.0
ORD-007584,2024-11-21,TRD-003,5,29.99,12.0
ORD-003436,2024-11-21,STB-005,5,6.99,2.5
ORD-006758,2024-11-21,STB-010,2,4.49,1.5
ORD-009928,2024-11-21,TRD-001,6,39.99,15.0
ORD-009610,2024-11-21,SEA-008,4,5.99,2.0
ORD-006751,2024-11-21,SEA-007,17,11.99,4.0
ORD-005858,2024-11-21,STB-002,2,14.99,6.0
ORD-000385,2024-11-21,STB-006,5,7.99,3.0
ORD-007995,2024-11-21,TRD-008,8,14.99,3.0
ORD-000769,2024-11-21,STB-010,4,4.49,1.5
ORD-001962,2024-11-21,TRD-008,5,14.99,3.0
ORD-000984,2024-11-21,TRD-006,3,24.99,10.0
ORD-006270,2024-11-21,STB-007,8,5.99,2.0
ORD-009104,2024-11-21,TRD-007,4,39.99,15.0
ORD-001932,2024-11-22,TRD-007,6,39.99,15.0
ORD-009980,2024-11-22,SEA-002,9,9.99,3.5
ORD-008981,2024-11-22,STB-010,2,4.49,1.5
ORD-009939,2024-11-22,STB-006,1,7.99,3.0
ORD-000919,2024-11-22,STB-007,3,5.99,2.0
ORD-001638,2024-11-22,STB-005,2,6.99,2.5
ORD-005324,2024-11-22,SEA-009,8,24.99,10.0
ORD-009803,2024-11-22,SEA-006,11,14.99,5.0
ORD-003574,2024-11-22,STB-001,2,9.99,4.0
ORD-005441,2024-11-23,SEA-004,14,34.99,15.0
ORD-006073,2024-11-23,SEA-005,4,59.99,25.0
ORD-000609,2024-11-23,SEA-001,13,19.99,8.0
ORD-004889,2024-11-23,STB-009,3,4.99,2.5
ORD-005972,2024-11-23,SEA-010,11,14.99,6.0
ORD-005010,2024-11-23,TRD-003,3,29.99,12.0
ORD-002271,2024-11-23,STB-006,5,7.99,3.0
ORD-005421,2024-11-23,TRD-003,4,29.99,12.0
ORD-002309,2024-11-23,TRD-002,3,19.99,5.0
ORD-002577,2024-11-23,STB-008,4,3.99,1.5
ORD-007831,2024-11-24,SEA-001,12,19.99,8.0
ORD-002377,2024-11-24,SEA-005,13,59.99,25.0
ORD-007759,2024-11-24,INT-005,2,119.99,45.0
ORD-001577,2024-11-24,SEA-008,13,5.99,2.0
ORD-008345,2024-11-24,STB-003,1,12.99,5.0
ORD-008748,2024-11-24,TRD-005,4,19.99,8.0
ORD-000735,2024-11-24,TRD-007,3,39.99,15.0
ORD-007895,2024-11-25,SEA-005,15,59.99,25.0
ORD-009025,2024-11-25,SEA-006,20,14.99,5.0
ORD-002382,2024-11-25,STB-002,1,14.99,6.0
ORD-008647,2024-11-25,SEA-007,11,11.99,4.0
ORD-002798,2024-11-25,STB-006,4,7.99,3.0
ORD-009684,2024-11-25,SEA-006,11,14.99,5.0
ORD-003336,2024-11-25,SEA-007,17,11.99,4.0
ORD-002319,2024-11-25,INT-006,5,199.99,80.0
ORD-008851,2024-11-26,STB-002,5,14.99,6.0
ORD-000064,2024-11-26,SEA-002,19,9.99,3.5
ORD-000809,2024-11-26,STB-003,2,12.99,5.0
ORD-001025,2024-11-26,STB-006,3,7.99,3.0
ORD-000837,2024-11-26,SEA-010,17,14.99,6.0
ORD-002744,2024-11-26,STB-003,2,12.99,5.0
ORD-006098,2024-11-26,STB-001,3,9.99,4.0
ORD-004723,2024-11-26,SEA-002,19,9.99,3.5
ORD-000675,2024-11-27,SEA-005,12,59.99,25.0
ORD-007440,2024-11-27,SEA-003,21,29.99,12.0
ORD-008990,2024-11-27,TRD-003,7,29.99,12.0
ORD-003257,2024-11-27,TRD-001,4,39.99,15.0
ORD-000848,2024-11-27,TRD-008,7,14.99,3.0
ORD-009798,2024-11-27,STB-009,2,4.99,2.5
ORD-006885,2024-11-27,STB-008,3,3.99,1.5
ORD-007610,2024-11-28,INT-001,2,19.99,8.0
ORD-005841,2024-11-28,STB-005,1,6.99,2.5
ORD-006289,2024-11-28,STB-003,4,12.99,5.0
ORD-001398,2024-11-28,INT-008,2,299.99,100.0
ORD-004538,2024-11-28,TRD-006,5,24.99,10.0
ORD-008217,2024-11-28,INT-003,2,59.99,25.0
ORD-000674,2024-11-28,SEA-006,13,14.99,5.0
ORD-007800,2024-11-28,STB-008,4,3.99,1.5
ORD-009646,2024-11-28,TRD-005,5,19.99,8.0
ORD-005109,2024-11-28,SEA-001,11,19.99,8.0
ORD-005678,2024-11-28,STB-006,2,7.99,3.0
ORD-009605,2024-11-28,STB-009,9,4.99,2.5
ORD-000297,2024-11-28,TRD-007,5,39.99,15.0
ORD-004429,2024-11-29,TRD-006,6,24.99,10.0
ORD-002566,2024-11-29,STB-009,1,4.99,2.5
ORD-005279,2024-11-29,TRD-006,7,24.99,10.0
ORD-008823,2024-11-29,SEA-001,12,19.99,8.0
ORD-008273,2024-11-29,STB-007,3,5.99,2.0
ORD-005062,2024-11-29,TRD-002,4,19.99,5.0
ORD-001118,2024-11-29,SEA-006,10,14.99,5.0
ORD-007410,2024-11-29,STB-008,3,3.99,1.5
ORD-002879,2024-11-29,TRD-001,4,39.99,15.0
ORD-002456,2024-11-29,STB-007,4,5.99,2.0
ORD-001994,2024-11-29,STB-002,6,14.99,6.0
ORD-002995,2024-11-30,STB-001,2,9.99,4.0
ORD-001346,2024-11-30,STB-005,2,6.99,2.5
ORD-007169,2024-11-30,STB-003,5,12.99,5.0
ORD-001679,2024-11-30,STB-006,3,7.99,3.0
ORD-000563,2024-11-30,TRD-002,2,19.99,5.0
ORD-008137,2024-11-30,SEA-008,9,5.99,2.0
ORD-006109,2024-11-30,STB-006,4,7.99,3.0
ORD-002067,2024-12-01,SEA-004,12,34.99,15.0
ORD-009657,2024-12-01,STB-002,5,14.99,6.0
ORD-007492,2024-12-01,SEA-007,19,11.99,4.0
ORD-001850,2024-12-01,SEA-007,20,11.99,4.0
ORD-000450,2024-12-01,TRD-002,3,19.99,5.0
ORD-006478,2024-12-01,STB-002,2,14.99,6.0
ORD-006738,2024-12-01,STB-008,2,3.99,1.5
ORD-001483,2024-12-01,SEA-005,14,59.99,25.0
ORD-009090,2024-12-01,TRD-006,5,24.99,10.0
ORD-002283,2024-12-02,STB-010,4,4.49,1.5
ORD-002796,2024-12-02,STB-006,1,7.99,3.0
ORD-008542,2024-12-02,TRD-001,4,39.99,15.0
ORD-009251,2024-12-02,STB-004,3,7.99,3.0
ORD-005918,2024-12-02,TRD-008,5,14.99,3.0
ORD-003331,2024-12-02,STB-005,3,6.99,2.5
ORD-003352,2024-12-02,TRD-007,7,39.99,15.0
ORD-007601,2024-12-02,TRD-008,5,14.99,3.0
ORD-007362,2024-12-03,SEA-002,14,9.99,3.5
ORD-008772,2024-12-03,STB-005,4,6.99,2.5
ORD-008969,2024-12-03,STB-006,2,7.99,3.0
ORD-004074,2024-12-03,STB-006,6,7.99,3.0
ORD-000899,2024-12-03,TRD-001,5,39.99,15.0
ORD-005798,2024-12-04,STB-005,4,6.99,2.5
ORD-005787,2024-12-04,STB-005,7,6.99,2.5
ORD-000198,2024-12-04,STB-004,1,7.99,3.0
ORD-006357,2024-12-04,SEA-001,16,19.99,8.0
ORD-001930,2024-12-04,TRD-001,3,39.99,15.0
ORD-006969,2024-12-04,TRD-004,4,24.99,10.0
ORD-002655,2024-12-04,TRD-001,6,39.99,15.0
ORD-004295,2024-12-04,TRD-008,3,14.99,3.0
ORD-001257,2024-12-05,STB-006,2,7.99,3.0
ORD-009165,2024-12-05,STB-005,3,6.99,2.5
ORD-005009,2024-12-05,STB-007,5,5.99,2.0
ORD-000434,2024-12-05,STB-008,5,3.99,1.5
ORD-001576,2024-12-05,SEA-007,22,11.99,4.0
ORD-006556,2024-12-05,INT-004,3,149.99,60.0
ORD-003661,2024-12-05,SEA-008,17,5.99,2.0
ORD-006644,2024-12-05,SEA-006,17,14.99,5.0
ORD-005848,2024-12-06,TRD-007,8,39.99,15.0
ORD-004225,2024-12-06,TRD-001,4,39.99,15.0
ORD-000126,2024-12-06,SEA-010,12,14.99,6.0
ORD-003881,2024-12-06,SEA-003,13,29.99,12.0
ORD-002493,2024-12-06,TRD-005,4,19.99,8.0
ORD-008306,2024-12-06,TRD-005,6,19.99,8.0
ORD-002068,2024-12-07,SEA-003,19,29.99,12.0
ORD-009873,2024-12-07,TRD-008,2,14.99,3.0
ORD-004041,2024-12-07,SEA-001,20,19.99,8.0
ORD-007732,2024-12-07,STB-003,1,12.99,5.0
ORD-003651,2024-12-07,SEA-004,14,34.99,15.0
ORD-004239,2024-12-07,SEA-010,25,14.99,6.0
ORD-002159,2024-12-07,STB-001,3,9.99,4.0
ORD-005958,2024-12-07,SEA-007,15,11.99,4.0
ORD-000343,2024-12-07,STB-002,1,14.99,6.0
ORD-006980,2024-12-07,STB-009,4,4.99,2.5
ORD-003416,2024-12-08,SEA-006,17,14.99,5.0
ORD-009782,2024-12-08,SEA-010,21,14.99,6.0
ORD-003382,2024-12-08,STB-010,4,4.49,1.5
ORD-006209,2024-12-08,STB-002,2,14.99,6.0
ORD-002256,2024-12-08,STB-003,2,12.99,5.0
ORD-006076,2024-12-08,STB-003,4,12.99,5.0
ORD-003221,2024-12-08,SEA-004,18,34.99,15.0
ORD-003653,2024-12-08,SEA-007,15,11.99,4.0
ORD-009514,2024-12-08,SEA-006,9,14.99,5.0
ORD-003077,2024-12-08,SEA-007,8,11.99,4.0
ORD-007789,2024-12-08,TRD-007,10,39.99,15.0
ORD-000239,2024-12-09,INT-003,2,59.99,25.0
ORD-005134,2024-12-09,TRD-001,3,39.99,15.0
ORD-000552,2024-12-09,SEA-007,11,11.99,4.0
ORD-004869,2024-12-09,SEA-001,16,19.99,8.0
ORD-006791,2024-12-09,TRD-008,8,14.99,3.0
ORD-000231,2024-12-09,TRD-002,7,19.99,5.0
ORD-007373,2024-12-10,SEA-003,11,29.99,12.0
ORD-002702,2024-12-10,TRD-001,4,39.99,15.0
ORD-009161,2024-12-10,SEA-010,14,14.99,6.0
ORD-004359,2024-12-10,TRD-005,3,19.99,8.0
ORD-006261,2024-12-10,SEA-001,14,19.99,8.0
ORD-003459,2024-12-10,STB-008,1,3.99,1.5
ORD-003319,2024-12-10,STB-006,2,7.99,3.0
ORD-003753,2024-12-11,INT-002,1,99.99,40.0
ORD-007426,2024-12-11,SEA-003,11,29.99,12.0
ORD-005526,2024-12-11,INT-004,2,149.99,60.0
ORD-004761,2024-12-11,STB-007,5,5.99,2.0
ORD-008923,2024-12-11,STB-005,2,6.99,2.5
ORD-003949,2024-12-11,TRD-006,3,24.99,10.0
ORD-002470,2024-12-12,STB-003,4,12.99,5.0
ORD-003838,2024-12-12,STB-003,4,12.99,5.0
ORD-001208,2024-12-12,STB-007,4,5.99,2.0
ORD-003468,2024-12-12,SEA-005,16,59.99,25.0
ORD-002896,2024-12-12,SEA-007,8,11.99,4.0
ORD-001431,2024-12-12,SEA-008,18,5.99,2.0
ORD-004971,2024-12-12,STB-005,1,6.99,2.5
ORD-008440,2024-12-12,SEA-002,8,9.99,3.5
ORD-004104,2024-12-12,SEA-002,8,9.99,3.5
ORD-008887,2024-12-12,TRD-005,1,19.99,8.0
ORD-003759,2024-12-12,STB-001,5,9.99,4.0
ORD-001487,2024-12-12,TRD-005,5,19.99,8.0
ORD-002034,2024-12-12,STB-008,3,3.99,1.5
ORD-001443,2024-12-13,TRD-008,3,14.99,3.0
ORD-006404,2024-12-13,SEA-003,17,29.99,12.0
ORD-003878,2024-12-13,SEA-004,13,34.99,15.0
ORD-006051,2024-12-13,STB-003,1,12.99,5.0
ORD-006337,2024-12-13,STB-004,3,7.99,3.0
ORD-002498,2024-12-13,STB-001,2,9.99,4.0
ORD-009285,2024-12-13,STB-003,3,12.99,5.0
ORD-006172,2024-12-13,SEA-006,11,14.99,5.0
ORD-004472,2024-12-13,STB-007,4,5.99,2.0
ORD-001148,2024-12-13,SEA-006,7,14.99,5.0
ORD-000546,2024-12-13,SEA-001,18,19.99,8.0
ORD-006238,2024-12-13,SEA-005,11,59.99,25.0
ORD-003533,2024-12-14,TRD-001,4,39.99,15.0
ORD-003551,2024-12-14,STB-009,2,4.99,2.5
ORD-001228,2024-12-14,SEA-001,12,19.99,8.0
ORD-003943,2024-12-14,STB-002,3,14.99,6.0
ORD-003150,2024-12-15,SEA-004,14,34.99,15.0
ORD-008699,2024-12-15,STB-009,5,4.99,2.5
ORD-009218,2024-12-15,TRD-005,1,19.99,8.0
ORD-006961,2024-12-15,INT-007,3,179.99,70.0
ORD-001341,2024-12-15,SEA-001,21,19.99,8.0
ORD-004023,2024-12-15,SEA-008,18,5.99,2.0
ORD-006302,2024-12-15,STB-010,2,4.49,1.5
ORD-007015,2024-12-15,TRD-004,4,24.99,10.0
ORD-008507,2024-12-15,STB-001,4,9.99,4.0
ORD-005738,2024-12-15,SEA-003,18,29.99,12.0
ORD-007125,2024-12-15,INT-008,7,299.99,100.0
ORD-003008,2024-12-15,SEA-008,11,5.99,2.0
ORD-004067,2024-12-15,TRD-004,8,24.99,10.0
ORD-003195,2024-12-15,STB-009,4,4.99,2.5
ORD-003877,2024-12-16,SEA-002,11,9.99,3.5
ORD-008909,2024-12-16,TRD-006,3,24.99,10.0
ORD-007195,2024-12-16,STB-009,1,4.99,2.5
ORD-006277,2024-12-16,SEA-003,19,29.99,12.0
ORD-008762,2024-12-16,TRD-001,6,39.99,15.0
ORD-004402,2024-12-17,SEA-009,8,24.99,10.0
ORD-004316,2024-12-17,STB-006,5,7.99,3.0
ORD-001076,2024-12-17,STB-003,2,12.99,5.0
ORD-008199,2024-12-17,TRD-008,8,14.99,3.0
ORD-004931,2024-12-17,STB-002,4,14.99,6.0
ORD-004733,2024-12-17,SEA-005,15,59.99,25.0
ORD-006514,2024-12-17,STB-002,3,14.99,6.0
ORD-002817,2024-12-18,SEA-009,12,24.99,10.0
ORD-007653,2024-12-18,SEA-001,11,19.99,8.0
ORD-001047,2024-12-18,TRD-005,5,19.99,8.0
ORD-003259,2024-12-18,STB-002,2,14.99,6.0
ORD-000007,2024-12-18,SEA-003,16,29.99,12.0
ORD-003116,2024-12-18,INT-003,1,59.99,25.0
ORD-002322,2024-12-18,SEA-007,18,11.99,4.0
ORD-009342,2024-12-18,STB-008,3,3.99,1.5
ORD-007328,2024-12-18,TRD-003,8,29.99,12.0
ORD-004274,2024-12-18,STB-005,2,6.99,2.5
ORD-005966,2024-12-18,SEA-007,23,11.99,4.0
ORD-002760,2024-12-19,SEA-003,15,29.99,12.0
ORD-003910,2024-12-19,STB-003,3,12.99,5.0
ORD-009364,2024-12-19,SEA-001,13,19.99,8.0
ORD-004148,2024-12-19,STB-002,2,14.99,6.0
ORD-009269,2024-12-19,INT-001,2,19.99,8.0
ORD-006361,2024-12-19,STB-002,1,14.99,6.0
ORD-006341,2024-12-19,STB-006,6,7.99,3.0
ORD-002692,2024-12-19,STB-006,3,7.99,3.0
ORD-009437,2024-12-19,STB-005,3,6.99,2.5
ORD-005093,2024-12-19,SEA-005,21,59.99,25.0
ORD-009080,2024-12-19,SEA-005,18,59.99,25.0
ORD-007602,2024-12-19,SEA-009,21,24.99,10.0
ORD-001464,2024-12-19,TRD-001,3,39.99,15.0
ORD-003217,2024-12-19,STB-006,6,7.99,3.0
ORD-004658,2024-12-20,INT-005,4,119.99,45.0
ORD-003258,2024-12-20,SEA-004,15,34.99,15.0
ORD-002583,2024-12-20,STB-009,3,4.99,2.5
ORD-007822,2024-12-20,TRD-001,5,39.99,15.0
ORD-007977,2024-12-20,TRD-002,7,19.99,5.0
ORD-000435,2024-12-20,SEA-008,17,5.99,2.0
ORD-008609,2024-12-20,STB-010,1,4.49,1.5
ORD-006013,2024-12-20,STB-004,2,7.99,3.0
ORD-004821,2024-12-21,STB-001,3,9.99,4.0
ORD-008409,2024-12-21,SEA-009,25,24.99,10.0
ORD-000625,2024-12-21,SEA-003,21,29.99,12.0
ORD-006406,2024-12-21,SEA-003,12,29.99,12.0
ORD-005306,2024-12-22,STB-003,3,12.99,5.0
ORD-006504,2024-12-22,STB-008,3,3.99,1.5
ORD-001264,2024-12-22,STB-007,4,5.99,2.0
ORD-000251,2024-12-22,TRD-001,7,39.99,15.0
ORD-004715,2024-12-22,SEA-009,21,24.99,10.0
ORD-000614,2024-12-22,SEA-005,20,59.99,25.0
ORD-000942,2024-12-22,TRD-004,4,24.99,10.0
ORD-006642,2024-12-22,SEA-003,11,29.99,12.0
ORD-004012,2024-12-22,SEA-005,16,59.99,25.0
ORD-003814,2024-12-22,SEA-003,14,29.99,12.0
ORD-000851,2024-12-22,SEA-010,13,14.99,6.0
ORD-006251,2024-12-23,SEA-006,12,14.99,5.0
ORD-004378,2024-12-23,INT-003,3,59.99,25.0
ORD-000303,2024-12-23,STB-002,1,14.99,6.0
ORD-007284,2024-12-23,SEA-008,22,5.99,2.0
ORD-008489,2024-12-23,TRD-004,7,24.99,10.0
ORD-008504,2024-12-23,STB-009,2,4.99,2.5
ORD-007443,2024-12-23,SEA-004,12,34.99,15.0
ORD-009159,2024-12-23,SEA-009,13,24.99,10.0
ORD-001872,2024-12-24,TRD-008,6,14.99,3.0
ORD-004692,2024-12-24,TRD-004,2,24.99,10.0
ORD-009077,2024-12-24,SEA-003,9,29.99,12.0
ORD-002699,2024-12-24,SEA-004,16,34.99,15.0
ORD-008045,2024-12-24,STB-006,3,7.99,3.0
ORD-005352,2024-12-24,SEA-002,20,9.99,3.5
ORD-003453,2024-12-24,TRD-006,6,24.99,10.0
ORD-003130,2024-12-24,STB-009,4,4.99,2.5
ORD-000215,2024-12-24,SEA-004,21,34.99,15.0
ORD-004890,2024-12-24,TRD-007,2,39.99,15.0
ORD-009414,2024-12-24,STB-008,5,3.99,1.5
ORD-001586,2024-12-24,SEA-005,16,59.99,25.0
ORD-002091,2024-12-24,SEA-001,12,19.99,8.0
ORD-002017,2024-12-25,SEA-003,10,29.99,12.0
ORD-000252,2024-12-25,TRD-005,8,19.99,8.0
ORD-008566,2024-12-25,TRD-003,3,29.99,12.0
ORD-006564,2024-12-25,STB-004,2,7.99,3.0
ORD-006001,2024-12-25,STB-005,4,6.99,2.5
ORD-007524,2024-12-25,SEA-004,16,34.99,15.0
ORD-008082,2024-12-25,TRD-008,4,14.99,3.0
ORD-001768,2024-12-25,INT-005,1,119.99,45.0
ORD-004498,2024-12-25,INT-002,3,99.99,40.0
ORD-008630,2024-12-25,SEA-004,16,34.99,15.0
ORD-007760,2024-12-26,STB-007,4,5.99,2.0
ORD-005884,2024-12-26,STB-002,2,14.99,6.0
ORD-009006,2024-12-26,SEA-007,17,11.99,4.0
ORD-006788,2024-12-26,TRD-006,1,24.99,10.0
ORD-005378,2024-12-26,STB-001,1,9.99,4.0
ORD-005851,2024-12-26,STB-006,4,7.99,3.0
ORD-001491,2024-12-26,SEA-006,16,14.99,5.0
ORD-007017,2024-12-26,STB-010,1,4.49,1.5
ORD-006322,2024-12-26,TRD-001,2,39.99,15.0
ORD-002764,2024-12-26,INT-001,2,19.99,8.0
ORD-006040,2024-12-26,SEA-005,9,59.99,25.0
ORD-009903,2024-12-26,TRD-004,6,24.99,10.0
ORD-000241,2024-12-26,TRD-001,1,39.99,15.0
ORD-001925,2024-12-26,STB-007,2,5.99,2.0
ORD-000483,2024-12-27,STB-008,5,3.99,1.5
ORD-004139,2024-12-27,INT-003,5,59.99,25.0
ORD-008312,2024-12-27,SEA-001,11,19.99,8.0
ORD-005984,2024-12-27,STB-006,2,7.99,3.0
ORD-002126,2024-12-27,STB-005,4,6.99,2.5
ORD-005060,2024-12-27,STB-001,4,9.99,4.0
ORD-004221,2024-12-27,TRD-004,9,24.99,10.0
ORD-001079,2024-12-27,SEA-005,21,59.99,25.0
ORD-000202,2024-12-27,TRD-005,3,19.99,8.0
ORD-002029,2024-12-27,STB-002,3,14.99,6.0
ORD-007436,2024-12-27,INT-006,1,199.99,80.0
ORD-004736,2024-12-27,STB-004,2,7.99,3.0
ORD-005036,2024-12-27,STB-002,1,14.99,6.0
ORD-005079,2024-12-27,SEA-008,15,5.99,2.0
ORD-002374,2024-12-27,STB-007,2,5.99,2.0
ORD-000597,2024-12-28,SEA-010,13,14.99,6.0
ORD-008358,2024-12-28,INT-004,3,149.99,60.0
ORD-006508,2024-12-28,STB-007,3,5.99,2.0
ORD-008612,2024-12-28,STB-008,3,3.99,1.5
ORD-006709,2024-12-28,SEA-008,13,5.99,2.0
ORD-000498,2024-12-28,TRD-008,7,14.99,3.0
ORD-007101,2024-12-28,TRD-005,3,19.99,8.0
ORD-001207,2024-12-28,SEA-003,16,29.99,12.0
ORD-005425,2024-12-28,TRD-007,7,39.99,15.0
ORD-005333,2024-12-28,TRD-002,7,19.99,5.0
ORD-001967,2024-12-28,SEA-009,6,24.99,10.0
ORD-001492,2024-12-28,STB-009,4,4.99,2.5
ORD-006281,2024-12-29,SEA-001,17,19.99,8.0
ORD-009667,2024-12-29,SEA-001,12,19.99,8.0
ORD-003457,2024-12-29,STB-002,4,14.99,6.0
ORD-004899,2024-12-29,SEA-003,8,29.99,12.0
ORD-008149,2024-12-29,SEA-001,17,19.99,8.0
ORD-003324,2024-12-29,STB-009,4,4.99,2.5
ORD-001682,2024-12-29,SEA-009,20,24.99,10.0
ORD-002441,2024-12-29,STB-005,4,6.99,2.5
ORD-001755,2024-12-29,STB-006,6,7.99,3.0
ORD-009590,2024-12-30,SEA-007,12,11.99,4.0
ORD-007631,2024-12-30,SEA-002,17,9.99,3.5
ORD-009846,2024-12-30,STB-008,5,3.99,1.5
ORD-008872,2024-12-30,STB-002,3,14.99,6.0
ORD-006022,2024-12-30,TRD-003,5,29.99,12.0
ORD-000293,2024-12-30,SEA-005,19,59.99,25.0
ORD-001973,2024-12-30,SEA-010,16,14.99,6.0
ORD-006998,2024-12-30,TRD-006,4,24.99,10.0
ORD-000183,2024-12-30,INT-005,1,119.99,45.0
ORD-005014,2024-12-30,TRD-007,9,39.99,15.0
ORD-000459,2024-12-30,SEA-007,19,11.99,4.0
ORD-005016,2024-12-31,SEA-009,13,24.99,10.0
ORD-009564,2024-12-31,STB-003,3,12.99,5.0
ORD-003449,2024-12-31,SEA-001,12,19.99,8.0
ORD-009924,2024-12-31,STB-009,5,4.99,2.5
ORD-006130,2024-12-31,TRD-007,9,39.99,15.0
ORD-008175,2024-12-31,TRD-001,3,39.99,15.0
ORD-009462,2024-12-31,TRD-007,6,39.99,15.0
ORD-005265,2025-01-01,SEA-007,5,11.99,4.0
ORD-004387,2025-01-01,SEA-009,2,24.99,10.0
ORD-002201,2025-01-01,SEA-003,5,29.99,12.0
ORD-009824,2025-01-01,SEA-004,1,34.99,15.0
ORD-009045,2025-01-01,STB-010,5,4.49,1.5
ORD-005878,2025-01-02,STB-002,6,14.99,6.0
ORD-006374,2025-01-02,STB-007,6,5.99,2.0
ORD-002795,2025-01-02,STB-009,2,4.99,2.5
ORD-007120,2025-01-02,TRD-008,9,14.99,3.0
ORD-001256,2025-01-02,SEA-006,3,14.99,5.0
ORD-006452,2025-01-02,STB-010,3,4.49,1.5
ORD-009916,2025-01-02,STB-008,3,3.99,1.5
ORD-004962,2025-01-02,TRD-002,8,19.99,5.0
ORD-004170,2025-01-02,SEA-009,3,24.99,10.0
ORD-002050,2025-01-02,SEA-009,1,24.99,10.0
ORD-007925,2025-01-02,SEA-003,5,29.99,12.0
ORD-009958,2025-01-02,SEA-007,7,11.99,4.0
ORD-008399,2025-01-02,TRD-003,4,29.99,12.0
ORD-008655,2025-01-03,STB-004,2,7.99,3.0
ORD-004923,2025-01-03,STB-006,2,7.99,3.0
ORD-009385,2025-01-03,SEA-008,4,5.99,2.0
ORD-000595,2025-01-03,SEA-004,4,34.99,15.0
ORD-003325,2025-01-03,SEA-008,3,5.99,2.0
ORD-003567,2025-01-03,TRD-006,6,24.99,10.0
ORD-002089,2025-01-03,INT-005,2,119.99,45.0
ORD-007193,2025-01-03,TRD-003,4,29.99,12.0
ORD-004728,2025-01-04,TRD-006,3,24.99,10.0
ORD-003824,2025-01-04,STB-007,4,5.99,2.0
ORD-001883,2025-01-04,TRD-001,3,39.99,15.0
ORD-004194,2025-01-04,STB-009,1,4.99,2.5
ORD-000470,2025-01-04,TRD-007,4,39.99,15.0
ORD-006370,2025-01-04,STB-002,4,14.99,6.0
ORD-001173,2025-01-04,STB-010,2,4.49,1.5
ORD-006622,2025-01-04,TRD-006,1,24.99,10.0
ORD-000485,2025-01-04,SEA-004,2,34.99,15.0
ORD-001789,2025-01-04,STB-009,4,4.99,2.5
ORD-007956,2025-01-04,STB-005,3,6.99,2.5
ORD-005185,2025-01-04,SEA-005,1,59.99,25.0
ORD-000710,2025-01-05,TRD-002,8,19.99,5.0
ORD-001360,2025-01-05,SEA-002,4,9.99,3.5
ORD-005899,2025-01-05,TRD-003,6,29.99,12.0
ORD-005167,2025-01-05,SEA-005,1,59.99,25.0
ORD-004985,2025-01-05,SEA-010,4,14.99,6.0
ORD-005876,2025-01-05,SEA-002,4,9.99,3.5
ORD-008139,2025-01-06,TRD-006,3,24.99,10.0
ORD-005342,2025-01-06,SEA-010,2,14.99,6.0
ORD-009214,2025-01-06,TRD-007,1,39.99,15.0
ORD-006548,2025-01-06,STB-010,2,4.49,1.5
ORD-004673,2025-01-06,TRD-001,8,39.99,15.0
ORD-001570,2025-01-07,STB-007,2,5.99,2.0
ORD-007489,2025-01-07,TRD-005,9,19.99,8.0
ORD-003901,2025-01-07,SEA-003,3,29.99,12.0
ORD-005936,2025-01-07,SEA-009,2,24.99,10.0
ORD-000648,2025-01-07,STB-004,4,7.99,3.0
ORD-007113,2025-01-07,STB-008,5,3.99,1.5
ORD-000666,2025-01-07,SEA-007,3,11.99,4.0
ORD-001325,2025-01-07,TRD-001,5,39.99,15.0
ORD-008709,2025-01-07,STB-001,4,9.99,4.0
ORD-003289,2025-01-08,STB-005,3,6.99,2.5
ORD-006781,2025-01-08,SEA-007,1,11.99,4.0
ORD-002537,2025-01-08,TRD-002,3,19.99,5.0
ORD-006055,2025-01-08,STB-009,4,4.99,2.5
ORD-006620,2025-01-08,INT-005,6,119.99,45.0
ORD-004572,2025-01-08,SEA-006,2,14.99,5.0
ORD-006385,2025-01-08,STB-003,1,12.99,5.0
ORD-007950,2025-01-08,SEA-004,3,34.99,15.0
ORD-000700,2025-01-08,STB-009,2,4.99,2.5
ORD-006157,2025-01-09,TRD-006,2,24.99,10.0
ORD-009295,2025-01-09,SEA-003,3,29.99,12.0
ORD-009779,2025-01-09,TRD-005,6,19.99,8.0
ORD-002353,2025-01-09,STB-009,1,4.99,2.5
ORD-006873,2025-01-09,TRD-004,6,24.99,10.0
ORD-002105,2025-01-09,SEA-008,1,5.99,2.0
ORD-008288,2025-01-09,TRD-003,6,29.99,12.0
ORD-009330,2025-01-09,INT-008,3,299.99,100.0
ORD-003831,2025-01-09,TRD-001,4,39.99,15.0
ORD-002579,2025-01-09,STB-002,5,14.99,6.0
ORD-001713,2025-01-09,TRD-001,3,39.99,15.0
ORD-009745,2025-01-09,STB-009,2,4.99,2.5
ORD-003105,2025-01-10,TRD-006,3,24.99,10.0
ORD-002666,2025-01-10,SEA-006,4,14.99,5.0
ORD-001632,2025-01-10,STB-002,7,14.99,6.0
ORD-000978,2025-01-10,SEA-002,5,9.99,3.5
ORD-001650,2025-01-10,STB-005,2,6.99,2.5
ORD-005724,2025-01-10,STB-005,5,6.99,2.5
ORD-003678,2025-01-10,TRD-004,3,24.99,10.0
ORD-006976,2025-01-10,SEA-002,4,9.99,3.5
ORD-001126,2025-01-10,SEA-003,1,29.99,12.0
ORD-000757,2025-01-10,TRD-007,5,39.99,15.0
ORD-005881,2025-01-11,STB-007,6,5.99,2.0
ORD-009412,2025-01-11,SEA-009,2,24.99,10.0
ORD-000633,2025-01-11,TRD-002,4,19.99,5.0
ORD-008385,2025-01-11,SEA-004,2,34.99,15.0
ORD-003290,2025-01-11,INT-001,4,19.99,8.0
ORD-007091,2025-01-11,STB-008,1,3.99,1.5
ORD-007795,2025-01-11,INT-002,5,99.99,40.0
ORD-000177,2025-01-11,TRD-006,9,24.99,10.0
ORD-006757,2025-01-11,STB-007,5,5.99,2.0
ORD-006801,2025-01-11,SEA-001,4,19.99,8.0
ORD-008665,2025-01-11,STB-003,7,12.99,5.0
ORD-007603,2025-01-11,SEA-006,4,14.99,5.0
ORD-006675,2025-01-11,SEA-006,6,14.99,5.0
ORD-006984,2025-01-11,TRD-004,9,24.99,10.0
ORD-002589,2025-01-11,STB-009,2,4.99,2.5
ORD-001357,2025-01-12,STB-009,5,4.99,2.5
ORD-005219,2025-01-12,STB-008,2,3.99,1.5
ORD-007229,2025-01-12,STB-001,1,9.99,4.0
ORD-001051,2025-01-13,STB-002,1,14.99,6.0
ORD-000271,2025-01-13,INT-004,1,149.99,60.0
ORD-002107,2025-01-13,TRD-002,4,19.99,5.0
ORD-005495,2025-01-13,TRD-004,8,24.99,10.0
ORD-001331,2025-01-13,STB-010,4,4.49,1.5
ORD-007855,2025-01-13,STB-003,2,12.99,5.0
ORD-000644,2025-01-13,TRD-003,6,29.99,12.0
ORD-000195,2025-01-13,TRD-007,4,39.99,15.0
ORD-001775,2025-01-13,SEA-009,2,24.99,10.0
ORD-002888,2025-01-13,SEA-003,5,29.99,12.0
ORD-001072,2025-01-13,TRD-002,5,19.99,5.0
ORD-003467,2025-01-13,SEA-003,3,29.99,12.0
ORD-002336,2025-01-13,STB-003,3,12.99,5.0
ORD-003189,2025-01-13,TRD-005,5,19.99,8.0
ORD-006854,2025-01-14,TRD-003,6,29.99,12.0
ORD-001844,2025-01-14,STB-003,6,12.99,5.0
ORD-009216,2025-01-14,STB-002,2,14.99,6.0
ORD-004972,2025-01-14,TRD-002,4,19.99,5.0
ORD-000196,2025-01-14,TRD-001,5,39.99,15.0
ORD-000255,2025-01-14,STB-007,1,5.99,2.0
ORD-002444,2025-01-14,TRD-007,9,39.99,15.0
ORD-001722,2025-01-14,STB-007,4,5.99,2.0
ORD-004541,2025-01-14,TRD-004,6,24.99,10.0
ORD-008219,2025-01-14,TRD-005,6,19.99,8.0
ORD-002128,2025-01-14,TRD-006,11,24.99,10.0
ORD-002301,2025-01-14,TRD-004,7,24.99,10.0
ORD-002354,2025-01-14,STB-004,2,7.99,3.0
ORD-006666,2025-01-15,SEA-002,3,9.99,3.5
ORD-006306,2025-01-15,TRD-007,9,39.99,15.0
ORD-003723,2025-01-15,SEA-009,9,24.99,10.0
ORD-000227,2025-01-15,TRD-003,4,29.99,12.0
ORD-000832,2025-01-15,SEA-005,1,59.99,25.0
ORD-006421,2025-01-15,TRD-005,9,19.99,8.0
ORD-009647,2025-01-15,STB-004,2,7.99,3.0
ORD-008522,2025-01-15,SEA-005,1,59.99,25.0
ORD-009599,2025-01-15,SEA-009,3,24.99,10.0
ORD-000907,2025-01-15,STB-008,2,3.99,1.5
ORD-009703,2025-01-15,STB-003,2,12.99,5.0
ORD-001288,2025-01-15,SEA-005,2,59.99,25.0
ORD-005225,2025-01-16,SEA-006,3,14.99,5.0
ORD-006581,2025-01-16,STB-010,4,4.49,1.5
ORD-004751,2025-01-16,SEA-009,3,24.99,10.0
ORD-005169,2025-01-16,INT-002,1,99.99,40.0
ORD-003713,2025-01-16,STB-003,2,12.99,5.0
ORD-008001,2025-01-16,SEA-008,1,5.99,2.0
ORD-002114,2025-01-16,SEA-008,2,5.99,2.0
ORD-000659,2025-01-16,STB-005,1,6.99,2.5
ORD-006426,2025-01-16,SEA-006,4,14.99,5.0
ORD-002978,2025-01-16,STB-009,3,4.99,2.5
ORD-007433,2025-01-16,TRD-002,1,19.99,5.0
ORD-005440,2025-01-16,SEA-007,4,11.99,4.0
ORD-005497,2025-01-16,INT-003,5,59.99,25.0
ORD-002425,2025-01-16,INT-007,2,179.99,70.0
ORD-009292,2025-01-16,STB-002,4,14.99,6.0
ORD-008933,2025-01-16,SEA-001,4,19.99,8.0
ORD-005340,2025-01-16,SEA-003,3,29.99,12.0
ORD-000360,2025-01-16,SEA-010,3,14.99,6.0
ORD-000686,2025-01-17,TRD-004,1,24.99,10.0
ORD-007692,2025-01-17,TRD-004,6,24.99,10.0
ORD-002841,2025-01-17,INT-003,4,59.99,25.0
ORD-000147,2025-01-17,SEA-009,7,24.99,10.0
ORD-002342,2025-01-17,SEA-007,7,11.99,4.0
ORD-008382,2025-01-17,TRD-006,8,24.99,10.0
ORD-003904,2025-01-17,INT-002,1,99.99,40.0
ORD-008717,2025-01-17,STB-007,1,5.99,2.0
ORD-004953,2025-01-18,SEA-009,7,24.99,10.0
ORD-006110,2025-01-18,STB-008,1,3.99,1.5
ORD-007838,2025-01-18,STB-001,2,9.99,4.0
ORD-003823,2025-01-18,INT-005,2,119.99,45.0
ORD-008849,2025-01-18,TRD-004,4,24.99,10.0
ORD-009071,2025-01-18,SEA-003,2,29.99,12.0
ORD-002588,2025-01-18,SEA-003,3,29.99,12.0
ORD-000112,2025-01-18,SEA-002,5,9.99,3.5
ORD-006551,2025-01-18,SEA-001,2,19.99,8.0
ORD-002903,2025-01-18,INT-007,4,179.99,70.0
ORD-000979,2025-01-19,TRD-004,3,24.99,10.0
ORD-000875,2025-01-19,STB-002,2,14.99,6.0
ORD-004273,2025-01-19,STB-002,1,14.99,6.0
ORD-004451,2025-01-19,TRD-006,4,24.99,10.0
ORD-005018,2025-01-19,SEA-001,3,19.99,8.0
ORD-003385,2025-01-19,TRD-003,4,29.99,12.0
ORD-002111,2025-01-19,STB-001,5,9.99,4.0
ORD-003019,2025-01-19,STB-003,3,12.99,5.0
ORD-002231,2025-01-19,INT-006,2,199.99,80.0
ORD-002965,2025-01-20,STB-008,2,3.99,1.5
ORD-003525,2025-01-20,STB-002,3,14.99,6.0
ORD-009792,2025-01-20,INT-004,2,149.99,60.0
ORD-003736,2025-01-20,STB-003,1,12.99,5.0
ORD-009464,2025-01-20,STB-007,4,5.99,2.0
ORD-002304,2025-01-20,SEA-005,3,59.99,25.0
ORD-009735,2025-01-20,STB-003,1,12.99,5.0
ORD-002738,2025-01-20,TRD-007,3,39.99,15.0
ORD-007280,2025-01-20,STB-008,7,3.99,1.5
ORD-000301,2025-01-20,TRD-008,2,14.99,3.0
ORD-008958,2025-01-20,TRD-001,3,39.99,15.0
ORD-007200,2025-01-20,SEA-008,6,5.99,2.0
ORD-004452,2025-01-20,SEA-010,6,14.99,6.0
ORD-002839,2025-01-20,STB-007,6,5.99,2.0
ORD-007307,2025-01-20,STB-008,2,3.99,1.5
ORD-001740,2025-01-21,STB-008,3,3.99,1.5
ORD-004912,2025-01-21,STB-008,3,3.99,1.5
ORD-009393,2025-01-21,SEA-006,2,14.99,5.0
ORD-005765,2025-01-21,SEA-009,5,24.99,10.0
ORD-003199,2025-01-21,TRD-008,4,14.99,3.0
ORD-004384,2025-01-21,STB-004,3,7.99,3.0
ORD-003296,2025-01-21,TRD-002,7,19.99,5.0
ORD-000352,2025-01-21,SEA-007,1,11.99,4.0
ORD-001733,2025-01-21,TRD-007,4,39.99,15.0
ORD-000683,2025-01-21,STB-010,3,4.49,1.5
ORD-001197,2025-01-21,TRD-001,6,39.99,15.0
ORD-002793,2025-01-21,STB-001,3,9.99,4.0
ORD-008159,2025-01-21,STB-001,1,9.99,4.0
ORD-003288,2025-01-22,SEA-005,3,59.99,25.0
ORD-002927,2025-01-22,TRD-005,8,19.99,8.0
ORD-004049,2025-01-22,STB-007,5,5.99,2.0
ORD-003779,2025-01-22,TRD-006,4,24.99,10.0
ORD-005345,2025-01-22,TRD-005,5,19.99,8.0
ORD-001394,2025-01-22,TRD-004,7,24.99,10.0
ORD-008337,2025-01-22,SEA-009,5,24.99,10.0
ORD-003161,2025-01-23,SEA-005,6,59.99,25.0
ORD-005422,2025-01-23,TRD-002,4,19.99,5.0
ORD-008357,2025-01-23,TRD-006,6,24.99,10.0
ORD-005119,2025-01-23,TRD-006,7,24.99,10.0
ORD-002061,2025-01-23,TRD-002,5,19.99,5.0
ORD-003133,2025-01-23,STB-007,1,5.99,2.0
ORD-005385,2025-01-23,SEA-008,5,5.99,2.0
ORD-003799,2025-01-23,TRD-004,5,24.99,10.0
ORD-001704,2025-01-24,STB-008,2,3.99,1.5
ORD-007634,2025-01-24,TRD-004,12,24.99,10.0
ORD-009499,2025-01-24,SEA-001,7,19.99,8.0
ORD-007464,2025-01-24,STB-004,1,7.99,3.0
ORD-008213,2025-01-24,STB-010,3,4.49,1.5
ORD-001917,2025-01-24,STB-005,3,6.99,2.5
ORD-006539,2025-01-24,TRD-007,6,39.99,15.0
ORD-002502,2025-01-24,SEA-009,5,24.99,10.0
ORD-000115,2025-01-24,STB-001,3,9.99,4.0
ORD-005932,2025-01-24,STB-006,4,7.99,3.0
ORD-005338,2025-01-24,SEA-001,4,19.99,8.0
ORD-001406,2025-01-24,TRD-001,5,39.99,15.0
ORD-005420,2025-01-25,TRD-002,4,19.99,5.0
ORD-005261,2025-01-25,STB-007,3,5.99,2.0
ORD-001936,2025-01-25,TRD-004,2,24.99,10.0
ORD-003446,2025-01-25,SEA-002,4,9.99,3.5
ORD-007730,2025-01-25,SEA-004,3,34.99,15.0
ORD-000770,2025-01-25,STB-003,3,12.99,5.0
ORD-009831,2025-01-26,TRD-008,2,14.99,3.0
ORD-001316,2025-01-26,STB-009,4,4.99,2.5
ORD-000650,2025-01-26,SEA-008,4,5.99,2.0
ORD-000800,2025-01-26,TRD-006,8,24.99,10.0
ORD-001044,2025-01-26,INT-008,3,299.99,100.0
ORD-001050,2025-01-27,TRD-008,8,14.99,3.0
ORD-006550,2025-01-27,TRD-007,3,39.99,15.0
ORD-002820,2025-01-27,STB-010,3,4.49,1.5
ORD-001609,2025-01-27,STB-007,5,5.99,2.0
ORD-006909,2025-01-27,STB-005,6,6.99,2.5
ORD-009717,2025-01-27,SEA-004,2,34.99,15.0
ORD-000829,2025-01-27,STB-005,2,6.99,2.5
ORD-005047,2025-01-27,SEA-010,3,14.99,6.0
ORD-005718,2025-01-27,TRD-003,10,29.99,12.0
ORD-008871,2025-01-28,TRD-002,14,19.99,5.0
ORD-006591,2025-01-28,STB-002,1,14.99,6.0
ORD-001617,2025-01-28,STB-001,4,9.99,4.0
ORD-007272,2025-01-28,SEA-006,3,14.99,5.0
ORD-008036,2025-01-28,TRD-008,10,14.99,3.0
ORD-006982,2025-01-28,SEA-006,5,14.99,5.0
ORD-003676,2025-01-29,SEA-007,1,11.99,4.0
ORD-001631,2025-01-29,SEA-002,2,9.99,3.5
ORD-006577,2025-01-29,TRD-002,4,19.99,5.0
ORD-002380,2025-01-29,TRD-008,9,14.99,3.0
ORD-005708,2025-01-29,SEA-004,5,34.99,15.0
ORD-008272,2025-01-29,STB-008,1,3.99,1.5
ORD-009644,2025-01-29,STB-010,1,4.49,1.5
ORD-006049,2025-01-29,TRD-004,7,24.99,10.0
ORD-000405,2025-01-29,TRD-005,7,19.99,8.0
ORD-004966,2025-01-30,STB-008,5,3.99,1.5
ORD-004848,2025-01-30,STB-008,2,3.99,1.5
ORD-003285,2025-01-30,TRD-005,3,19.99,8.0
ORD-003992,2025-01-30,STB-004,6,7.99,3.0
ORD-008980,2025-01-30,SEA-009,2,24.99,10.0
ORD-007689,2025-01-30,INT-005,2,119.99,45.0
ORD-003082,2025-01-30,SEA-005,3,59.99,25.0
ORD-007710,2025-01-30,SEA-002,3,9.99,3.5
ORD-004643,2025-01-30,STB-001,5,9.99,4.0
ORD-000989,2025-01-30,STB-003,4,12.99,5.0
ORD-007321,2025-01-30,STB-003,5,12.99,5.0
ORD-006139,2025-01-30,STB-001,8,9.99,4.0
ORD-001419,2025-01-30,TRD-003,4,29.99,12.0
ORD-009426,2025-01-30,SEA-001,6,19.99,8.0
ORD-006964,2025-01-31,STB-001,8,9.99,4.0
ORD-004773,2025-01-31,STB-007,2,5.99,2.0
ORD-004767,2025-01-31,STB-009,2,4.99,2.5
ORD-002209,2025-01-31,SEA-009,2,24.99,10.0
ORD-001597,2025-01-31,TRD-003,5,29.99,12.0
ORD-003350,2025-01-31,SEA-001,3,19.99,8.0
ORD-005717,2025-01-31,SEA-007,8,11.99,4.0
ORD-002723,2025-01-31,SEA-001,5,19.99,8.0
ORD-006645,2025-01-31,TRD-005,3,19.99,8.0
ORD-005266,2025-01-31,SEA-006,2,14.99,5.0
ORD-002170,2025-01-31,TRD-003,4,29.99,12.0
ORD-000722,2025-01-31,STB-009,2,4.99,2.5
ORD-001323,2025-01-31,SEA-006,2,14.99,5.0
ORD-009910,2025-01-31,SEA-003,4,29.99,12.0
ORD-003946,2025-01-31,TRD-003,3,29.99,12.0
ORD-004921,2025-01-31,STB-008,2,3.99,1.5
ORD-002303,2025-02-01,STB-008,1,3.99,1.5
ORD-003061,2025-02-01,TRD-004,6,24.99,10.0
ORD-006760,2025-02-01,STB-003,2,12.99,5.0
ORD-000374,2025-02-01,SEA-001,1,19.99,8.0
ORD-006602,2025-02-01,STB-007,1,5.99,2.0
ORD-006599,2025-02-01,STB-010,2,4.49,1.5
ORD-003968,2025-02-01,STB-001,5,9.99,4.0
ORD-005584,2025-02-01,SEA-005,2,59.99,25.0
ORD-003277,2025-02-01,TRD-008,4,14.99,3.0
ORD-005501,2025-02-01,TRD-006,7,24.99,10.0
ORD-007572,2025-02-01,SEA-010,4,14.99,6.0
ORD-002926,2025-02-01,SEA-004,1,34.99,15.0
ORD-009553,2025-02-02,SEA-009,1,24.99,10.0
ORD-009787,2025-02-02,STB-006,2,7.99,3.0
ORD-006693,2025-02-02,SEA-004,1,34.99,15.0
ORD-006570,2025-02-02,SEA-006,6,14.99,5.0
ORD-002671,2025-02-02,SEA-005,2,59.99,25.0
ORD-002263,2025-02-02,TRD-006,8,24.99,10.0
ORD-008520,2025-02-02,SEA-006,2,14.99,5.0
ORD-009331,2025-02-02,TRD-005,6,19.99,8.0
ORD-009754,2025-02-02,STB-005,1,6.99,2.5
ORD-006313,2025-02-02,STB-010,2,4.49,1.5
ORD-005705,2025-02-02,INT-002,2,99.99,40.0
ORD-009519,2025-02-02,TRD-006,7,24.99,10.0
ORD-004410,2025-02-03,STB-004,3,7.99,3.0
ORD-009574,2025-02-03,STB-005,5,6.99,2.5
ORD-006865,2025-02-03,STB-001,5,9.99,4.0
ORD-000024,2025-02-03,SEA-001,1,19.99,8.0
ORD-009551,2025-02-03,TRD-002,2,19.99,5.0
ORD-007499,2025-02-03,TRD-005,6,19.99,8.0
ORD-005638,2025-02-03,INT-004,3,149.99,60.0
ORD-002686,2025-02-03,SEA-001,5,19.99,8.0
ORD-003119,2025-02-03,STB-007,2,5.99,2.0
ORD-005652,2025-02-03,STB-005,2,6.99,2.5
ORD-007932,2025-02-03,SEA-010,2,14.99,6.0
ORD-005610,2025-02-03,STB-006,5,7.99,3.0
ORD-008623,2025-02-03,TRD-004,4,24.99,10.0
ORD-008584,2025-02-03,SEA-006,3,14.99,5.0
ORD-005845,2025-02-04,SEA-006,2,14.99,5.0
ORD-002696,2025-02-04,STB-004,2,7.99,3.0
ORD-006505,2025-02-04,STB-003,2,12.99,5.0
ORD-006635,2025-02-04,SEA-005,1,59.99,25.0
ORD-009458,2025-02-04,TRD-008,5,14.99,3.0
ORD-005855,2025-02-04,STB-006,2,7.99,3.0
ORD-003124,2025-02-04,SEA-007,1,11.99,4.0
ORD-008277,2025-02-04,STB-005,2,6.99,2.5
ORD-001108,2025-02-04,SEA-001,2,19.99,8.0
ORD-003560,2025-02-05,TRD-005,2,19.99,8.0
ORD-006942,2025-02-05,SEA-010,5,14.99,6.0
ORD-000580,2025-02-05,SEA-009,2,24.99,10.0
ORD-001975,2025-02-05,STB-008,5,3.99,1.5
ORD-000607,2025-02-05,STB-002,4,14.99,6.0
ORD-001676,2025-02-05,SEA-002,4,9.99,3.5
ORD-001018,2025-02-05,SEA-002,6,9.99,3.5
ORD-008078,2025-02-05,STB-009,1,4.99,2.5
ORD-004743,2025-02-06,SEA-006,2,14.99,5.0
ORD-003591,2025-02-06,TRD-003,7,29.99,12.0
ORD-003748,2025-02-06,SEA-009,1,24.99,10.0
ORD-008807,2025-02-06,TRD-006,5,24.99,10.0
ORD-001757,2025-02-06,SEA-005,4,59.99,25.0
ORD-009705,2025-02-06,TRD-004,4,24.99,10.0
ORD-000421,2025-02-06,TRD-005,5,19.99,8.0
ORD-005676,2025-02-06,STB-007,4,5.99,2.0
ORD-000141,2025-02-06,INT-001,3,19.99,8.0
ORD-007472,2025-02-06,STB-002,2,14.99,6.0
ORD-000031,2025-02-06,SEA-002,3,9.99,3.5
ORD-007804,2025-02-06,STB-008,6,3.99,1.5
ORD-008024,2025-02-06,TRD-002,3,19.99,5.0
ORD-004550,2025-02-06,TRD-002,2,19.99,5.0
ORD-004881,2025-02-06,STB-007,5,5.99,2.0
ORD-003989,2025-02-07,SEA-008,2,5.99,2.0
ORD-001181,2025-02-07,SEA-009,2,24.99,10.0
ORD-009940,2025-02-07,SEA-001,3,19.99,8.0
ORD-004533,2025-02-07,STB-007,4,5.99,2.0
ORD-009888,2025-02-07,SEA-005,2,59.99,25.0
ORD-004026,2025-02-07,SEA-004,3,34.99,15.0
ORD-004232,2025-02-07,STB-003,5,12.99,5.0
ORD-005558,2025-02-07,SEA-009,4,24.99,10.0
ORD-000763,2025-02-07,STB-003,3,12.99,5.0
ORD-008449,2025-02-07,SEA-006,1,14.99,5.0
ORD-004367,2025-02-07,STB-006,4,7.99,3.0
ORD-006637,2025-02-07,SEA-005,2,59.99,25.0
ORD-005907,2025-02-08,STB-007,2,5.99,2.0
ORD-009423,2025-02-08,TRD-004,8,24.99,10.0
ORD-008631,2025-02-08,STB-006,6,7.99,3.0
ORD-000521,2025-02-08,SEA-010,4,14.99,6.0
ORD-009172,2025-02-08,SEA-001,4,19.99,8.0
ORD-003215,2025-02-08,STB-005,2,6.99,2.5
ORD-001643,2025-02-08,SEA-001,4,19.99,8.0
ORD-001657,2025-02-08,STB-006,3,7.99,3.0
ORD-005576,2025-02-08,STB-006,7,7.99,3.0
ORD-001216,2025-02-08,INT-005,5,119.99,45.0
ORD-009191,2025-02-08,SEA-008,1,5.99,2.0
ORD-007924,2025-02-08,STB-003,1,12.99,5.0
ORD-005355,2025-02-08,SEA-002,1,9.99,3.5
ORD-005386,2025-02-09,STB-007,4,5.99,2.0
ORD-004598,2025-02-09,STB-004,5,7.99,3.0
ORD-000617,2025-02-09,SEA-004,2,34.99,15.0
ORD-002313,2025-02-09,STB-008,3,3.99,1.5
ORD-009636,2025-02-09,INT-001,4,19.99,8.0
ORD-001381,2025-02-09,STB-006,2,7.99,3.0
ORD-004447,2025-02-09,SEA-002,1,9.99,3.5
ORD-002056,2025-02-09,SEA-009,3,24.99,10.0
ORD-001591,2025-02-09,SEA-004,4,34.99,15.0
ORD-000158,2025-02-09,STB-007,1,5.99,2.0
ORD-009759,2025-02-09,TRD-004,6,24.99,10.0
ORD-002597,2025-02-09,SEA-010,3,14.99,6.0
ORD-006063,2025-02-09,SEA-008,3,5.99,2.0
ORD-006640,2025-02-09,STB-001,3,9.99,4.0
ORD-009189,2025-02-09,STB-010,5,4.49,1.5
ORD-007575,2025-02-09,SEA-010,2,14.99,6.0
ORD-002366,2025-02-10,STB-008,5,3.99,1.5
ORD-008079,2025-02-10,SEA-003,1,29.99,12.0
ORD-003955,2025-02-10,SEA-010,2,14.99,6.0
ORD-002007,2025-02-10,TRD-005,4,19.99,8.0
ORD-009483,2025-02-10,STB-002,4,14.99,6.0
ORD-000629,2025-02-11,STB-006,4,7.99,3.0
ORD-001816,2025-02-11,STB-007,2,5.99,2.0
ORD-000818,2025-02-11,SEA-008,5,5.99,2.0
ORD-007564,2025-02-11,TRD-002,6,19.99,5.0
ORD-008627,2025-02-11,TRD-008,5,14.99,3.0
ORD-009109,2025-02-11,SEA-002,1,9.99,3.5
ORD-001245,2025-02-11,SEA-005,3,59.99,25.0
ORD-003939,2025-02-11,STB-002,3,14.99,6.0
ORD-002011,2025-02-11,SEA-009,1,24.99,10.0
ORD-004987,2025-02-11,STB-008,4,3.99,1.5
ORD-001675,2025-02-12,TRD-005,8,19.99,8.0
ORD-009816,2025-02-12,STB-008,2,3.99,1.5
ORD-008754,2025-02-12,TRD-005,6,19.99,8.0
ORD-004117,2025-02-12,STB-010,2,4.49,1.5
ORD-009721,2025-02-12,STB-008,6,3.99,1.5
ORD-009614,2025-02-12,SEA-003,3,29.99,12.0
ORD-002730,2025-02-12,SEA-002,2,9.99,3.5
ORD-009085,2025-02-12,SEA-005,2,59.99,25.0
ORD-009869,2025-02-13,SEA-010,3,14.99,6.0
ORD-007408,2025-02-13,SEA-008,4,5.99,2.0
ORD-009143,2025-02-13,STB-003,3,12.99,5.0
ORD-008377,2025-02-13,TRD-004,6,24.99,10.0
ORD-003349,2025-02-13,INT-007,3,179.99,70.0
ORD-005527,2025-02-13,STB-009,1,4.99,2.5
ORD-008764,2025-02-14,STB-001,1,9.99,4.0
ORD-002532,2025-02-14,SEA-009,4,24.99,10.0
ORD-006562,2025-02-14,STB-009,4,4.99,2.5
ORD-001223,2025-02-14,TRD-006,5,24.99,10.0
ORD-004507,2025-02-14,SEA-005,7,59.99,25.0
ORD-009993,2025-02-14,SEA-005,2,59.99,25.0
ORD-007883,2025-02-14,STB-001,1,9.99,4.0
ORD-007552,2025-02-14,TRD-001,8,39.99,15.0
ORD-004592,2025-02-14,SEA-002,1,9.99,3.5
ORD-002005,2025-02-14,SEA-009,4,24.99,10.0
ORD-008920,2025-02-15,STB-005,2,6.99,2.5
ORD-008998,2025-02-15,SEA-004,4,34.99,15.0
ORD-002213,2025-02-15,SEA-004,1,34.99,15.0
ORD-008605,2025-02-15,TRD-004,9,24.99,10.0
ORD-008742,2025-02-15,SEA-004,2,34.99,15.0
ORD-006336,2025-02-15,SEA-006,2,14.99,5.0
ORD-002948,2025-02-15,STB-008,1,3.99,1.5
ORD-004829,2025-02-15,STB-008,3,3.99,1.5
ORD-004816,2025-02-15,SEA-007,1,11.99,4.0
ORD-005861,2025-02-15,TRD-001,6,39.99,15.0
ORD-002445,2025-02-16,TRD-005,5,19.99,8.0
ORD-006282,2025-02-16,TRD-006,6,24.99,10.0
ORD-006824,2025-02-16,TRD-005,3,19.99,8.0
ORD-008723,2025-02-16,SEA-003,2,29.99,12.0
ORD-009257,2025-02-16,SEA-010,2,14.99,6.0
ORD-001811,2025-02-16,SEA-008,3,5.99,2.0
ORD-009524,2025-02-16,STB-001,3,9.99,4.0
ORD-006583,2025-02-16,STB-010,2,4.49,1.5
ORD-006843,2025-02-16,INT-006,1,199.99,80.0
ORD-003601,2025-02-16,STB-006,4,7.99,3.0
ORD-003066,2025-02-17,TRD-008,8,14.99,3.0
ORD-001535,2025-02-17,SEA-006,3,14.99,5.0
ORD-003136,2025-02-17,TRD-002,4,19.99,5.0
ORD-000436,2025-02-17,SEA-005,1,59.99,25.0
ORD-004491,2025-02-17,TRD-002,8,19.99,5.0
ORD-007412,2025-02-17,TRD-007,7,39.99,15.0
ORD-004854,2025-02-17,SEA-005,3,59.99,25.0
ORD-000288,2025-02-17,STB-004,3,7.99,3.0
ORD-002524,2025-02-17,TRD-002,6,19.99,5.0
ORD-007044,2025-02-17,STB-009,3,4.99,2.5
ORD-000305,2025-02-17,SEA-008,1,5.99,2.0
ORD-009050,2025-02-17,TRD-003,5,29.99,12.0
ORD-009602,2025-02-18,TRD-007,3,39.99,15.0
ORD-007327,2025-02-18,STB-008,6,3.99,1.5
ORD-002190,2025-02-18,TRD-006,6,24.99,10.0
ORD-000590,2025-02-18,TRD-007,8,39.99,15.0
ORD-003327,2025-02-18,SEA-007,1,11.99,4.0
ORD-007162,2025-02-18,SEA-003,3,29.99,12.0
ORD-007129,2025-02-18,TRD-007,8,39.99,15.0
ORD-002237,2025-02-19,STB-008,5,3.99,1.5
ORD-007974,2025-02-19,SEA-003,3,29.99,12.0
ORD-001603,2025-02-19,SEA-005,3,59.99,25.0
ORD-001073,2025-02-19,STB-003,2,12.99,5.0
ORD-002739,2025-02-19,SEA-001,1,19.99,8.0
ORD-001138,2025-02-19,SEA-010,2,14.99,6.0
ORD-003652,2025-02-19,SEA-009,3,24.99,10.0
ORD-007560,2025-02-19,SEA-007,4,11.99,4.0
ORD-006507,2025-02-19,SEA-006,3,14.99,5.0
ORD-007733,2025-02-19,TRD-005,1,19.99,8.0
ORD-007699,2025-02-20,TRD-004,6,24.99,10.0
ORD-002533,2025-02-20,SEA-009,2,24.99,10.0
ORD-002252,2025-02-20,TRD-006,3,24.99,10.0
ORD-001195,2025-02-20,TRD-002,1,19.99,5.0
ORD-009083,2025-02-20,STB-003,1,12.99,5.0
ORD-003156,2025-02-20,TRD-004,3,24.99,10.0
ORD-001039,2025-02-20,SEA-004,4,34.99,15.0
ORD-001797,2025-02-20,TRD-008,5,14.99,3.0
ORD-003488,2025-02-20,SEA-002,1,9.99,3.5
ORD-005905,2025-02-20,STB-007,2,5.99,2.0
ORD-009568,2025-02-20,SEA-010,5,14.99,6.0
ORD-000011,2025-02-21,SEA-004,2,34.99,15.0
ORD-005189,2025-02-21,TRD-008,3,14.99,3.0
ORD-006427,2025-02-21,SEA-001,3,19.99,8.0
ORD-007231,2025-02-21,SEA-004,3,34.99,15.0
ORD-008832,2025-02-21,STB-002,4,14.99,6.0
ORD-002906,2025-02-21,STB-009,1,4.99,2.5
ORD-004599,2025-02-21,SEA-010,1,14.99,6.0
ORD-005674,2025-02-21,STB-008,2,3.99,1.5
ORD-009260,2025-02-21,INT-004,6,149.99,60.0
ORD-006526,2025-02-22,SEA-007,1,11.99,4.0
ORD-002513,2025-02-22,STB-008,3,3.99,1.5
ORD-007256,2025-02-22,SEA-005,2,59.99,25.0
ORD-007815,2025-02-22,STB-006,3,7.99,3.0
ORD-003546,2025-02-22,SEA-007,2,11.99,4.0
ORD-002355,2025-02-22,STB-005,1,6.99,2.5
ORD-007964,2025-02-22,TRD-005,9,19.99,8.0
ORD-005727,2025-02-22,STB-001,1,9.99,4.0
ORD-007992,2025-02-23,SEA-006,3,14.99,5.0
ORD-001871,2025-02-23,SEA-010,3,14.99,6.0
ORD-008662,2025-02-23,STB-002,2,14.99,6.0
ORD-006965,2025-02-23,SEA-007,3,11.99,4.0
ORD-008535,2025-02-23,SEA-007,2,11.99,4.0
ORD-009447,2025-02-23,STB-007,3,5.99,2.0
ORD-004556,2025-02-24,STB-001,2,9.99,4.0
ORD-006132,2025-02-24,SEA-010,1,14.99,6.0
ORD-004196,2025-02-24,SEA-009,2,24.99,10.0
ORD-009935,2025-02-24,SEA-008,1,5.99,2.0
ORD-007635,2025-02-24,TRD-006,6,24.99,10.0
ORD-006848,2025-02-24,SEA-003,1,29.99,12.0
ORD-004411,2025-02-24,TRD-002,3,19.99,5.0
ORD-006789,2025-02-25,STB-010,2,4.49,1.5
ORD-008255,2025-02-25,STB-007,3,5.99,2.0
ORD-001294,2025-02-25,INT-004,1,149.99,60.0
ORD-000929,2025-02-25,TRD-007,8,39.99,15.0
ORD-007989,2025-02-25,TRD-004,4,24.99,10.0
ORD-007028,2025-02-25,TRD-005,8,19.99,8.0
ORD-001270,2025-02-25,TRD-002,4,19.99,5.0
ORD-008108,2025-02-25,INT-004,7,149.99,60.0
ORD-002272,2025-02-25,SEA-010,2,14.99,6.0
ORD-007035,2025-02-25,STB-004,1,7.99,3.0
ORD-002536,2025-02-25,STB-008,3,3.99,1.5
ORD-006255,2025-02-25,STB-005,2,6.99,2.5
ORD-000706,2025-02-25,SEA-003,3,29.99,12.0
ORD-001729,2025-02-26,SEA-005,5,59.99,25.0
ORD-002951,2025-02-26,SEA-010,6,14.99,6.0
ORD-007145,2025-02-26,TRD-006,9,24.99,10.0
ORD-007625,2025-02-26,TRD-008,3,14.99,3.0
ORD-001265,2025-02-26,STB-004,5,7.99,3.0
ORD-001350,2025-02-26,STB-008,3,3.99,1.5
ORD-004753,2025-02-26,SEA-005,3,59.99,25.0
ORD-004629,2025-02-26,SEA-004,3,34.99,15.0
ORD-006340,2025-02-26,STB-009,2,4.99,2.5
ORD-004317,2025-02-27,STB-007,1,5.99,2.0
ORD-003860,2025-02-27,SEA-001,2,19.99,8.0
ORD-005215,2025-02-27,TRD-002,6,19.99,5.0
ORD-004013,2025-02-27,TRD-004,8,24.99,10.0
ORD-008688,2025-02-27,STB-005,3,6.99,2.5
ORD-006317,2025-02-27,STB-008,3,3.99,1.5
ORD-008679,2025-02-28,TRD-008,4,14.99,3.0
ORD-008104,2025-02-28,TRD-004,5,24.99,10.0
ORD-000657,2025-02-28,STB-002,2,14.99,6.0
ORD-009969,2025-02-28,TRD-004,9,24.99,10.0
ORD-001626,2025-02-28,INT-006,1,199.99,80.0
ORD-009780,2025-02-28,TRD-006,3,24.99,10.0
ORD-009766,2025-02-28,TRD-008,7,14.99,3.0
ORD-007156,2025-02-28,INT-004,2,149.99,60.0
ORD-007416,2025-03-01,SEA-008,2,5.99,2.0
ORD-000335,2025-03-01,SEA-007,3,11.99,4.0
ORD-009834,2025-03-01,SEA-005,3,59.99,25.0
ORD-000975,2025-03-01,SEA-007,1,11.99,4.0
ORD-000028,2025-03-01,SEA-006,6,14.99,5.0
ORD-002376,2025-03-01,SEA-002,2,9.99,3.5
ORD-001343,2025-03-01,STB-002,5,14.99,6.0
ORD-009370,2025-03-01,TRD-002,7,19.99,5.0
ORD-009369,2025-03-01,STB-004,2,7.99,3.0
ORD-000676,2025-03-01,TRD-008,6,14.99,3.0
ORD-007513,2025-03-01,TRD-005,7,19.99,8.0
ORD-000232,2025-03-02,SEA-004,3,34.99,15.0
ORD-008235,2025-03-02,STB-008,1,3.99,1.5
ORD-009799,2025-03-02,TRD-004,4,24.99,10.0
ORD-003932,2025-03-02,STB-008,4,3.99,1.5
ORD-006886,2025-03-02,SEA-006,4,14.99,5.0
ORD-006761,2025-03-02,TRD-002,6,19.99,5.0
ORD-009383,2025-03-02,TRD-002,5,19.99,5.0
ORD-006264,2025-03-02,SEA-003,4,29.99,12.0
ORD-005347,2025-03-02,INT-005,4,119.99,45.0
ORD-001067,2025-03-02,TRD-006,9,24.99,10.0
ORD-000220,2025-03-02,STB-010,1,4.49,1.5
ORD-003157,2025-03-02,SEA-009,2,24.99,10.0
ORD-006544,2025-03-02,STB-004,4,7.99,3.0
ORD-002881,2025-03-02,SEA-005,3,59.99,25.0
ORD-001690,2025-03-03,TRD-007,5,39.99,15.0
ORD-004010,2025-03-03,SEA-009,3,24.99,10.0
ORD-008752,2025-03-03,STB-008,1,3.99,1.5
ORD-007958,2025-03-03,STB-002,3,14.99,6.0
ORD-000928,2025-03-03,STB-001,3,9.99,4.0
ORD-006844,2025-03-03,SEA-008,3,5.99,2.0
ORD-006087,2025-03-04,STB-010,6,4.49,1.5
ORD-005095,2025-03-04,TRD-001,6,39.99,15.0
ORD-006571,2025-03-04,SEA-003,4,29.99,12.0
ORD-001953,2025-03-04,STB-005,5,6.99,2.5
ORD-006962,2025-03-04,STB-001,6,9.99,4.0
ORD-007286,2025-03-04,INT-007,4,179.99,70.0
ORD-008019,2025-03-04,SEA-005,4,59.99,25.0
ORD-007940,2025-03-04,SEA-009,2,24.99,10.0
ORD-007569,2025-03-04,SEA-009,5,24.99,10.0
ORD-007288,2025-03-04,TRD-006,5,24.99,10.0
ORD-006449,2025-03-04,STB-005,2,6.99,2.5
ORD-008090,2025-03-04,STB-002,1,14.99,6.0
ORD-009308,2025-03-04,SEA-009,3,24.99,10.0
ORD-003278,2025-03-04,STB-010,7,4.49,1.5
ORD-008689,2025-03-04,SEA-001,2,19.99,8.0
ORD-003630,2025-03-05,SEA-006,3,14.99,5.0
ORD-006720,2025-03-05,STB-004,1,7.99,3.0
ORD-002484,2025-03-05,TRD-007,4,39.99,15.0
ORD-005072,2025-03-05,TRD-003,5,29.99,12.0
ORD-001943,2025-03-05,STB-007,2,5.99,2.0
ORD-004270,2025-03-05,INT-005,1,119.99,45.0
ORD-000320,2025-03-05,STB-009,2,4.99,2.5
ORD-003139,2025-03-05,TRD-003,2,29.99,12.0
ORD-005305,2025-03-06,SEA-006,4,14.99,5.0
ORD-003300,2025-03-06,TRD-005,4,19.99,8.0
ORD-006041,2025-03-06,STB-001,1,9.99,4.0
ORD-000133,2025-03-06,STB-001,6,9.99,4.0
ORD-001424,2025-03-07,SEA-007,3,11.99,4.0
ORD-003335,2025-03-07,SEA-008,3,5.99,2.0
ORD-005245,2025-03-07,TRD-005,5,19.99,8.0
ORD-001662,2025-03-07,TRD-004,5,24.99,10.0
ORD-000368,2025-03-07,STB-006,2,7.99,3.0
ORD-009682,2025-03-08,STB-008,3,3.99,1.5
ORD-005833,2025-03-08,STB-002,1,14.99,6.0
ORD-005240,2025-03-08,SEA-010,2,14.99,6.0
ORD-002673,2025-03-08,TRD-005,9,19.99,8.0
ORD-003916,2025-03-08,TRD-003,3,29.99,12.0
ORD-008062,2025-03-08,TRD-003,6,29.99,12.0
ORD-000172,2025-03-09,SEA-006,2,14.99,5.0
ORD-006161,2025-03-09,SEA-007,4,11.99,4.0
ORD-005471,2025-03-09,TRD-003,8,29.99,12.0
ORD-003109,2025-03-09,TRD-004,4,24.99,10.0
ORD-001472,2025-03-09,SEA-005,3,59.99,25.0
ORD-001102,2025-03-09,STB-008,3,3.99,1.5
ORD-006196,2025-03-09,TRD-007,4,39.99,15.0
ORD-000013,2025-03-09,SEA-009,2,24.99,10.0
ORD-007397,2025-03-09,STB-009,1,4.99,2.5
ORD-000503,2025-03-10,STB-001,4,9.99,4.0
ORD-009018,2025-03-10,SEA-003,5,29.99,12.0
ORD-008237,2025-03-10,SEA-010,3,14.99,6.0
ORD-000393,2025-03-10,SEA-009,1,24.99,10.0
ORD-007527,2025-03-10,TRD-004,3,24.99,10.0
ORD-004983,2025-03-10,STB-005,3,6.99,2.5
ORD-000930,2025-03-10,STB-008,4,3.99,1.5
ORD-007892,2025-03-10,SEA-007,2,11.99,4.0
ORD-002233,2025-03-10,STB-008,2,3.99,1.5
ORD-001877,2025-03-10,TRD-002,8,19.99,5.0
ORD-007165,2025-03-10,SEA-003,1,29.99,12.0
ORD-008138,2025-03-10,SEA-009,4,24.99,10.0
ORD-001315,2025-03-11,TRD-007,1,39.99,15.0
ORD-008037,2025-03-11,STB-009,1,4.99,2.5
ORD-008810,2025-03-11,STB-003,7,12.99,5.0
ORD-004917,2025-03-11,TRD-003,5,29.99,12.0
ORD-006033,2025-03-11,SEA-002,2,9.99,3.5
ORD-004539,2025-03-11,SEA-002,3,9.99,3.5
ORD-009281,2025-03-11,SEA-007,3,11.99,4.0
ORD-004502,2025-03-11,TRD-008,4,14.99,3.0
ORD-001277,2025-03-11,SEA-009,9,24.99,10.0
ORD-004624,2025-03-11,SEA-008,3,5.99,2.0
ORD-001371,2025-03-11,STB-009,4,4.99,2.5
ORD-004718,2025-03-12,STB-004,3,7.99,3.0
ORD-003084,2025-03-12,TRD-005,3,19.99,8.0
ORD-004941,2025-03-12,TRD-001,7,39.99,15.0
ORD-004019,2025-03-12,STB-005,1,6.99,2.5
ORD-000699,2025-03-12,TRD-001,4,39.99,15.0
ORD-007918,2025-03-12,STB-005,6,6.99,2.5
ORD-007418,2025-03-12,TRD-008,6,14.99,3.0
ORD-003231,2025-03-12,STB-008,9,3.99,1.5
ORD-008490,2025-03-12,STB-008,4,3.99,1.5
ORD-004845,2025-03-12,STB-010,3,4.49,1.5
ORD-004421,2025-03-12,STB-001,3,9.99,4.0
ORD-006799,2025-03-13,SEA-009,2,24.99,10.0
ORD-002123,2025-03-13,SEA-005,4,59.99,25.0
ORD-002656,2025-03-13,TRD-004,4,24.99,10.0
ORD-008965,2025-03-13,STB-004,4,7.99,3.0
ORD-004584,2025-03-13,SEA-005,6,59.99,25.0
ORD-009284,2025-03-13,TRD-003,4,29.99,12.0
ORD-005837,2025-03-13,STB-002,2,14.99,6.0
ORD-001890,2025-03-13,STB-007,6,5.99,2.0
ORD-001671,2025-03-13,INT-007,5,179.99,70.0
ORD-004585,2025-03-14,STB-006,5,7.99,3.0
ORD-003304,2025-03-14,SEA-002,6,9.99,3.5
ORD-006740,2025-03-14,STB-007,5,5.99,2.0
ORD-006137,2025-03-14,TRD-002,8,19.99,5.0
ORD-007158,2025-03-14,INT-001,1,19.99,8.0
ORD-006660,2025-03-14,INT-007,2,179.99,70.0
ORD-007394,2025-03-14,TRD-003,6,29.99,12.0
ORD-005091,2025-03-14,TRD-004,5,24.99,10.0
ORD-007478,2025-03-14,STB-002,4,14.99,6.0
ORD-008316,2025-03-14,STB-004,1,7.99,3.0
ORD-004657,2025-03-14,STB-008,2,3.99,1.5
ORD-009072,2025-03-14,TRD-008,5,14.99,3.0
ORD-006487,2025-03-14,TRD-005,9,19.99,8.0
ORD-006767,2025-03-14,SEA-002,1,9.99,3.5
ORD-008488,2025-03-15,SEA-002,2,9.99,3.5
ORD-008170,2025-03-15,TRD-002,5,19.99,5.0
ORD-004348,2025-03-15,STB-005,1,6.99,2.5
ORD-006311,2025-03-15,SEA-007,4,11.99,4.0
ORD-007664,2025-03-15,INT-003,3,59.99,25.0
ORD-003952,2025-03-15,STB-003,5,12.99,5.0
ORD-001578,2025-03-15,STB-005,2,6.99,2.5
ORD-006450,2025-03-15,STB-004,6,7.99,3.0
ORD-002898,2025-03-15,STB-001,2,9.99,4.0
ORD-009654,2025-03-16,STB-006,6,7.99,3.0
ORD-009141,2025-03-16,STB-004,2,7.99,3.0
ORD-005327,2025-03-16,TRD-006,8,24.99,10.0
ORD-006495,2025-03-16,INT-002,4,99.99,40.0
ORD-000072,2025-03-16,STB-005,2,6.99,2.5
ORD-006893,2025-03-16,TRD-001,3,39.99,15.0
ORD-009597,2025-03-16,SEA-004,7,34.99,15.0
ORD-008422,2025-03-17,STB-001,2,9.99,4.0
ORD-001553,2025-03-17,STB-002,1,14.99,6.0
ORD-008055,2025-03-17,STB-005,4,6.99,2.5
ORD-009210,2025-03-17,TRD-008,3,14.99,3.0
ORD-005285,2025-03-17,STB-002,3,14.99,6.0
ORD-002416,2025-03-17,STB-005,6,6.99,2.5
ORD-008855,2025-03-17,SEA-010,3,14.99,6.0
ORD-009105,2025-03-17,STB-004,4,7.99,3.0
ORD-007554,2025-03-17,SEA-006,2,14.99,5.0
ORD-004654,2025-03-17,STB-009,1,4.99,2.5
ORD-002785,2025-03-17,SEA-006,6,14.99,5.0
ORD-001891,2025-03-17,TRD-006,5,24.99,10.0
ORD-003542,2025-03-17,SEA-005,3,59.99,25.0
ORD-006937,2025-03-18,INT-001,5,19.99,8.0
ORD-009936,2025-03-18,STB-008,2,3.99,1.5
ORD-008327,2025-03-18,TRD-001,6,39.99,15.0
ORD-000852,2025-03-18,STB-007,1,5.99,2.0
ORD-004144,2025-03-18,TRD-004,7,24.99,10.0
ORD-004364,2025-03-19,STB-006,5,7.99,3.0
ORD-009064,2025-03-19,TRD-004,3,24.99,10.0
ORD-008447,2025-03-19,SEA-007,3,11.99,4.0
ORD-000774,2025-03-19,TRD-002,5,19.99,5.0
ORD-007366,2025-03-19,STB-009,2,4.99,2.5
ORD-001848,2025-03-19,INT-004,2,149.99,60.0
ORD-009692,2025-03-20,TRD-003,6,29.99,12.0
ORD-005136,2025-03-20,SEA-003,6,29.99,12.0
ORD-006224,2025-03-20,TRD-008,6,14.99,3.0
ORD-008876,2025-03-20,STB-001,3,9.99,4.0
ORD-002185,2025-03-20,STB-006,3,7.99,3.0
ORD-001818,2025-03-20,SEA-004,6,34.99,15.0
ORD-003784,2025-03-20,SEA-006,1,14.99,5.0
ORD-003097,2025-03-20,STB-002,3,14.99,6.0
ORD-005619,2025-03-20,TRD-006,6,24.99,10.0
ORD-008804,2025-03-20,STB-005,4,6.99,2.5
ORD-005612,2025-03-20,SEA-010,8,14.99,6.0
ORD-003428,2025-03-21,TRD-006,2,24.99,10.0
ORD-003816,2025-03-21,STB-005,3,6.99,2.5
ORD-009489,2025-03-21,STB-010,2,4.49,1.5
ORD-004739,2025-03-21,TRD-004,2,24.99,10.0
ORD-002706,2025-03-21,STB-010,1,4.49,1.5
ORD-005357,2025-03-21,SEA-006,4,14.99,5.0
ORD-003521,2025-03-21,STB-009,2,4.99,2.5
ORD-007597,2025-03-21,TRD-003,3,29.99,12.0
ORD-003740,2025-03-22,SEA-002,5,9.99,3.5
ORD-001677,2025-03-22,TRD-001,3,39.99,15.0
ORD-006500,2025-03-22,STB-009,3,4.99,2.5
ORD-005716,2025-03-22,INT-004,2,149.99,60.0
ORD-003271,2025-03-22,TRD-004,4,24.99,10.0
ORD-002094,2025-03-22,STB-005,5,6.99,2.5
ORD-004053,2025-03-22,STB-010,4,4.49,1.5
ORD-001889,2025-03-22,STB-008,3,3.99,1.5
ORD-008921,2025-03-22,SEA-008,1,5.99,2.0
ORD-000254,2025-03-22,SEA-005,4,59.99,25.0
ORD-001927,2025-03-22,TRD-002,2,19.99,5.0
ORD-002604,2025-03-23,TRD-007,5,39.99,15.0
ORD-005314,2025-03-23,STB-003,6,12.99,5.0
ORD-001964,2025-03-23,SEA-010,4,14.99,6.0
ORD-006197,2025-03-23,SEA-006,3,14.99,5.0
ORD-000349,2025-03-23,SEA-006,5,14.99,5.0
ORD-001666,2025-03-23,SEA-004,2,34.99,15.0
ORD-000811,2025-03-24,STB-010,4,4.49,1.5
ORD-003668,2025-03-24,SEA-010,4,14.99,6.0
ORD-008467,2025-03-24,TRD-006,7,24.99,10.0
ORD-001599,2025-03-24,TRD-002,3,19.99,5.0
ORD-002415,2025-03-24,TRD-007,2,39.99,15.0
ORD-006880,2025-03-24,TRD-002,4,19.99,5.0
ORD-006011,2025-03-24,SEA-002,5,9.99,3.5
ORD-000787,2025-03-24,SEA-007,4,11.99,4.0
ORD-006324,2025-03-24,STB-004,3,7.99,3.0
ORD-001907,2025-03-24,STB-008,1,3.99,1.5
ORD-001353,2025-03-24,STB-010,2,4.49,1.5
ORD-008287,2025-03-24,TRD-008,6,14.99,3.0
ORD-009063,2025-03-24,TRD-001,7,39.99,15.0
ORD-008031,2025-03-25,TRD-002,4,19.99,5.0
ORD-001796,2025-03-25,INT-004,1,149.99,60.0
ORD-006664,2025-03-25,SEA-008,1,5.99,2.0
ORD-006820,2025-03-25,STB-010,2,4.49,1.5
ORD-006390,2025-03-25,STB-001,4,9.99,4.0
ORD-001215,2025-03-25,STB-001,3,9.99,4.0
ORD-008349,2025-03-25,TRD-002,6,19.99,5.0
ORD-005413,2025-03-25,SEA-009,2,24.99,10.0
ORD-008164,2025-03-25,STB-010,6,4.49,1.5
ORD-000715,2025-03-25,STB-003,1,12.99,5.0
ORD-008761,2025-03-25,TRD-004,7,24.99,10.0
ORD-002154,2025-03-25,SEA-010,3,14.99,6.0
ORD-008343,2025-03-25,STB-005,3,6.99,2.5
ORD-003588,2025-03-25,STB-009,3,4.99,2.5
ORD-007476,2025-03-26,SEA-007,4,11.99,4.0
ORD-002737,2025-03-26,SEA-007,3,11.99,4.0
ORD-004115,2025-03-26,SEA-003,3,29.99,12.0
ORD-004792,2025-03-26,STB-001,4,9.99,4.0
ORD-007943,2025-03-26,STB-006,4,7.99,3.0
ORD-004153,2025-03-26,SEA-009,1,24.99,10.0
ORD-007096,2025-03-26,SEA-006,4,14.99,5.0
ORD-006745,2025-03-26,STB-006,3,7.99,3.0
ORD-004318,2025-03-26,STB-008,4,3.99,1.5
ORD-007040,2025-03-26,STB-006,2,7.99,3.0
ORD-005454,2025-03-26,SEA-007,1,11.99,4.0
ORD-000380,2025-03-26,SEA-004,4,34.99,15.0
ORD-001081,2025-03-27,TRD-002,4,19.99,5.0
ORD-003294,2025-03-27,TRD-001,9,39.99,15.0
ORD-000315,2025-03-27,TRD-008,7,14.99,3.0
ORD-001837,2025-03-27,STB-005,4,6.99,2.5
ORD-004265,2025-03-27,TRD-004,3,24.99,10.0
ORD-000592,2025-03-27,TRD-002,6,19.99,5.0
ORD-007241,2025-03-27,SEA-003,3,29.99,12.0
ORD-003163,2025-03-27,SEA-005,2,59.99,25.0
ORD-002207,2025-03-27,SEA-006,7,14.99,5.0
ORD-001030,2025-03-27,STB-003,3,12.99,5.0
ORD-009036,2025-03-27,SEA-006,5,14.99,5.0
ORD-009757,2025-03-27,STB-010,1,4.49,1.5
ORD-007487,2025-03-27,SEA-007,5,11.99,4.0
ORD-003808,2025-03-28,SEA-007,2,11.99,4.0
ORD-001468,2025-03-28,STB-006,2,7.99,3.0
ORD-006634,2025-03-28,STB-002,1,14.99,6.0
ORD-005867,2025-03-28,SEA-003,7,29.99,12.0
ORD-006138,2025-03-28,STB-005,4,6.99,2.5
ORD-009230,2025-03-28,TRD-008,6,14.99,3.0
ORD-007427,2025-03-28,TRD-001,6,39.99,15.0
ORD-004201,2025-03-28,STB-006,2,7.99,3.0
ORD-008083,2025-03-28,TRD-002,8,19.99,5.0
ORD-009212,2025-03-28,STB-001,9,9.99,4.0
ORD-003401,2025-03-28,SEA-006,4,14.99,5.0
ORD-003370,2025-03-28,STB-006,3,7.99,3.0
ORD-004310,2025-03-29,SEA-002,3,9.99,3.5
ORD-003735,2025-03-29,TRD-004,2,24.99,10.0
ORD-001719,2025-03-29,TRD-001,4,39.99,15.0
ORD-004748,2025-03-29,SEA-001,4,19.99,8.0
ORD-004638,2025-03-29,INT-008,5,299.99,100.0
ORD-006764,2025-03-29,SEA-002,4,9.99,3.5
ORD-002457,2025-03-29,STB-008,2,3.99,1.5
ORD-000541,2025-03-29,STB-009,1,4.99,2.5
ORD-007388,2025-03-29,TRD-001,5,39.99,15.0
ORD-005808,2025-03-29,SEA-006,2,14.99,5.0
ORD-002632,2025-03-29,STB-009,3,4.99,2.5
ORD-009398,2025-03-29,TRD-005,3,19.99,8.0
ORD-004682,2025-03-29,SEA-007,3,11.99,4.0
ORD-004802,2025-03-30,SEA-002,4,9.99,3.5
ORD-009034,2025-03-30,TRD-004,6,24.99,10.0
ORD-002008,2025-03-30,TRD-003,7,29.99,12.0
ORD-004708,2025-03-30,SEA-010,2,14.99,6.0
ORD-002093,2025-03-30,STB-002,3,14.99,6.0
ORD-007037,2025-03-30,STB-003,5,12.99,5.0
ORD-003472,2025-03-30,STB-009,3,4.99,2.5
ORD-009804,2025-03-30,SEA-001,1,19.99,8.0
ORD-004052,2025-03-31,TRD-005,10,19.99,8.0
ORD-006092,2025-03-31,STB-003,3,12.99,5.0
ORD-000701,2025-03-31,SEA-010,4,14.99,6.0
ORD-006822,2025-04-01,INT-007,4,179.99,70.0
ORD-000496,2025-04-01,STB-009,8,4.99,2.5
ORD-009806,2025-04-01,TRD-006,3,24.99,10.0
ORD-000010,2025-04-01,TRD-002,5,19.99,5.0
ORD-004033,2025-04-01,INT-003,6,59.99,25.0
ORD-002326,2025-04-01,SEA-006,4,14.99,5.0
ORD-005464,2025-04-01,STB-008,4,3.99,1.5
ORD-008868,2025-04-01,SEA-006,5,14.99,5.0
ORD-004113,2025-04-01,STB-008,1,3.99,1.5
ORD-005634,2025-04-01,STB-007,1,5.99,2.0
ORD-001685,2025-04-02,SEA-002,1,9.99,3.5
ORD-007175,2025-04-02,SEA-006,3,14.99,5.0
ORD-001414,2025-04-02,STB-005,3,6.99,2.5
ORD-004510,2025-04-02,SEA-001,3,19.99,8.0
ORD-002987,2025-04-02,STB-002,3,14.99,6.0
ORD-005088,2025-04-02,SEA-009,6,24.99,10.0
ORD-007616,2025-04-02,STB-008,5,3.99,1.5
ORD-009923,2025-04-02,STB-008,1,3.99,1.5
ORD-007845,2025-04-02,STB-008,2,3.99,1.5
ORD-000935,2025-04-02,SEA-010,5,14.99,6.0
ORD-001243,2025-04-02,TRD-008,5,14.99,3.0
ORD-006857,2025-04-02,TRD-002,3,19.99,5.0
ORD-009914,2025-04-02,SEA-004,5,34.99,15.0
ORD-000794,2025-04-02,STB-006,6,7.99,3.0
ORD-009365,2025-04-03,STB-010,2,4.49,1.5
ORD-005228,2025-04-03,SEA-009,9,24.99,10.0
ORD-004163,2025-04-03,SEA-004,8,34.99,15.0
ORD-005721,2025-04-03,STB-008,3,3.99,1.5
ORD-006210,2025-04-03,TRD-002,3,19.99,5.0
ORD-004908,2025-04-03,SEA-010,8,14.99,6.0
ORD-007421,2025-04-03,TRD-005,10,19.99,8.0
ORD-008157,2025-04-03,STB-007,2,5.99,2.0
ORD-009700,2025-04-03,TRD-004,4,24.99,10.0
ORD-009129,2025-04-03,SEA-002,4,9.99,3.5
ORD-005383,2025-04-03,TRD-002,4,19.99,5.0
ORD-001380,2025-04-03,INT-002,4,99.99,40.0
ORD-006371,2025-04-04,SEA-005,3,59.99,25.0
ORD-007991,2025-04-04,SEA-001,9,19.99,8.0
ORD-005548,2025-04-04,SEA-002,5,9.99,3.5
ORD-008755,2025-04-04,SEA-001,2,19.99,8.0
ORD-006590,2025-04-04,TRD-001,5,39.99,15.0
ORD-008850,2025-04-04,SEA-008,7,5.99,2.0
ORD-009750,2025-04-04,SEA-005,3,59.99,25.0
ORD-009254,2025-04-04,STB-007,2,5.99,2.0
ORD-008093,2025-04-04,STB-002,7,14.99,6.0
ORD-008653,2025-04-05,TRD-004,4,24.99,10.0
ORD-004964,2025-04-05,STB-004,2,7.99,3.0
ORD-007881,2025-04-05,STB-002,2,14.99,6.0
ORD-006006,2025-04-05,SEA-004,8,34.99,15.0
ORD-001705,2025-04-05,TRD-005,9,19.99,8.0
ORD-001087,2025-04-05,STB-006,3,7.99,3.0
ORD-008270,2025-04-05,TRD-005,3,19.99,8.0
ORD-001939,2025-04-05,STB-008,1,3.99,1.5
ORD-008650,2025-04-05,SEA-006,9,14.99,5.0
ORD-001447,2025-04-05,INT-005,5,119.99,45.0
ORD-008412,2025-04-05,STB-008,5,3.99,1.5
ORD-007902,2025-04-06,STB-009,1,4.99,2.5
ORD-004299,2025-04-06,INT-003,6,59.99,25.0
ORD-004427,2025-04-06,SEA-005,1,59.99,25.0
ORD-007782,2025-04-06,SEA-009,3,24.99,10.0
ORD-000406,2025-04-06,STB-002,1,14.99,6.0
ORD-006512,2025-04-06,TRD-003,3,29.99,12.0
ORD-005525,2025-04-06,SEA-009,3,24.99,10.0
ORD-005001,2025-04-06,STB-007,3,5.99,2.0
ORD-002386,2025-04-06,SEA-002,2,9.99,3.5
ORD-004542,2025-04-06,INT-003,1,59.99,25.0
ORD-004267,2025-04-06,STB-001,4,9.99,4.0
ORD-002555,2025-04-06,STB-002,2,14.99,6.0
ORD-002742,2025-04-06,SEA-005,5,59.99,25.0
ORD-008585,2025-04-07,TRD-003,7,29.99,12.0
ORD-009577,2025-04-07,TRD-006,5,24.99,10.0
ORD-002391,2025-04-07,SEA-002,6,9.99,3.5
ORD-005963,2025-04-07,TRD-007,9,39.99,15.0
ORD-005075,2025-04-07,SEA-005,3,59.99,25.0
ORD-008622,2025-04-07,SEA-003,3,29.99,12.0
ORD-005459,2025-04-07,TRD-005,6,19.99,8.0
ORD-005432,2025-04-07,SEA-004,5,34.99,15.0
ORD-006616,2025-04-07,STB-003,3,12.99,5.0
ORD-009956,2025-04-07,STB-005,1,6.99,2.5
ORD-005693,2025-04-08,SEA-009,4,24.99,10.0
ORD-008511,2025-04-08,SEA-010,7,14.99,6.0
ORD-008233,2025-04-08,INT-007,5,179.99,70.0
ORD-006154,2025-04-08,TRD-008,3,14.99,3.0
ORD-005523,2025-04-08,TRD-004,1,24.99,10.0
ORD-006503,2025-04-08,SEA-008,4,5.99,2.0
ORD-001486,2025-04-08,SEA-002,8,9.99,3.5
ORD-005299,2025-04-08,SEA-007,8,11.99,4.0
ORD-004277,2025-04-08,STB-010,5,4.49,1.5
ORD-004659,2025-04-08,STB-010,5,4.49,1.5
ORD-000069,2025-04-08,TRD-004,6,24.99,10.0
ORD-004511,2025-04-08,SEA-010,6,14.99,6.0
ORD-004146,2025-04-09,SEA-001,4,19.99,8.0
ORD-007458,2025-04-09,SEA-007,4,11.99,4.0
ORD-007843,2025-04-09,TRD-004,5,24.99,10.0
ORD-002245,2025-04-09,STB-010,2,4.49,1.5
ORD-001558,2025-04-09,SEA-010,4,14.99,6.0
ORD-000519,2025-04-09,STB-004,1,7.99,3.0
ORD-000033,2025-04-09,TRD-008,3,14.99,3.0
ORD-009509,2025-04-09,TRD-007,4,39.99,15.0
ORD-004822,2025-04-09,STB-002,1,14.99,6.0
ORD-002169,2025-04-10,TRD-004,10,24.99,10.0
ORD-005365,2025-04-10,STB-004,2,7.99,3.0
ORD-001365,2025-04-10,SEA-005,10,59.99,25.0
ORD-004312,2025-04-10,TRD-008,8,14.99,3.0
ORD-006472,2025-04-10,STB-001,5,9.99,4.0
ORD-001466,2025-04-10,SEA-009,5,24.99,10.0
ORD-008557,2025-04-10,SEA-001,8,19.99,8.0
ORD-000357,2025-04-10,TRD-006,6,24.99,10.0
ORD-006931,2025-04-10,STB-002,5,14.99,6.0
ORD-007482,2025-04-10,STB-002,3,14.99,6.0
ORD-008944,2025-04-11,SEA-002,4,9.99,3.5
ORD-001561,2025-04-11,TRD-004,3,24.99,10.0
ORD-001562,2025-04-11,TRD-002,6,19.99,5.0
ORD-008122,2025-04-11,SEA-009,4,24.99,10.0
ORD-009051,2025-04-11,STB-003,3,12.99,5.0
ORD-004641,2025-04-11,SEA-005,5,59.99,25.0
ORD-000926,2025-04-11,SEA-006,7,14.99,5.0
ORD-008925,2025-04-11,TRD-002,8,19.99,5.0
ORD-008930,2025-04-12,SEA-010,7,14.99,6.0
ORD-009544,2025-04-12,SEA-007,5,11.99,4.0
ORD-002501,2025-04-12,SEA-010,5,14.99,6.0
ORD-006106,2025-04-12,SEA-007,1,11.99,4.0
ORD-007907,2025-04-12,TRD-001,8,39.99,15.0
ORD-002779,2025-04-12,SEA-007,5,11.99,4.0
ORD-009371,2025-04-12,STB-007,1,5.99,2.0
ORD-005752,2025-04-12,TRD-004,4,24.99,10.0
ORD-004130,2025-04-13,TRD-006,7,24.99,10.0
ORD-008510,2025-04-13,SEA-004,1,34.99,15.0
ORD-002508,2025-04-13,STB-009,4,4.99,2.5
ORD-009762,2025-04-13,INT-008,2,299.99,100.0
ORD-005541,2025-04-13,TRD-004,2,24.99,10.0
ORD-009706,2025-04-13,TRD-005,5,19.99,8.0
ORD-009972,2025-04-13,SEA-008,4,5.99,2.0
ORD-008817,2025-04-13,SEA-002,3,9.99,3.5
ORD-003451,2025-04-13,STB-009,2,4.99,2.5
ORD-004835,2025-04-13,SEA-004,4,34.99,15.0
ORD-008294,2025-04-13,STB-004,3,7.99,3.0
ORD-003906,2025-04-13,STB-004,1,7.99,3.0
ORD-009632,2025-04-13,STB-003,4,12.99,5.0
ORD-002527,2025-04-13,INT-002,2,99.99,40.0
ORD-005026,2025-04-14,STB-005,1,6.99,2.5
ORD-002693,2025-04-14,SEA-002,3,9.99,3.5
ORD-003280,2025-04-14,TRD-008,5,14.99,3.0
ORD-009751,2025-04-14,SEA-004,4,34.99,15.0
ORD-008251,2025-04-14,STB-005,1,6.99,2.5
ORD-009455,2025-04-14,SEA-002,4,9.99,3.5
ORD-003313,2025-04-14,TRD-003,3,29.99,12.0
ORD-009558,2025-04-14,TRD-002,8,19.99,5.0
ORD-006735,2025-04-14,SEA-007,3,11.99,4.0
ORD-009930,2025-04-14,INT-004,5,149.99,60.0
ORD-006207,2025-04-14,STB-009,7,4.99,2.5
ORD-002920,2025-04-15,TRD-005,9,19.99,8.0
ORD-006236,2025-04-15,STB-003,4,12.99,5.0
ORD-007693,2025-04-15,SEA-009,2,24.99,10.0
ORD-009469,2025-04-15,TRD-001,5,39.99,15.0
ORD-005450,2025-04-15,INT-004,2,149.99,60.0
ORD-009581,2025-04-15,STB-009,5,4.99,2.5
ORD-003372,2025-04-15,STB-004,3,7.99,3.0
ORD-001203,2025-04-15,SEA-004,7,34.99,15.0
ORD-006420,2025-04-15,SEA-007,4,11.99,4.0
ORD-002608,2025-04-15,TRD-008,3,14.99,3.0
ORD-000937,2025-04-15,STB-005,7,6.99,2.5
ORD-006439,2025-04-15,STB-008,5,3.99,1.5
ORD-009623,2025-04-15,STB-006,4,7.99,3.0
ORD-004107,2025-04-16,TRD-003,6,29.99,12.0
ORD-000205,2025-04-16,TRD-005,6,19.99,8.0
ORD-000097,2025-04-16,SEA-005,3,59.99,25.0
ORD-001790,2025-04-16,TRD-003,4,29.99,12.0
ORD-007655,2025-04-16,SEA-008,3,5.99,2.0
ORD-001075,2025-04-16,STB-006,1,7.99,3.0
ORD-002808,2025-04-16,SEA-004,5,34.99,15.0
ORD-001494,2025-04-16,SEA-004,6,34.99,15.0
ORD-009413,2025-04-16,SEA-009,6,24.99,10.0
ORD-002970,2025-04-16,SEA-010,3,14.99,6.0
ORD-003550,2025-04-16,TRD-002,1,19.99,5.0
ORD-000780,2025-04-17,STB-006,1,7.99,3.0
ORD-002041,2025-04-17,STB-004,3,7.99,3.0
ORD-004605,2025-04-17,SEA-005,1,59.99,25.0
ORD-004089,2025-04-17,SEA-009,6,24.99,10.0
ORD-002721,2025-04-17,SEA-005,4,59.99,25.0
ORD-006198,2025-04-17,TRD-008,6,14.99,3.0
ORD-008552,2025-04-17,TRD-002,3,19.99,5.0
ORD-009428,2025-04-17,SEA-008,5,5.99,2.0
ORD-008392,2025-04-18,STB-001,1,9.99,4.0
ORD-000568,2025-04-18,SEA-004,4,34.99,15.0
ORD-001308,2025-04-18,SEA-003,4,29.99,12.0
ORD-008838,2025-04-18,INT-006,3,199.99,80.0
ORD-003590,2025-04-18,STB-005,6,6.99,2.5
ORD-008259,2025-04-18,STB-010,7,4.49,1.5
ORD-001858,2025-04-18,STB-009,2,4.99,2.5
ORD-001059,2025-04-18,TRD-008,4,14.99,3.0
ORD-000099,2025-04-18,SEA-006,4,14.99,5.0
ORD-000752,2025-04-18,TRD-003,5,29.99,12.0
ORD-001448,2025-04-18,STB-006,1,7.99,3.0
ORD-003566,2025-04-18,SEA-004,9,34.99,15.0
ORD-006804,2025-04-18,SEA-009,1,24.99,10.0
ORD-008228,2025-04-18,SEA-004,4,34.99,15.0
ORD-002849,2025-04-18,SEA-003,7,29.99,12.0
ORD-009975,2025-04-19,STB-002,4,14.99,6.0
ORD-000151,2025-04-19,STB-005,2,6.99,2.5
ORD-007046,2025-04-19,INT-005,3,119.99,45.0
ORD-004699,2025-04-19,SEA-004,3,34.99,15.0
ORD-004377,2025-04-19,SEA-006,3,14.99,5.0
ORD-004671,2025-04-19,SEA-010,5,14.99,6.0
ORD-004940,2025-04-20,STB-009,4,4.99,2.5
ORD-007774,2025-04-20,STB-003,5,12.99,5.0
ORD-008637,2025-04-20,STB-004,5,7.99,3.0
ORD-009613,2025-04-20,TRD-003,5,29.99,12.0
ORD-000529,2025-04-20,TRD-008,7,14.99,3.0
ORD-005592,2025-04-20,TRD-007,9,39.99,15.0
ORD-004494,2025-04-20,INT-003,1,59.99,25.0
ORD-005650,2025-04-20,STB-001,3,9.99,4.0
ORD-007166,2025-04-20,TRD-002,7,19.99,5.0
ORD-008515,2025-04-20,SEA-004,7,34.99,15.0
ORD-008378,2025-04-21,SEA-002,4,9.99,3.5
ORD-008441,2025-04-21,STB-004,2,7.99,3.0
ORD-007828,2025-04-21,STB-004,3,7.99,3.0
ORD-005076,2025-04-21,TRD-004,6,24.99,10.0
ORD-001153,2025-04-22,SEA-009,2,24.99,10.0
ORD-005056,2025-04-22,SEA-007,7,11.99,4.0
ORD-009092,2025-04-22,TRD-004,7,24.99,10.0
ORD-005317,2025-04-22,SEA-002,5,9.99,3.5
ORD-001332,2025-04-22,INT-002,4,99.99,40.0
ORD-001036,2025-04-22,STB-005,2,6.99,2.5
ORD-009650,2025-04-22,SEA-008,5,5.99,2.0
ORD-009983,2025-04-22,STB-010,3,4.49,1.5
ORD-002505,2025-04-22,INT-003,4,59.99,25.0
ORD-008770,2025-04-22,STB-001,1,9.99,4.0
ORD-001326,2025-04-22,TRD-006,6,24.99,10.0
ORD-001589,2025-04-22,SEA-008,7,5.99,2.0
ORD-007642,2025-04-23,TRD-006,4,24.99,10.0
ORD-008304,2025-04-23,STB-004,4,7.99,3.0
ORD-007396,2025-04-23,STB-007,1,5.99,2.0
ORD-002643,2025-04-23,STB-004,2,7.99,3.0
ORD-009997,2025-04-23,STB-004,4,7.99,3.0
ORD-005952,2025-04-23,TRD-005,9,19.99,8.0
ORD-008315,2025-04-23,STB-010,2,4.49,1.5
ORD-000131,2025-04-23,INT-007,4,179.99,70.0
ORD-008891,2025-04-23,SEA-001,5,19.99,8.0
ORD-002411,2025-04-24,SEA-009,7,24.99,10.0
ORD-006821,2025-04-24,SEA-003,5,29.99,12.0
ORD-000125,2025-04-24,STB-010,2,4.49,1.5
ORD-003366,2025-04-24,SEA-002,5,9.99,3.5
ORD-008524,2025-04-24,STB-008,1,3.99,1.5
ORD-007183,2025-04-24,SEA-003,5,29.99,12.0
ORD-003593,2025-04-24,SEA-010,6,14.99,6.0
ORD-005866,2025-04-24,STB-007,5,5.99,2.0
ORD-006091,2025-04-24,SEA-001,3,19.99,8.0
ORD-003839,2025-04-24,INT-003,2,59.99,25.0
ORD-005206,2025-04-24,TRD-005,6,19.99,8.0
ORD-001456,2025-04-25,STB-006,3,7.99,3.0
ORD-004612,2025-04-25,SEA-009,4,24.99,10.0
ORD-006434,2025-04-25,STB-009,5,4.99,2.5
ORD-001219,2025-04-25,TRD-001,8,39.99,15.0
ORD-006925,2025-04-25,INT-007,3,179.99,70.0
ORD-009608,2025-04-25,SEA-008,4,5.99,2.0
ORD-008698,2025-04-25,SEA-010,6,14.99,6.0
ORD-001863,2025-04-25,STB-009,4,4.99,2.5
ORD-002972,2025-04-25,SEA-007,5,11.99,4.0
ORD-002239,2025-04-25,STB-002,6,14.99,6.0
ORD-006183,2025-04-25,TRD-004,7,24.99,10.0
ORD-006066,2025-04-26,STB-003,1,12.99,5.0
ORD-009962,2025-04-26,SEA-008,4,5.99,2.0
ORD-005859,2025-04-26,TRD-008,12,14.99,3.0
ORD-002339,2025-04-26,STB-001,2,9.99,4.0
ORD-000111,2025-04-27,TRD-003,5,29.99,12.0
ORD-002988,2025-04-27,TRD-003,7,29.99,12.0
ORD-004874,2025-04-27,TRD-007,6,39.99,15.0
ORD-001699,2025-04-27,TRD-004,4,24.99,10.0
ORD-001807,2025-04-27,SEA-001,7,19.99,8.0
ORD-000019,2025-04-27,TRD-008,6,14.99,3.0
ORD-008558,2025-04-27,STB-002,5,14.99,6.0
ORD-002178,2025-04-27,TRD-003,6,29.99,12.0
ORD-004571,2025-04-27,TRD-003,3,29.99,12.0
ORD-002463,2025-04-28,SEA-008,7,5.99,2.0
ORD-009536,2025-04-28,TRD-006,4,24.99,10.0
ORD-005795,2025-04-28,SEA-003,7,29.99,12.0
ORD-008702,2025-04-28,STB-008,5,3.99,1.5
ORD-009898,2025-04-28,SEA-003,4,29.99,12.0
ORD-000906,2025-04-28,SEA-009,6,24.99,10.0
ORD-003079,2025-04-28,SEA-010,3,14.99,6.0
ORD-003253,2025-04-28,STB-008,2,3.99,1.5
ORD-008815,2025-04-28,TRD-006,4,24.99,10.0
ORD-007998,2025-04-28,STB-008,1,3.99,1.5
ORD-009445,2025-04-28,TRD-002,5,19.99,5.0
ORD-009452,2025-04-28,SEA-003,5,29.99,12.0
ORD-002518,2025-04-29,SEA-010,3,14.99,6.0
ORD-005152,2025-04-29,STB-009,1,4.99,2.5
ORD-005635,2025-04-29,SEA-001,13,19.99,8.0
ORD-003998,2025-04-29,STB-004,4,7.99,3.0
ORD-008099,2025-04-29,SEA-004,6,34.99,15.0
ORD-005283,2025-04-29,STB-001,3,9.99,4.0
ORD-009258,2025-04-29,INT-007,7,179.99,70.0
ORD-009391,2025-04-29,SEA-003,8,29.99,12.0
ORD-005641,2025-04-29,SEA-001,8,19.99,8.0
ORD-007266,2025-04-30,SEA-003,7,29.99,12.0
ORD-005660,2025-04-30,TRD-003,3,29.99,12.0
ORD-009208,2025-04-30,TRD-007,7,39.99,15.0
ORD-001205,2025-04-30,TRD-008,9,14.99,3.0
ORD-003110,2025-04-30,STB-009,3,4.99,2.5
ORD-004159,2025-04-30,STB-001,1,9.99,4.0
ORD-005783,2025-04-30,STB-004,2,7.99,3.0
ORD-007446,2025-04-30,STB-010,4,4.49,1.5
ORD-000330,2025-04-30,STB-009,6,4.99,2.5
ORD-000914,2025-05-01,TRD-006,5,24.99,10.0
ORD-007748,2025-05-01,TRD-006,3,24.99,10.0
ORD-002001,2025-05-01,SEA-001,2,19.99,8.0
ORD-001020,2025-05-01,STB-005,2,6.99,2.5
ORD-007517,2025-05-01,STB-006,2,7.99,3.0
ORD-006701,2025-05-01,SEA-008,3,5.99,2.0
ORD-003461,2025-05-01,STB-001,1,9.99,4.0
ORD-008835,2025-05-01,STB-007,4,5.99,2.0
ORD-006099,2025-05-02,SEA-004,5,34.99,15.0
ORD-002193,2025-05-02,STB-004,2,7.99,3.0
ORD-007657,2025-05-02,SEA-001,8,19.99,8.0
ORD-001164,2025-05-02,STB-001,2,9.99,4.0
ORD-009110,2025-05-02,TRD-004,5,24.99,10.0
ORD-009876,2025-05-02,STB-009,1,4.99,2.5
ORD-008437,2025-05-02,TRD-005,3,19.99,8.0
ORD-009525,2025-05-02,SEA-005,12,59.99,25.0
ORD-006894,2025-05-02,INT-005,5,119.99,45.0
ORD-003096,2025-05-02,STB-003,3,12.99,5.0
ORD-002754,2025-05-02,SEA-007,8,11.99,4.0
ORD-001240,2025-05-02,TRD-004,2,24.99,10.0
ORD-003168,2025-05-03,SEA-007,4,11.99,4.0
ORD-001766,2025-05-03,SEA-007,5,11.99,4.0
ORD-007363,2025-05-03,TRD-003,5,29.99,12.0
ORD-007740,2025-05-03,SEA-001,6,19.99,8.0
ORD-001923,2025-05-03,TRD-001,5,39.99,15.0
ORD-005155,2025-05-03,TRD-008,4,14.99,3.0
ORD-008881,2025-05-03,SEA-002,7,9.99,3.5
ORD-007555,2025-05-04,STB-004,1,7.99,3.0
ORD-002541,2025-05-04,TRD-005,6,19.99,8.0
ORD-005046,2025-05-04,SEA-010,7,14.99,6.0
ORD-003263,2025-05-04,SEA-001,7,19.99,8.0
ORD-006019,2025-05-04,SEA-010,9,14.99,6.0
ORD-005673,2025-05-04,SEA-005,3,59.99,25.0
ORD-006297,2025-05-04,SEA-002,9,9.99,3.5
ORD-001840,2025-05-04,STB-001,3,9.99,4.0
ORD-004701,2025-05-04,TRD-001,4,39.99,15.0
ORD-009949,2025-05-04,SEA-008,5,5.99,2.0
ORD-009058,2025-05-04,STB-005,1,6.99,2.5
ORD-007678,2025-05-04,SEA-001,8,19.99,8.0
ORD-006867,2025-05-04,INT-007,1,179.99,70.0
ORD-004460,2025-05-05,TRD-002,13,19.99,5.0
ORD-008186,2025-05-05,TRD-002,6,19.99,5.0
ORD-007770,2025-05-05,SEA-009,5,24.99,10.0
ORD-002816,2025-05-05,SEA-010,11,14.99,6.0
ORD-004915,2025-05-05,STB-010,3,4.49,1.5
ORD-009280,2025-05-05,SEA-009,4,24.99,10.0
ORD-007001,2025-05-05,TRD-007,3,39.99,15.0
ORD-000696,2025-05-05,SEA-003,5,29.99,12.0
ORD-005910,2025-05-06,SEA-001,7,19.99,8.0
ORD-000171,2025-05-06,TRD-001,4,39.99,15.0
ORD-008633,2025-05-06,SEA-010,7,14.99,6.0
ORD-006940,2025-05-06,STB-001,1,9.99,4.0
ORD-002578,2025-05-06,TRD-004,5,24.99,10.0
ORD-008028,2025-05-06,SEA-010,6,14.99,6.0
ORD-002062,2025-05-06,STB-006,4,7.99,3.0
ORD-009349,2025-05-06,SEA-010,5,14.99,6.0
ORD-007042,2025-05-06,SEA-010,7,14.99,6.0
ORD-009022,2025-05-06,SEA-004,6,34.99,15.0
ORD-002880,2025-05-06,TRD-007,5,39.99,15.0
ORD-006784,2025-05-06,TRD-002,10,19.99,5.0
ORD-005796,2025-05-06,STB-006,3,7.99,3.0
ORD-008538,2025-05-07,TRD-006,5,24.99,10.0
ORD-007824,2025-05-07,SEA-007,7,11.99,4.0
ORD-005656,2025-05-07,SEA-002,6,9.99,3.5
ORD-001913,2025-05-07,SEA-004,8,34.99,15.0
ORD-007235,2025-05-07,STB-001,3,9.99,4.0
ORD-007756,2025-05-08,SEA-008,5,5.99,2.0
ORD-009758,2025-05-08,SEA-002,11,9.99,3.5
ORD-002663,2025-05-08,TRD-005,7,19.99,8.0
ORD-002933,2025-05-08,STB-007,1,5.99,2.0
ORD-005276,2025-05-08,TRD-006,3,24.99,10.0
ORD-006576,2025-05-08,STB-003,2,12.99,5.0
ORD-009587,2025-05-08,STB-004,7,7.99,3.0
ORD-003689,2025-05-08,STB-010,2,4.49,1.5
ORD-000364,2025-05-08,SEA-003,9,29.99,12.0
ORD-003426,2025-05-09,STB-007,5,5.99,2.0
ORD-008599,2025-05-09,STB-004,3,7.99,3.0
ORD-009510,2025-05-09,TRD-006,1,24.99,10.0
ORD-004242,2025-05-09,STB-007,3,5.99,2.0
ORD-001756,2025-05-09,TRD-002,7,19.99,5.0
ORD-001068,2025-05-09,SEA-005,5,59.99,25.0
ORD-008683,2025-05-09,STB-001,2,9.99,4.0
ORD-000073,2025-05-09,TRD-006,6,24.99,10.0
ORD-009998,2025-05-10,TRD-003,7,29.99,12.0
ORD-007648,2025-05-10,STB-002,1,14.99,6.0
ORD-005512,2025-05-10,SEA-008,5,5.99,2.0
ORD-001397,2025-05-10,TRD-001,7,39.99,15.0
ORD-008563,2025-05-10,SEA-001,5,19.99,8.0
ORD-006206,2025-05-10,TRD-008,4,14.99,3.0
ORD-009678,2025-05-10,STB-001,3,9.99,4.0
ORD-001778,2025-05-10,SEA-010,3,14.99,6.0
ORD-007539,2025-05-10,TRD-002,9,19.99,5.0
ORD-007370,2025-05-10,INT-005,1,119.99,45.0
ORD-007153,2025-05-10,STB-009,4,4.99,2.5
ORD-009746,2025-05-10,STB-004,1,7.99,3.0
ORD-008505,2025-05-11,STB-004,2,7.99,3.0
ORD-005366,2025-05-11,SEA-001,4,19.99,8.0
ORD-002552,2025-05-11,STB-004,2,7.99,3.0
ORD-004887,2025-05-11,STB-007,5,5.99,2.0
ORD-006352,2025-05-11,STB-003,1,12.99,5.0
ORD-003185,2025-05-11,STB-007,1,5.99,2.0
ORD-007313,2025-05-11,TRD-006,5,24.99,10.0
ORD-004774,2025-05-12,STB-001,1,9.99,4.0
ORD-003885,2025-05-12,SEA-001,4,19.99,8.0
ORD-001209,2025-05-12,STB-005,4,6.99,2.5
ORD-004245,2025-05-12,SEA-001,8,19.99,8.0
ORD-008094,2025-05-12,TRD-005,6,19.99,8.0
ORD-002989,2025-05-12,SEA-006,5,14.99,5.0
ORD-004924,2025-05-13,TRD-001,5,39.99,15.0
ORD-004454,2025-05-13,SEA-004,6,34.99,15.0
ORD-005514,2025-05-13,SEA-009,5,24.99,10.0
ORD-001439,2025-05-13,TRD-003,4,29.99,12.0
ORD-006815,2025-05-13,SEA-008,8,5.99,2.0
ORD-009518,2025-05-13,STB-008,1,3.99,1.5
ORD-000946,2025-05-13,SEA-002,8,9.99,3.5
ORD-007230,2025-05-13,TRD-008,10,14.99,3.0
ORD-005364,2025-05-13,SEA-002,5,9.99,3.5
ORD-001931,2025-05-13,SEA-001,6,19.99,8.0
ORD-001990,2025-05-13,STB-001,4,9.99,4.0
ORD-003218,2025-05-13,STB-007,3,5.99,2.0
ORD-009868,2025-05-14,STB-005,2,6.99,2.5
ORD-003529,2025-05-14,STB-004,4,7.99,3.0
ORD-008292,2025-05-14,INT-002,2,99.99,40.0
ORD-003420,2025-05-14,TRD-003,9,29.99,12.0
ORD-009122,2025-05-14,TRD-008,3,14.99,3.0
ORD-004877,2025-05-14,SEA-002,4,9.99,3.5
ORD-006573,2025-05-15,INT-004,2,149.99,60.0
ORD-005073,2025-05-15,INT-001,5,19.99,8.0
ORD-000549,2025-05-15,SEA-010,6,14.99,6.0
ORD-001141,2025-05-15,STB-001,6,9.99,4.0
ORD-004562,2025-05-15,SEA-001,5,19.99,8.0
ORD-000740,2025-05-15,STB-006,4,7.99,3.0
ORD-009520,2025-05-16,SEA-005,4,59.99,25.0
ORD-000577,2025-05-16,STB-005,3,6.99,2.5
ORD-007052,2025-05-16,TRD-008,8,14.99,3.0
ORD-000242,2025-05-16,TRD-004,3,24.99,10.0
ORD-001233,2025-05-16,STB-009,2,4.99,2.5
ORD-006731,2025-05-16,STB-007,3,5.99,2.0
ORD-007493,2025-05-16,STB-009,3,4.99,2.5
ORD-008859,2025-05-16,TRD-001,3,39.99,15.0
ORD-007948,2025-05-16,TRD-002,2,19.99,5.0
ORD-001773,2025-05-16,TRD-001,9,39.99,15.0
ORD-002594,2025-05-16,TRD-001,4,39.99,15.0
ORD-003210,2025-05-16,STB-009,5,4.99,2.5
ORD-000747,2025-05-17,TRD-005,2,19.99,8.0
ORD-003086,2025-05-17,TRD-008,2,14.99,3.0
ORD-000372,2025-05-17,SEA-010,4,14.99,6.0
ORD-007504,2025-05-17,SEA-004,5,34.99,15.0
ORD-002534,2025-05-17,SEA-005,6,59.99,25.0
ORD-007018,2025-05-18,SEA-001,7,19.99,8.0
ORD-005781,2025-05-18,STB-009,3,4.99,2.5
ORD-001520,2025-05-18,SEA-005,10,59.99,25.0
ORD-000497,2025-05-18,STB-003,2,12.99,5.0
ORD-005995,2025-05-18,SEA-001,7,19.99,8.0
ORD-006395,2025-05-18,TRD-006,4,24.99,10.0
ORD-003757,2025-05-18,SEA-007,5,11.99,4.0
ORD-003326,2025-05-18,STB-008,2,3.99,1.5
ORD-008381,2025-05-18,SEA-006,3,14.99,5.0
ORD-000626,2025-05-18,TRD-003,5,29.99,12.0
ORD-000017,2025-05-19,STB-001,2,9.99,4.0
ORD-001145,2025-05-19,STB-007,4,5.99,2.0
ORD-006293,2025-05-19,STB-003,5,12.99,5.0
ORD-003465,2025-05-19,STB-006,1,7.99,3.0
ORD-001828,2025-05-19,STB-004,4,7.99,3.0
ORD-009639,2025-05-19,TRD-001,4,39.99,15.0
ORD-000883,2025-05-19,STB-001,3,9.99,4.0
ORD-000333,2025-05-20,TRD-005,8,19.99,8.0
ORD-007401,2025-05-20,TRD-004,9,24.99,10.0
ORD-007758,2025-05-20,SEA-006,5,14.99,5.0
ORD-007953,2025-05-20,TRD-003,12,29.99,12.0
ORD-002465,2025-05-20,STB-005,1,6.99,2.5
ORD-005950,2025-05-20,SEA-003,10,29.99,12.0
ORD-002381,2025-05-20,SEA-006,7,14.99,5.0
ORD-004825,2025-05-20,SEA-005,6,59.99,25.0
ORD-009430,2025-05-20,STB-002,5,14.99,6.0
ORD-006604,2025-05-20,SEA-007,11,11.99,4.0
ORD-008884,2025-05-20,SEA-002,11,9.99,3.5
ORD-009850,2025-05-21,SEA-009,7,24.99,10.0
ORD-001731,2025-05-21,TRD-003,1,29.99,12.0
ORD-003589,2025-05-21,STB-007,5,5.99,2.0
ORD-009299,2025-05-21,SEA-009,4,24.99,10.0
ORD-009463,2025-05-21,SEA-002,6,9.99,3.5
ORD-006670,2025-05-21,TRD-008,8,14.99,3.0
ORD-003613,2025-05-21,SEA-003,4,29.99,12.0
ORD-001291,2025-05-21,SEA-002,4,9.99,3.5
ORD-008802,2025-05-22,SEA-004,4,34.99,15.0
ORD-002930,2025-05-22,TRD-002,4,19.99,5.0
ORD-001441,2025-05-22,TRD-008,2,14.99,3.0
ORD-002862,2025-05-22,TRD-008,7,14.99,3.0
ORD-009008,2025-05-22,STB-005,2,6.99,2.5
ORD-003538,2025-05-22,STB-003,3,12.99,5.0
ORD-000643,2025-05-22,STB-008,1,3.99,1.5
ORD-008311,2025-05-22,TRD-007,14,39.99,15.0
ORD-000438,2025-05-22,SEA-004,7,34.99,15.0
ORD-000014,2025-05-22,TRD-002,7,19.99,5.0
ORD-001352,2025-05-22,STB-001,2,9.99,4.0
ORD-002675,2025-05-22,TRD-002,8,19.99,5.0
ORD-006674,2025-05-22,STB-001,2,9.99,4.0
ORD-005451,2025-05-22,STB-003,4,12.99,5.0
ORD-002037,2025-05-23,STB-007,4,5.99,2.0
ORD-009337,2025-05-23,TRD-008,6,14.99,3.0
ORD-006212,2025-05-23,TRD-004,3,24.99,10.0
ORD-008728,2025-05-23,STB-001,2,9.99,4.0
ORD-005135,2025-05-23,SEA-001,9,19.99,8.0
ORD-003594,2025-05-23,SEA-010,6,14.99,6.0
ORD-000001,2025-05-23,SEA-004,8,34.99,15.0
ORD-005015,2025-05-23,SEA-005,6,59.99,25.0
ORD-007255,2025-05-23,TRD-005,7,19.99,8.0
ORD-004037,2025-05-23,SEA-001,5,19.99,8.0
ORD-003622,2025-05-23,STB-002,6,14.99,6.0
ORD-007526,2025-05-23,SEA-005,4,59.99,25.0
ORD-005599,2025-05-23,SEA-008,9,5.99,2.0
ORD-007716,2025-05-23,TRD-003,6,29.99,12.0
ORD-005827,2025-05-23,STB-008,2,3.99,1.5
ORD-005988,2025-05-24,SEA-009,4,24.99,10.0
ORD-007149,2025-05-24,TRD-005,11,19.99,8.0
ORD-000682,2025-05-24,SEA-007,11,11.99,4.0
ORD-007116,2025-05-24,SEA-001,5,19.99,8.0
ORD-003728,2025-05-24,TRD-002,5,19.99,5.0
ORD-005074,2025-05-25,SEA-009,5,24.99,10.0
ORD-004630,2025-05-25,SEA-008,10,5.99,2.0
ORD-001112,2025-05-25,SEA-008,7,5.99,2.0
ORD-008513,2025-05-25,SEA-002,6,9.99,3.5
ORD-007533,2025-05-25,SEA-004,7,34.99,15.0
ORD-007581,2025-05-25,INT-008,4,299.99,100.0
ORD-003081,2025-05-25,SEA-006,8,14.99,5.0
ORD-002776,2025-05-25,STB-009,1,4.99,2.5
ORD-001021,2025-05-25,STB-001,4,9.99,4.0
ORD-007355,2025-05-26,STB-001,7,9.99,4.0
ORD-002678,2025-05-26,STB-002,2,14.99,6.0
ORD-007438,2025-05-26,STB-005,2,6.99,2.5
ORD-003411,2025-05-26,SEA-004,2,34.99,15.0
ORD-001895,2025-05-26,TRD-005,3,19.99,8.0
ORD-007320,2025-05-26,TRD-003,5,29.99,12.0
ORD-008670,2025-05-26,TRD-007,6,39.99,15.0
ORD-006861,2025-05-26,SEA-007,7,11.99,4.0
ORD-003020,2025-05-26,SEA-010,6,14.99,6.0
ORD-000121,2025-05-26,SEA-006,8,14.99,5.0
ORD-009296,2025-05-26,TRD-004,4,24.99,10.0
ORD-002954,2025-05-26,STB-006,1,7.99,3.0
ORD-009056,2025-05-26,STB-009,7,4.99,2.5
ORD-000998,2025-05-26,STB-009,3,4.99,2.5
ORD-000369,2025-05-27,STB-006,6,7.99,3.0
ORD-006724,2025-05-27,STB-001,4,9.99,4.0
ORD-005284,2025-05-27,STB-004,2,7.99,3.0
ORD-004035,2025-05-27,TRD-008,8,14.99,3.0
ORD-000587,2025-05-27,TRD-001,7,39.99,15.0
ORD-009833,2025-05-28,STB-006,6,7.99,3.0
ORD-008588,2025-05-28,STB-006,3,7.99,3.0
ORD-005493,2025-05-28,SEA-006,2,14.99,5.0
ORD-009617,2025-05-28,TRD-004,4,24.99,10.0
ORD-009885,2025-05-28,INT-006,3,199.99,80.0
ORD-003351,2025-05-28,SEA-003,6,29.99,12.0
ORD-001787,2025-05-28,STB-003,7,12.99,5.0
ORD-000680,2025-05-28,TRD-007,9,39.99,15.0
ORD-008900,2025-05-29,TRD-007,4,39.99,15.0
ORD-006516,2025-05-29,SEA-005,5,59.99,25.0
ORD-002525,2025-05-29,TRD-007,7,39.99,15.0
ORD-007515,2025-05-29,SEA-001,5,19.99,8.0
ORD-003798,2025-05-29,STB-003,3,12.99,5.0
ORD-002695,2025-05-29,SEA-008,9,5.99,2.0
ORD-003811,2025-05-29,SEA-002,3,9.99,3.5
ORD-008195,2025-05-29,TRD-006,3,24.99,10.0
ORD-001607,2025-05-30,SEA-004,7,34.99,15.0
ORD-000216,2025-05-30,TRD-005,5,19.99,8.0
ORD-008949,2025-05-30,TRD-004,6,24.99,10.0
ORD-005220,2025-05-30,TRD-004,6,24.99,10.0
ORD-009174,2025-05-30,STB-001,4,9.99,4.0
ORD-003251,2025-05-30,STB-006,2,7.99,3.0
ORD-007205,2025-05-30,STB-008,3,3.99,1.5
ORD-002836,2025-05-31,SEA-008,5,5.99,2.0
ORD-003544,2025-05-31,INT-005,6,119.99,45.0
ORD-004224,2025-05-31,INT-002,3,99.99,40.0
ORD-006787,2025-05-31,TRD-005,3,19.99,8.0
ORD-000423,2025-05-31,STB-007,4,5.99,2.0
ORD-007894,2025-05-31,SEA-009,7,24.99,10.0
ORD-007325,2025-05-31,STB-002,2,14.99,6.0
ORD-002955,2025-05-31,SEA-006,7,14.99,5.0
ORD-007772,2025-05-31,SEA-002,5,9.99,3.5
ORD-000082,2025-05-31,STB-002,2,14.99,6.0
ORD-009507,2025-05-31,STB-008,1,3.99,1.5
ORD-006600,2025-05-31,TRD-003,4,29.99,12.0
ORD-006485,2025-05-31,STB-009,6,4.99,2.5
ORD-001345,2025-05-31,SEA-007,6,11.99,4.0
ORD-006378,2025-05-31,SEA-008,6,5.99,2.0
ORD-009828,2025-05-31,STB-003,2,12.99,5.0
ORD-008154,2025-06-01,INT-006,1,199.99,80.0
ORD-005838,2025-06-01,SEA-005,6,59.99,25.0
ORD-008208,2025-06-01,STB-004,5,7.99,3.0
ORD-007172,2025-06-01,SEA-007,5,11.99,4.0
ORD-008012,2025-06-01,STB-009,5,4.99,2.5
ORD-001946,2025-06-01,TRD-008,7,14.99,3.0
ORD-003489,2025-06-01,STB-007,2,5.99,2.0
ORD-003477,2025-06-01,SEA-010,11,14.99,6.0
ORD-002350,2025-06-02,SEA-008,11,5.99,2.0
ORD-006878,2025-06-02,TRD-006,10,24.99,10.0
ORD-006568,2025-06-02,STB-005,4,6.99,2.5
ORD-009305,2025-06-02,TRD-004,4,24.99,10.0
ORD-006067,2025-06-02,SEA-010,6,14.99,6.0
ORD-002087,2025-06-02,SEA-003,6,29.99,12.0
ORD-007128,2025-06-02,TRD-004,8,24.99,10.0
ORD-001621,2025-06-02,STB-003,4,12.99,5.0
ORD-009596,2025-06-02,SEA-010,11,14.99,6.0
ORD-005756,2025-06-02,TRD-003,4,29.99,12.0
ORD-003625,2025-06-02,TRD-005,7,19.99,8.0
ORD-000253,2025-06-02,STB-005,3,6.99,2.5
ORD-001904,2025-06-02,TRD-002,4,19.99,5.0
ORD-000358,2025-06-02,SEA-004,6,34.99,15.0
ORD-008226,2025-06-02,SEA-003,10,29.99,12.0
ORD-003403,2025-06-02,TRD-001,7,39.99,15.0
ORD-000143,2025-06-02,SEA-002,6,9.99,3.5
ORD-001747,2025-06-03,TRD-003,3,29.99,12.0
ORD-000960,2025-06-03,INT-006,1,199.99,80.0
ORD-009618,2025-06-03,INT-008,3,299.99,100.0
ORD-003255,2025-06-03,TRD-006,3,24.99,10.0
ORD-004456,2025-06-03,SEA-007,4,11.99,4.0
ORD-007580,2025-06-03,TRD-007,6,39.99,15.0
ORD-001031,2025-06-03,SEA-001,6,19.99,8.0
ORD-001110,2025-06-03,TRD-004,5,24.99,10.0
ORD-001046,2025-06-03,INT-007,4,179.99,70.0
ORD-004895,2025-06-04,STB-004,2,7.99,3.0
ORD-005846,2025-06-04,TRD-001,11,39.99,15.0
ORD-000479,2025-06-04,SEA-002,9,9.99,3.5
ORD-000471,2025-06-04,SEA-009,4,24.99,10.0
ORD-000779,2025-06-04,SEA-007,8,11.99,4.0
ORD-003166,2025-06-04,STB-009,3,4.99,2.5
ORD-009333,2025-06-04,SEA-006,11,14.99,5.0
ORD-009012,2025-06-04,TRD-001,5,39.99,15.0
ORD-001321,2025-06-04,STB-010,3,4.49,1.5
ORD-001663,2025-06-04,TRD-002,5,19.99,5.0
ORD-001772,2025-06-04,STB-005,1,6.99,2.5
ORD-005679,2025-06-05,STB-006,2,7.99,3.0
ORD-005513,2025-06-05,STB-010,4,4.49,1.5
ORD-001909,2025-06-05,SEA-008,8,5.99,2.0
ORD-000717,2025-06-05,TRD-002,8,19.99,5.0
ORD-001282,2025-06-05,STB-009,6,4.99,2.5
ORD-007133,2025-06-05,SEA-002,8,9.99,3.5
ORD-007661,2025-06-05,SEA-003,14,29.99,12.0
ORD-007192,2025-06-05,TRD-007,2,39.99,15.0
ORD-004190,2025-06-05,SEA-009,6,24.99,10.0
ORD-000944,2025-06-05,STB-003,2,12.99,5.0
ORD-004401,2025-06-06,TRD-005,6,19.99,8.0
ORD-009484,2025-06-06,TRD-003,7,29.99,12.0
ORD-004258,2025-06-06,STB-001,2,9.99,4.0
ORD-003967,2025-06-06,SEA-005,6,59.99,25.0
ORD-000399,2025-06-06,TRD-001,8,39.99,15.0
ORD-001615,2025-06-06,SEA-009,5,24.99,10.0
ORD-008596,2025-06-06,TRD-005,4,19.99,8.0
ORD-002408,2025-06-06,SEA-010,6,14.99,6.0
ORD-006155,2025-06-06,SEA-005,10,59.99,25.0
ORD-001058,2025-06-07,STB-002,4,14.99,6.0
ORD-008173,2025-06-07,SEA-007,8,11.99,4.0
ORD-007490,2025-06-07,TRD-004,5,24.99,10.0
ORD-003087,2025-06-07,SEA-002,6,9.99,3.5
ORD-006702,2025-06-07,STB-002,3,14.99,6.0
ORD-007473,2025-06-07,STB-009,4,4.99,2.5
ORD-008174,2025-06-07,TRD-008,7,14.99,3.0
ORD-003179,2025-06-07,SEA-006,8,14.99,5.0
ORD-002469,2025-06-07,TRD-003,3,29.99,12.0
ORD-000784,2025-06-07,SEA-006,11,14.99,5.0
ORD-005532,2025-06-07,STB-004,8,7.99,3.0
ORD-005689,2025-06-07,SEA-001,9,19.99,8.0
ORD-004441,2025-06-07,SEA-010,10,14.99,6.0
ORD-006967,2025-06-07,SEA-002,5,9.99,3.5
ORD-008570,2025-06-07,SEA-010,15,14.99,6.0
ORD-006774,2025-06-07,TRD-005,7,19.99,8.0
ORD-004372,2025-06-08,STB-006,6,7.99,3.0
ORD-002584,2025-06-08,TRD-002,6,19.99,5.0
ORD-001177,2025-06-08,STB-008,2,3.99,1.5
ORD-005416,2025-06-08,STB-008,4,3.99,1.5
ORD-008125,2025-06-08,TRD-008,5,14.99,3.0
ORD-002153,2025-06-08,STB-004,2,7.99,3.0
ORD-004453,2025-06-09,TRD-004,6,24.99,10.0
ORD-009039,2025-06-09,SEA-007,3,11.99,4.0
ORD-000615,2025-06-09,TRD-008,4,14.99,3.0
ORD-005207,2025-06-09,SEA-003,11,29.99,12.0
ORD-001383,2025-06-09,STB-001,4,9.99,4.0
ORD-009417,2025-06-09,TRD-003,4,29.99,12.0
ORD-007757,2025-06-09,TRD-003,6,29.99,12.0
ORD-008676,2025-06-09,TRD-002,8,19.99,5.0
ORD-003103,2025-06-09,TRD-004,8,24.99,10.0
ORD-000061,2025-06-10,SEA-005,2,59.99,25.0
ORD-001495,2025-06-10,TRD-006,4,24.99,10.0
ORD-003267,2025-06-10,STB-009,2,4.99,2.5
ORD-003312,2025-06-10,SEA-007,10,11.99,4.0
ORD-001348,2025-06-10,TRD-004,9,24.99,10.0
ORD-009316,2025-06-10,STB-001,2,9.99,4.0
ORD-003355,2025-06-10,TRD-007,1,39.99,15.0
ORD-007966,2025-06-10,STB-009,3,4.99,2.5
ORD-005101,2025-06-10,SEA-005,12,59.99,25.0
ORD-008211,2025-06-10,STB-010,10,4.49,1.5
ORD-002022,2025-06-10,SEA-008,11,5.99,2.0
ORD-009487,2025-06-10,SEA-003,3,29.99,12.0
ORD-009000,2025-06-10,STB-001,2,9.99,4.0
ORD-006974,2025-06-10,STB-003,2,12.99,5.0
ORD-000429,2025-06-10,STB-002,5,14.99,6.0
ORD-007369,2025-06-11,SEA-008,7,5.99,2.0
ORD-006923,2025-06-11,SEA-009,9,24.99,10.0
ORD-004967,2025-06-11,TRD-006,1,24.99,10.0
ORD-007400,2025-06-11,TRD-001,5,39.99,15.0
ORD-001821,2025-06-11,STB-010,3,4.49,1.5
ORD-009289,2025-06-11,SEA-003,13,29.99,12.0
ORD-000465,2025-06-11,SEA-001,5,19.99,8.0
ORD-004793,2025-06-11,SEA-003,9,29.99,12.0
ORD-009131,2025-06-11,STB-010,1,4.49,1.5
ORD-005234,2025-06-11,SEA-009,8,24.99,10.0
ORD-001111,2025-06-11,TRD-004,4,24.99,10.0
ORD-001198,2025-06-12,TRD-008,9,14.99,3.0
ORD-008896,2025-06-12,STB-002,4,14.99,6.0
ORD-001711,2025-06-12,SEA-002,9,9.99,3.5
ORD-005006,2025-06-12,SEA-003,8,29.99,12.0
ORD-007521,2025-06-12,STB-010,1,4.49,1.5
ORD-009838,2025-06-12,SEA-010,6,14.99,6.0
ORD-007034,2025-06-12,INT-001,1,19.99,8.0
ORD-003225,2025-06-12,STB-007,7,5.99,2.0
ORD-000298,2025-06-12,TRD-001,8,39.99,15.0
ORD-000012,2025-06-12,STB-001,1,9.99,4.0
ORD-005575,2025-06-12,SEA-005,12,59.99,25.0
ORD-000755,2025-06-13,SEA-009,9,24.99,10.0
ORD-008682,2025-06-13,SEA-006,7,14.99,5.0
ORD-007898,2025-06-13,STB-006,4,7.99,3.0
ORD-007658,2025-06-13,TRD-001,4,39.99,15.0
ORD-009099,2025-06-13,INT-001,7,19.99,8.0
ORD-007901,2025-06-13,SEA-009,7,24.99,10.0
ORD-009453,2025-06-13,SEA-009,8,24.99,10.0
ORD-002680,2025-06-14,TRD-005,6,19.99,8.0
ORD-008039,2025-06-14,SEA-010,10,14.99,6.0
ORD-004230,2025-06-14,SEA-008,8,5.99,2.0
ORD-003069,2025-06-14,TRD-001,11,39.99,15.0
ORD-009372,2025-06-14,SEA-005,7,59.99,25.0
ORD-006513,2025-06-14,STB-007,2,5.99,2.0
ORD-005399,2025-06-14,SEA-001,14,19.99,8.0
ORD-002318,2025-06-14,SEA-001,6,19.99,8.0
ORD-001841,2025-06-14,SEA-001,10,19.99,8.0
ORD-008801,2025-06-14,TRD-001,6,39.99,15.0
ORD-009057,2025-06-14,SEA-001,10,19.99,8.0
ORD-000971,2025-06-15,TRD-004,7,24.99,10.0
ORD-006972,2025-06-15,SEA-008,7,5.99,2.0
ORD-004167,2025-06-15,STB-008,6,3.99,1.5
ORD-007919,2025-06-15,SEA-006,14,14.99,5.0
ORD-001884,2025-06-15,TRD-002,10,19.99,5.0
ORD-004416,2025-06-16,SEA-007,10,11.99,4.0
ORD-007866,2025-06-16,TRD-001,8,39.99,15.0
ORD-005885,2025-06-16,STB-010,3,4.49,1.5
ORD-008474,2025-06-16,STB-005,4,6.99,2.5
ORD-009729,2025-06-16,SEA-006,5,14.99,5.0
ORD-001554,2025-06-16,STB-008,3,3.99,1.5
ORD-008926,2025-06-16,STB-002,4,14.99,6.0
ORD-006056,2025-06-17,SEA-001,10,19.99,8.0
ORD-008548,2025-06-17,TRD-007,4,39.99,15.0
ORD-009140,2025-06-17,SEA-002,9,9.99,3.5
ORD-009629,2025-06-17,TRD-003,6,29.99,12.0
ORD-006753,2025-06-17,SEA-008,8,5.99,2.0
ORD-005384,2025-06-17,TRD-005,2,19.99,8.0
ORD-005054,2025-06-17,STB-004,4,7.99,3.0
ORD-004732,2025-06-17,SEA-007,5,11.99,4.0
ORD-000495,2025-06-18,STB-010,5,4.49,1.5
ORD-004425,2025-06-18,SEA-006,11,14.99,5.0
ORD-005153,2025-06-18,SEA-002,6,9.99,3.5
ORD-000890,2025-06-18,STB-005,1,6.99,2.5
ORD-006284,2025-06-18,SEA-009,9,24.99,10.0
ORD-006290,2025-06-18,SEA-010,6,14.99,6.0
ORD-004528,2025-06-18,SEA-007,9,11.99,4.0
ORD-005933,2025-06-19,TRD-007,1,39.99,15.0
ORD-009895,2025-06-19,SEA-009,9,24.99,10.0
ORD-001094,2025-06-19,SEA-010,10,14.99,6.0
ORD-005042,2025-06-19,TRD-005,9,19.99,8.0
ORD-008332,2025-06-19,SEA-010,9,14.99,6.0
ORD-007058,2025-06-19,SEA-005,5,59.99,25.0
ORD-007704,2025-06-19,SEA-004,9,34.99,15.0
ORD-003706,2025-06-19,SEA-009,2,24.99,10.0
ORD-008103,2025-06-19,STB-006,2,7.99,3.0
ORD-001417,2025-06-20,TRD-003,3,29.99,12.0
ORD-003924,2025-06-20,SEA-002,9,9.99,3.5
ORD-007138,2025-06-20,STB-007,5,5.99,2.0
ORD-009302,2025-06-20,SEA-005,11,59.99,25.0
ORD-008996,2025-06-20,SEA-010,6,14.99,6.0
ORD-002426,2025-06-20,SEA-004,10,34.99,15.0
ORD-003076,2025-06-20,STB-004,4,7.99,3.0
ORD-006901,2025-06-20,SEA-007,10,11.99,4.0
ORD-000469,2025-06-20,SEA-001,9,19.99,8.0
ORD-004433,2025-06-21,STB-006,6,7.99,3.0
ORD-004813,2025-06-21,STB-008,1,3.99,1.5
ORD-002057,2025-06-21,STB-004,3,7.99,3.0
ORD-005898,2025-06-21,STB-010,6,4.49,1.5
ORD-006471,2025-06-21,TRD-003,12,29.99,12.0
ORD-002481,2025-06-21,SEA-003,8,29.99,12.0
ORD-008741,2025-06-21,SEA-003,10,29.99,12.0
ORD-001606,2025-06-21,STB-009,2,4.99,2.5
ORD-006553,2025-06-21,TRD-008,3,14.99,3.0
ORD-009472,2025-06-21,STB-001,2,9.99,4.0
ORD-008301,2025-06-22,TRD-003,4,29.99,12.0
ORD-000345,2025-06-22,SEA-009,6,24.99,10.0
ORD-006517,2025-06-22,TRD-001,6,39.99,15.0
ORD-005125,2025-06-22,STB-005,6,6.99,2.5
ORD-003062,2025-06-22,STB-010,2,4.49,1.5
ORD-005436,2025-06-22,SEA-008,9,5.99,2.0
ORD-008155,2025-06-22,SEA-001,5,19.99,8.0
ORD-008928,2025-06-22,SEA-009,8,24.99,10.0
ORD-002121,2025-06-22,SEA-010,9,14.99,6.0
ORD-001042,2025-06-22,TRD-006,3,24.99,10.0
ORD-001395,2025-06-23,TRD-003,8,29.99,12.0
ORD-007079,2025-06-23,SEA-005,9,59.99,25.0
ORD-002000,2025-06-23,TRD-004,7,24.99,10.0
ORD-009502,2025-06-23,STB-004,1,7.99,3.0
ORD-009911,2025-06-23,STB-008,2,3.99,1.5
ORD-001660,2025-06-23,TRD-005,5,19.99,8.0
ORD-009676,2025-06-23,STB-007,3,5.99,2.0
ORD-004808,2025-06-23,TRD-004,3,24.99,10.0
ORD-009303,2025-06-24,TRD-004,4,24.99,10.0
ORD-009346,2025-06-24,SEA-003,5,29.99,12.0
ORD-008095,2025-06-24,TRD-007,6,39.99,15.0
ORD-008394,2025-06-24,SEA-005,10,59.99,25.0
ORD-007810,2025-06-24,TRD-002,9,19.99,5.0
ORD-008243,2025-06-24,TRD-007,10,39.99,15.0
ORD-002151,2025-06-24,SEA-007,9,11.99,4.0
ORD-002823,2025-06-24,SEA-002,9,9.99,3.5
ORD-001873,2025-06-24,STB-009,2,4.99,2.5
ORD-009819,2025-06-24,STB-010,6,4.49,1.5
ORD-001771,2025-06-25,STB-009,2,4.99,2.5
ORD-004361,2025-06-25,STB-009,4,4.99,2.5
ORD-007582,2025-06-25,SEA-005,5,59.99,25.0
ORD-004004,2025-06-25,STB-003,5,12.99,5.0
ORD-004765,2025-06-25,TRD-004,7,24.99,10.0
ORD-001460,2025-06-25,STB-006,1,7.99,3.0
ORD-008579,2025-06-25,INT-008,2,299.99,100.0
ORD-007495,2025-06-25,INT-008,1,299.99,100.0
ORD-005394,2025-06-25,STB-010,3,4.49,1.5
ORD-007077,2025-06-25,STB-001,5,9.99,4.0
ORD-002443,2025-06-26,TRD-007,4,39.99,15.0
ORD-007637,2025-06-26,SEA-007,8,11.99,4.0
ORD-003886,2025-06-26,TRD-002,5,19.99,5.0
ORD-003301,2025-06-26,STB-007,4,5.99,2.0
ORD-007260,2025-06-26,TRD-001,5,39.99,15.0
ORD-005061,2025-06-26,STB-008,3,3.99,1.5
ORD-003764,2025-06-26,SEA-002,8,9.99,3.5
ORD-003665,2025-06-26,TRD-002,4,19.99,5.0
ORD-001337,2025-06-27,SEA-006,8,14.99,5.0
ORD-006165,2025-06-27,TRD-003,9,29.99,12.0
ORD-003065,2025-06-27,TRD-004,8,24.99,10.0
ORD-006193,2025-06-27,STB-007,1,5.99,2.0
ORD-004492,2025-06-27,TRD-005,5,19.99,8.0
ORD-009839,2025-06-27,SEA-001,4,19.99,8.0
ORD-003172,2025-06-27,TRD-002,5,19.99,5.0
ORD-002288,2025-06-27,TRD-004,15,24.99,10.0
ORD-003342,2025-06-27,SEA-001,14,19.99,8.0
ORD-003810,2025-06-28,STB-006,4,7.99,3.0
ORD-004309,2025-06-28,STB-004,3,7.99,3.0
ORD-007723,2025-06-28,INT-004,4,149.99,60.0
ORD-003657,2025-06-28,SEA-006,7,14.99,5.0
ORD-003935,2025-06-28,STB-010,6,4.49,1.5
ORD-009934,2025-06-28,STB-004,3,7.99,3.0
ORD-009652,2025-06-28,STB-003,2,12.99,5.0
ORD-009473,2025-06-28,TRD-002,5,19.99,5.0
ORD-002020,2025-06-29,SEA-003,9,29.99,12.0
ORD-007885,2025-06-29,TRD-006,3,24.99,10.0
ORD-005288,2025-06-29,SEA-005,7,59.99,25.0
ORD-009557,2025-06-29,TRD-001,4,39.99,15.0
ORD-000365,2025-06-29,TRD-003,6,29.99,12.0
ORD-006004,2025-06-29,TRD-007,1,39.99,15.0
ORD-001488,2025-06-29,STB-003,2,12.99,5.0
ORD-001090,2025-06-30,SEA-007,12,11.99,4.0
ORD-004888,2025-06-30,STB-005,3,6.99,2.5
ORD-000862,2025-06-30,STB-005,2,6.99,2.5
ORD-002021,2025-06-30,TRD-008,7,14.99,3.0
ORD-002223,2025-07-01,TRD-006,8,24.99,10.0
ORD-008747,2025-07-01,INT-005,4,119.99,45.0
ORD-003018,2025-07-01,STB-004,1,7.99,3.0
ORD-001296,2025-07-01,SEA-003,5,29.99,12.0
ORD-000351,2025-07-01,SEA-003,10,29.99,12.0
ORD-007938,2025-07-01,INT-008,1,299.99,100.0
ORD-005555,2025-07-01,STB-007,5,5.99,2.0
ORD-000695,2025-07-01,TRD-001,2,39.99,15.0
ORD-001421,2025-07-01,SEA-004,7,34.99,15.0
ORD-002215,2025-07-01,STB-004,4,7.99,3.0
ORD-003933,2025-07-02,SEA-001,8,19.99,8.0
ORD-006971,2025-07-02,STB-002,4,14.99,6.0
ORD-004075,2025-07-02,STB-004,1,7.99,3.0
ORD-006859,2025-07-02,TRD-004,3,24.99,10.0
ORD-007491,2025-07-03,STB-003,1,12.99,5.0
ORD-003834,2025-07-03,TRD-004,7,24.99,10.0
ORD-004487,2025-07-03,STB-006,2,7.99,3.0
ORD-001870,2025-07-03,TRD-008,2,14.99,3.0
ORD-008962,2025-07-03,STB-010,1,4.49,1.5
ORD-006543,2025-07-03,STB-004,1,7.99,3.0
ORD-006698,2025-07-03,SEA-008,6,5.99,2.0
ORD-009591,2025-07-03,SEA-005,9,59.99,25.0
ORD-008988,2025-07-03,TRD-002,8,19.99,5.0
ORD-001054,2025-07-03,TRD-003,4,29.99,12.0
ORD-001547,2025-07-03,SEA-004,2,34.99,15.0
ORD-009169,2025-07-03,TRD-006,6,24.99,10.0
ORD-006153,2025-07-04,TRD-002,7,19.99,5.0
ORD-003393,2025-07-04,SEA-008,11,5.99,2.0
ORD-008396,2025-07-04,SEA-010,8,14.99,6.0
ORD-009381,2025-07-05,SEA-001,6,19.99,8.0
ORD-007424,2025-07-05,STB-001,3,9.99,4.0
ORD-003867,2025-07-05,STB-003,4,12.99,5.0
ORD-003861,2025-07-05,STB-010,4,4.49,1.5
ORD-009387,2025-07-05,STB-007,3,5.99,2.0
ORD-001217,2025-07-05,STB-010,5,4.49,1.5
ORD-004790,2025-07-05,STB-001,4,9.99,4.0
ORD-001129,2025-07-05,SEA-007,10,11.99,4.0
ORD-001590,2025-07-05,STB-009,5,4.99,2.5
ORD-006180,2025-07-06,TRD-003,7,29.99,12.0
ORD-003032,2025-07-06,SEA-010,11,14.99,6.0
ORD-005571,2025-07-06,SEA-001,7,19.99,8.0
ORD-007917,2025-07-06,STB-008,3,3.99,1.5
ORD-004169,2025-07-06,SEA-006,8,14.99,5.0
ORD-008076,2025-07-06,SEA-001,13,19.99,8.0
ORD-003075,2025-07-06,SEA-003,12,29.99,12.0
ORD-005706,2025-07-07,STB-002,1,14.99,6.0
ORD-007525,2025-07-07,STB-008,1,3.99,1.5
ORD-001706,2025-07-07,STB-003,2,12.99,5.0
ORD-002786,2025-07-07,TRD-002,6,19.99,5.0
ORD-008100,2025-07-07,SEA-007,5,11.99,4.0
ORD-009841,2025-07-07,INT-004,2,149.99,60.0
ORD-005082,2025-07-07,STB-002,5,14.99,6.0
ORD-002585,2025-07-07,SEA-005,7,59.99,25.0
ORD-002405,2025-07-07,TRD-001,3,39.99,15.0
ORD-002623,2025-07-08,SEA-001,4,19.99,8.0
ORD-007559,2025-07-08,TRD-002,7,19.99,5.0
ORD-004524,2025-07-08,TRD-005,5,19.99,8.0
ORD-005116,2025-07-08,SEA-008,6,5.99,2.0
ORD-008362,2025-07-08,STB-003,4,12.99,5.0
ORD-000116,2025-07-08,TRD-007,4,39.99,15.0
ORD-007889,2025-07-08,SEA-010,10,14.99,6.0
ORD-006607,2025-07-08,STB-003,2,12.99,5.0
ORD-004689,2025-07-09,TRD-001,6,39.99,15.0
ORD-000997,2025-07-09,TRD-002,3,19.99,5.0
ORD-002186,2025-07-09,TRD-005,8,19.99,8.0
ORD-006382,2025-07-09,STB-005,6,6.99,2.5
ORD-006441,2025-07-09,STB-001,1,9.99,4.0
ORD-003404,2025-07-09,TRD-002,5,19.99,5.0
ORD-001415,2025-07-09,TRD-001,8,39.99,15.0
ORD-002051,2025-07-09,STB-005,3,6.99,2.5
ORD-009005,2025-07-09,TRD-005,8,19.99,8.0
ORD-002556,2025-07-09,TRD-005,7,19.99,8.0
ORD-003040,2025-07-09,SEA-002,9,9.99,3.5
ORD-009957,2025-07-10,SEA-008,4,5.99,2.0
ORD-006053,2025-07-10,SEA-004,14,34.99,15.0
ORD-009213,2025-07-10,SEA-002,12,9.99,3.5
ORD-004360,2025-07-10,TRD-003,1,29.99,12.0
ORD-006765,2025-07-10,STB-009,1,4.99,2.5
ORD-002358,2025-07-10,STB-009,2,4.99,2.5
ORD-005138,2025-07-10,INT-001,2,19.99,8.0
ORD-005369,2025-07-10,SEA-005,7,59.99,25.0
ORD-006730,2025-07-10,INT-003,3,59.99,25.0
ORD-002082,2025-07-10,SEA-002,11,9.99,3.5
ORD-008878,2025-07-10,TRD-001,6,39.99,15.0
ORD-009925,2025-07-11,STB-005,4,6.99,2.5
ORD-002831,2025-07-11,STB-002,5,14.99,6.0
ORD-005746,2025-07-11,STB-004,3,7.99,3.0
ORD-004068,2025-07-11,SEA-007,3,11.99,4.0
ORD-006952,2025-07-11,INT-003,3,59.99,25.0
ORD-005729,2025-07-11,STB-007,3,5.99,2.0
ORD-000745,2025-07-11,SEA-006,8,14.99,5.0
ORD-000259,2025-07-11,TRD-003,7,29.99,12.0
ORD-001336,2025-07-12,TRD-008,2,14.99,3.0
ORD-009031,2025-07-12,TRD-004,8,24.99,10.0
ORD-000868,2025-07-12,SEA-001,8,19.99,8.0
ORD-008458,2025-07-12,STB-008,6,3.99,1.5
ORD-008054,2025-07-12,STB-002,2,14.99,6.0
ORD-005666,2025-07-12,SEA-001,12,19.99,8.0
ORD-002716,2025-07-12,INT-005,2,119.99,45.0
ORD-006416,2025-07-12,SEA-002,8,9.99,3.5
ORD-000738,2025-07-12,STB-008,1,3.99,1.5
ORD-004684,2025-07-12,TRD-007,2,39.99,15.0
ORD-001726,2025-07-12,TRD-003,6,29.99,12.0
ORD-004116,2025-07-13,TRD-004,1,24.99,10.0
ORD-007339,2025-07-13,TRD-003,3,29.99,12.0
ORD-005300,2025-07-13,SEA-001,9,19.99,8.0
ORD-006502,2025-07-13,TRD-007,3,39.99,15.0
ORD-009233,2025-07-13,STB-002,4,14.99,6.0
ORD-003273,2025-07-13,TRD-002,4,19.99,5.0
ORD-001151,2025-07-13,TRD-007,8,39.99,15.0
ORD-004374,2025-07-13,SEA-010,11,14.99,6.0
ORD-000810,2025-07-14,STB-005,2,6.99,2.5
ORD-006890,2025-07-14,TRD-002,5,19.99,5.0
ORD-000991,2025-07-14,TRD-007,10,39.99,15.0
ORD-004090,2025-07-14,STB-002,1,14.99,6.0
ORD-005262,2025-07-14,TRD-002,3,19.99,5.0
ORD-007621,2025-07-14,STB-005,4,6.99,2.5
ORD-009722,2025-07-14,TRD-003,4,29.99,12.0
ORD-004642,2025-07-14,STB-007,7,5.99,2.0
ORD-005736,2025-07-14,STB-003,2,12.99,5.0
ORD-007946,2025-07-14,STB-005,2,6.99,2.5
ORD-004238,2025-07-14,SEA-007,13,11.99,4.0
ORD-003871,2025-07-15,STB-001,3,9.99,4.0
ORD-003470,2025-07-15,SEA-005,8,59.99,25.0
ORD-006999,2025-07-15,STB-008,2,3.99,1.5
ORD-009523,2025-07-15,SEA-003,7,29.99,12.0
ORD-005309,2025-07-15,INT-003,3,59.99,25.0
ORD-002922,2025-07-15,SEA-003,13,29.99,12.0
ORD-008134,2025-07-15,SEA-009,3,24.99,10.0
ORD-002857,2025-07-15,TRD-005,3,19.99,8.0
ORD-001974,2025-07-15,STB-006,2,7.99,3.0
ORD-002551,2025-07-15,SEA-010,12,14.99,6.0
ORD-008257,2025-07-15,SEA-009,7,24.99,10.0
ORD-004525,2025-07-15,STB-004,1,7.99,3.0
ORD-008763,2025-07-15,SEA-007,12,11.99,4.0
ORD-005011,2025-07-15,SEA-010,7,14.99,6.0
ORD-005354,2025-07-15,TRD-008,7,14.99,3.0
ORD-003494,2025-07-15,STB-004,4,7.99,3.0
ORD-002014,2025-07-15,INT-006,1,199.99,80.0
ORD-005455,2025-07-16,STB-007,3,5.99,2.0
ORD-003134,2025-07-16,STB-003,3,12.99,5.0
ORD-007237,2025-07-16,TRD-004,9,24.99,10.0
ORD-009125,2025-07-16,STB-008,1,3.99,1.5
ORD-003917,2025-07-16,SEA-007,7,11.99,4.0
ORD-004110,2025-07-16,STB-005,4,6.99,2.5
ORD-001201,2025-07-16,STB-006,5,7.99,3.0
ORD-009517,2025-07-16,TRD-008,6,14.99,3.0
ORD-001596,2025-07-16,TRD-004,4,24.99,10.0
ORD-009193,2025-07-16,SEA-001,6,19.99,8.0
ORD-004693,2025-07-16,STB-007,1,5.99,2.0
ORD-008506,2025-07-17,STB-009,3,4.99,2.5
ORD-001480,2025-07-17,TRD-007,2,39.99,15.0
ORD-007121,2025-07-17,SEA-001,14,19.99,8.0
ORD-009800,2025-07-17,STB-004,1,7.99,3.0
ORD-002790,2025-07-17,STB-004,3,7.99,3.0
ORD-002131,2025-07-17,STB-007,3,5.99,2.0
ORD-004223,2025-07-17,STB-008,2,3.99,1.5
ORD-006173,2025-07-18,SEA-005,9,59.99,25.0
ORD-001951,2025-07-18,STB-006,3,7.99,3.0
ORD-009945,2025-07-18,STB-001,4,9.99,4.0
ORD-007306,2025-07-18,SEA-010,14,14.99,6.0
ORD-002601,2025-07-18,TRD-005,7,19.99,8.0
ORD-008133,2025-07-18,TRD-002,9,19.99,5.0
ORD-000754,2025-07-18,SEA-009,12,24.99,10.0
ORD-003555,2025-07-18,TRD-003,4,29.99,12.0
ORD-003455,2025-07-18,TRD-006,8,24.99,10.0
ORD-006679,2025-07-18,SEA-007,5,11.99,4.0
ORD-000840,2025-07-18,STB-003,3,12.99,5.0
ORD-000759,2025-07-18,STB-001,1,9.99,4.0
ORD-006837,2025-07-19,SEA-009,10,24.99,10.0
ORD-008471,2025-07-19,SEA-010,13,14.99,6.0
ORD-008356,2025-07-19,SEA-006,11,14.99,5.0
ORD-007179,2025-07-19,STB-002,4,14.99,6.0
ORD-002835,2025-07-19,TRD-002,2,19.99,5.0
ORD-007771,2025-07-19,SEA-008,12,5.99,2.0
ORD-003211,2025-07-19,SEA-009,7,24.99,10.0
ORD-007399,2025-07-20,INT-005,5,119.99,45.0
ORD-003173,2025-07-20,INT-008,2,299.99,100.0
ORD-000150,2025-07-20,TRD-004,10,24.99,10.0
ORD-002517,2025-07-20,STB-009,4,4.99,2.5
ORD-008603,2025-07-20,SEA-006,7,14.99,5.0
ORD-007305,2025-07-20,SEA-001,15,19.99,8.0
ORD-001882,2025-07-20,TRD-005,8,19.99,8.0
ORD-007934,2025-07-20,SEA-001,6,19.99,8.0
ORD-001191,2025-07-20,SEA-007,8,11.99,4.0
ORD-005005,2025-07-20,TRD-007,2,39.99,15.0
ORD-006199,2025-07-20,STB-001,1,9.99,4.0
ORD-001806,2025-07-20,STB-010,2,4.49,1.5
ORD-001813,2025-07-20,TRD-005,11,19.99,8.0
ORD-008319,2025-07-21,TRD-005,5,19.99,8.0
ORD-008328,2025-07-21,SEA-009,9,24.99,10.0
ORD-006273,2025-07-21,STB-005,5,6.99,2.5
ORD-008897,2025-07-21,STB-003,3,12.99,5.0
ORD-003057,2025-07-21,SEA-010,10,14.99,6.0
ORD-001109,2025-07-21,STB-007,3,5.99,2.0
ORD-002937,2025-07-21,STB-001,2,9.99,4.0
ORD-003704,2025-07-22,STB-009,1,4.99,2.5
ORD-008299,2025-07-22,TRD-001,5,39.99,15.0
ORD-005253,2025-07-22,STB-010,4,4.49,1.5
ORD-008693,2025-07-22,STB-006,5,7.99,3.0
ORD-004131,2025-07-22,TRD-003,9,29.99,12.0
ORD-003407,2025-07-22,SEA-003,8,29.99,12.0
ORD-007979,2025-07-22,STB-006,1,7.99,3.0
ORD-001801,2025-07-22,TRD-006,7,24.99,10.0
ORD-001846,2025-07-22,SEA-005,7,59.99,25.0
ORD-009327,2025-07-22,INT-005,2,119.99,45.0
ORD-004831,2025-07-23,SEA-008,10,5.99,2.0
ORD-003144,2025-07-23,SEA-006,8,14.99,5.0
ORD-004495,2025-07-23,TRD-001,5,39.99,15.0
ORD-004322,2025-07-23,TRD-002,4,19.99,5.0
ORD-009539,2025-07-23,SEA-007,5,11.99,4.0
ORD-007927,2025-07-23,STB-001,1,9.99,4.0
ORD-006839,2025-07-23,STB-002,2,14.99,6.0
ORD-005568,2025-07-23,STB-008,3,3.99,1.5
ORD-001373,2025-07-24,TRD-002,6,19.99,5.0
ORD-000977,2025-07-24,INT-001,5,19.99,8.0
ORD-005356,2025-07-24,TRD-006,9,24.99,10.0
ORD-005293,2025-07-24,SEA-007,9,11.99,4.0
ORD-000027,2025-07-24,SEA-003,11,29.99,12.0
ORD-004526,2025-07-24,SEA-004,8,34.99,15.0
ORD-007577,2025-07-24,SEA-003,7,29.99,12.0
ORD-004182,2025-07-24,SEA-009,10,24.99,10.0
ORD-005040,2025-07-24,TRD-005,9,19.99,8.0
ORD-008734,2025-07-24,SEA-002,15,9.99,3.5
ORD-003266,2025-07-24,TRD-002,4,19.99,5.0
ORD-006318,2025-07-24,STB-010,4,4.49,1.5
ORD-005108,2025-07-24,STB-002,4,14.99,6.0
ORD-003486,2025-07-24,SEA-005,7,59.99,25.0
ORD-005640,2025-07-24,STB-004,2,7.99,3.0
ORD-002522,2025-07-24,SEA-010,4,14.99,6.0
ORD-001016,2025-07-24,STB-004,6,7.99,3.0
ORD-002483,2025-07-25,STB-003,3,12.99,5.0
ORD-007565,2025-07-25,TRD-003,6,29.99,12.0
ORD-002356,2025-07-25,STB-010,3,4.49,1.5
ORD-008777,2025-07-25,TRD-006,3,24.99,10.0
ORD-001242,2025-07-25,SEA-010,9,14.99,6.0
ORD-008376,2025-07-25,TRD-007,8,39.99,15.0
ORD-000908,2025-07-25,STB-002,3,14.99,6.0
ORD-009311,2025-07-25,STB-010,3,4.49,1.5
ORD-001292,2025-07-25,STB-004,5,7.99,3.0
ORD-001566,2025-07-25,TRD-005,7,19.99,8.0
ORD-003099,2025-07-25,TRD-008,14,14.99,3.0
ORD-000687,2025-07-25,TRD-003,7,29.99,12.0
ORD-001388,2025-07-25,TRD-002,7,19.99,5.0
ORD-005203,2025-07-25,SEA-002,12,9.99,3.5
ORD-003656,2025-07-26,SEA-003,7,29.99,12.0
ORD-004986,2025-07-26,STB-003,3,12.99,5.0
ORD-004140,2025-07-26,TRD-002,7,19.99,5.0
ORD-007532,2025-07-26,TRD-007,5,39.99,15.0
ORD-006700,2025-07-26,STB-009,1,4.99,2.5
ORD-001104,2025-07-26,STB-010,3,4.49,1.5
ORD-008661,2025-07-26,SEA-006,15,14.99,5.0
ORD-003792,2025-07-26,SEA-005,9,59.99,25.0
ORD-000456,2025-07-26,SEA-006,5,14.99,5.0
ORD-002590,2025-07-26,TRD-007,7,39.99,15.0
ORD-002791,2025-07-26,STB-002,1,14.99,6.0
ORD-004577,2025-07-26,TRD-005,5,19.99,8.0
ORD-009185,2025-07-27,TRD-003,5,29.99,12.0
ORD-002876,2025-07-27,STB-008,2,3.99,1.5
ORD-003070,2025-07-27,SEA-006,8,14.99,5.0
ORD-001977,2025-07-27,SEA-007,5,11.99,4.0
ORD-003692,2025-07-27,STB-008,4,3.99,1.5
ORD-006853,2025-07-27,SEA-002,9,9.99,3.5
ORD-004018,2025-07-27,TRD-003,8,29.99,12.0
ORD-002500,2025-07-27,INT-002,2,99.99,40.0
ORD-003254,2025-07-27,STB-008,1,3.99,1.5
ORD-000509,2025-07-28,TRD-006,4,24.99,10.0
ORD-008541,2025-07-28,STB-003,3,12.99,5.0
ORD-007654,2025-07-28,TRD-006,7,24.99,10.0
ORD-000750,2025-07-28,SEA-009,11,24.99,10.0
ORD-004414,2025-07-28,TRD-002,6,19.99,5.0
ORD-008223,2025-07-28,STB-010,2,4.49,1.5
ORD-006895,2025-07-28,STB-007,3,5.99,2.0
ORD-000572,2025-07-28,TRD-007,4,39.99,15.0
ORD-000524,2025-07-28,TRD-007,5,39.99,15.0
ORD-001819,2025-07-28,SEA-002,13,9.99,3.5
ORD-006838,2025-07-28,STB-005,3,6.99,2.5
ORD-006171,2025-07-28,TRD-001,8,39.99,15.0
ORD-009905,2025-07-28,TRD-004,5,24.99,10.0
ORD-004171,2025-07-29,STB-006,1,7.99,3.0
ORD-005834,2025-07-29,SEA-001,9,19.99,8.0
ORD-007718,2025-07-29,STB-001,3,9.99,4.0
ORD-007568,2025-07-29,STB-006,4,7.99,3.0
ORD-002654,2025-07-29,TRD-002,5,19.99,5.0
ORD-002694,2025-07-29,STB-009,2,4.99,2.5
ORD-004458,2025-07-29,SEA-002,5,9.99,3.5
ORD-009457,2025-07-29,SEA-004,10,34.99,15.0
ORD-009310,2025-07-30,STB-008,6,3.99,1.5
ORD-001498,2025-07-30,SEA-006,8,14.99,5.0
ORD-001134,2025-07-30,SEA-001,10,19.99,8.0
ORD-000691,2025-07-30,STB-002,3,14.99,6.0
ORD-004475,2025-07-30,TRD-006,7,24.99,10.0
ORD-007324,2025-07-30,SEA-003,11,29.99,12.0
ORD-004058,2025-07-30,STB-010,4,4.49,1.5
ORD-007384,2025-07-30,TRD-005,8,19.99,8.0
ORD-003050,2025-07-30,SEA-007,10,11.99,4.0
ORD-006002,2025-07-30,STB-007,1,5.99,2.0
ORD-004621,2025-07-30,STB-009,4,4.99,2.5
ORD-003014,2025-07-30,TRD-004,6,24.99,10.0
ORD-004294,2025-07-31,SEA-007,6,11.99,4.0
ORD-008457,2025-07-31,STB-001,4,9.99,4.0
ORD-003223,2025-07-31,STB-006,1,7.99,3.0
ORD-008991,2025-07-31,SEA-003,3,29.99,12.0
ORD-002751,2025-07-31,STB-004,5,7.99,3.0
ORD-007381,2025-07-31,INT-003,5,59.99,25.0
ORD-003120,2025-07-31,SEA-009,14,24.99,10.0
ORD-005642,2025-07-31,TRD-001,6,39.99,15.0
ORD-001684,2025-07-31,TRD-007,3,39.99,15.0
ORD-001854,2025-08-01,TRD-006,6,24.99,10.0
ORD-006223,2025-08-01,SEA-002,6,9.99,3.5
ORD-005480,2025-08-01,STB-001,1,9.99,4.0
ORD-000865,2025-08-01,STB-008,1,3.99,1.5
ORD-001916,2025-08-01,STB-005,4,6.99,2.5
ORD-008107,2025-08-01,SEA-003,8,29.99,12.0
ORD-007908,2025-08-01,SEA-009,9,24.99,10.0
ORD-004470,2025-08-01,STB-008,4,3.99,1.5
ORD-009374,2025-08-01,STB-002,3,14.99,6.0
ORD-007331,2025-08-01,STB-008,5,3.99,1.5
ORD-007497,2025-08-01,SEA-008,8,5.99,2.0
ORD-000038,2025-08-01,TRD-002,6,19.99,5.0
ORD-003375,2025-08-01,SEA-001,7,19.99,8.0
ORD-003159,2025-08-01,SEA-009,5,24.99,10.0
ORD-006048,2025-08-02,INT-007,5,179.99,70.0
ORD-004602,2025-08-02,SEA-003,12,29.99,12.0
ORD-004508,2025-08-02,TRD-008,5,14.99,3.0
ORD-001139,2025-08-02,SEA-009,8,24.99,10.0
ORD-004264,2025-08-02,STB-007,7,5.99,2.0
ORD-008114,2025-08-02,SEA-002,5,9.99,3.5
ORD-007342,2025-08-02,TRD-008,6,14.99,3.0
ORD-000854,2025-08-02,SEA-009,7,24.99,10.0
ORD-000785,2025-08-02,STB-002,1,14.99,6.0
ORD-000843,2025-08-03,TRD-007,8,39.99,15.0
ORD-000117,2025-08-03,SEA-005,16,59.99,25.0
ORD-009474,2025-08-03,STB-006,1,7.99,3.0
ORD-001124,2025-08-03,STB-004,7,7.99,3.0
ORD-005825,2025-08-03,STB-001,3,9.99,4.0
ORD-003186,2025-08-03,SEA-007,4,11.99,4.0
ORD-007899,2025-08-03,STB-003,5,12.99,5.0
ORD-002141,2025-08-03,STB-005,4,6.99,2.5
ORD-007622,2025-08-04,STB-009,3,4.99,2.5
ORD-006127,2025-08-04,STB-008,6,3.99,1.5
ORD-001183,2025-08-04,INT-003,1,59.99,25.0
ORD-006725,2025-08-05,SEA-010,3,14.99,6.0
ORD-001572,2025-08-05,TRD-005,4,19.99,8.0
ORD-007701,2025-08-05,SEA-005,4,59.99,25.0
ORD-002055,2025-08-05,INT-005,2,119.99,45.0
ORD-005098,2025-08-05,STB-004,1,7.99,3.0
ORD-007167,2025-08-05,TRD-006,7,24.99,10.0
ORD-006443,2025-08-05,TRD-001,5,39.99,15.0
ORD-009015,2025-08-05,STB-001,5,9.99,4.0
ORD-007109,2025-08-05,TRD-001,4,39.99,15.0
ORD-007115,2025-08-05,INT-007,2,179.99,70.0
ORD-008830,2025-08-05,TRD-006,7,24.99,10.0
ORD-008659,2025-08-05,TRD-003,8,29.99,12.0
ORD-005482,2025-08-05,STB-010,2,4.49,1.5
ORD-001066,2025-08-06,SEA-004,8,34.99,15.0
ORD-008491,2025-08-06,TRD-008,3,14.99,3.0
ORD-008452,2025-08-06,TRD-002,8,19.99,5.0
ORD-000520,2025-08-06,SEA-003,6,29.99,12.0
ORD-003418,2025-08-06,TRD-007,2,39.99,15.0
ORD-000235,2025-08-06,SEA-002,4,9.99,3.5
ORD-008194,2025-08-07,TRD-003,3,29.99,12.0
ORD-004424,2025-08-07,SEA-002,9,9.99,3.5
ORD-000583,2025-08-07,INT-004,4,149.99,60.0
ORD-003149,2025-08-07,STB-003,1,12.99,5.0
ORD-006803,2025-08-08,SEA-001,13,19.99,8.0
ORD-004216,2025-08-08,STB-001,6,9.99,4.0
ORD-006083,2025-08-08,SEA-006,10,14.99,5.0
ORD-003154,2025-08-08,SEA-001,10,19.99,8.0
ORD-007233,2025-08-08,SEA-007,6,11.99,4.0
ORD-005883,2025-08-08,TRD-006,7,24.99,10.0
ORD-004600,2025-08-08,STB-008,5,3.99,1.5
ORD-002246,2025-08-08,TRD-007,4,39.99,15.0
ORD-000884,2025-08-08,STB-007,3,5.99,2.0
ORD-007585,2025-08-08,SEA-002,8,9.99,3.5
ORD-008894,2025-08-08,SEA-002,6,9.99,3.5
ORD-001727,2025-08-08,SEA-001,6,19.99,8.0
ORD-008017,2025-08-09,STB-006,4,7.99,3.0
ORD-006656,2025-08-09,SEA-009,11,24.99,10.0
ORD-008985,2025-08-09,STB-006,3,7.99,3.0
ORD-005211,2025-08-09,TRD-002,7,19.99,5.0
ORD-003687,2025-08-09,SEA-003,6,29.99,12.0
ORD-001985,2025-08-09,SEA-005,6,59.99,25.0
ORD-004688,2025-08-09,TRD-005,4,19.99,8.0
ORD-008222,2025-08-09,SEA-001,8,19.99,8.0
ORD-008839,2025-08-09,TRD-006,6,24.99,10.0
ORD-008008,2025-08-09,TRD-004,3,24.99,10.0
ORD-000267,2025-08-09,STB-008,3,3.99,1.5
ORD-002939,2025-08-09,STB-010,2,4.49,1.5
ORD-009204,2025-08-09,SEA-001,6,19.99,8.0
ORD-003287,2025-08-09,SEA-005,5,59.99,25.0
ORD-009238,2025-08-09,SEA-008,7,5.99,2.0
ORD-003619,2025-08-09,SEA-003,6,29.99,12.0
ORD-006026,2025-08-09,TRD-007,10,39.99,15.0
ORD-009870,2025-08-10,SEA-005,5,59.99,25.0
ORD-007218,2025-08-10,STB-007,5,5.99,2.0
ORD-001304,2025-08-10,TRD-003,9,29.99,12.0
ORD-008317,2025-08-10,TRD-002,8,19.99,5.0
ORD-009226,2025-08-10,TRD-005,3,19.99,8.0
ORD-001714,2025-08-10,SEA-007,6,11.99,4.0
ORD-000433,2025-08-10,SEA-007,12,11.99,4.0
ORD-005894,2025-08-11,SEA-005,7,59.99,25.0
ORD-006145,2025-08-11,STB-005,3,6.99,2.5
ORD-009164,2025-08-11,TRD-002,8,19.99,5.0
ORD-003870,2025-08-11,STB-001,4,9.99,4.0
ORD-007234,2025-08-11,SEA-005,2,59.99,25.0
ORD-006379,2025-08-11,SEA-008,10,5.99,2.0
ORD-002819,2025-08-11,STB-001,2,9.99,4.0
ORD-009645,2025-08-11,TRD-004,8,24.99,10.0
ORD-002206,2025-08-12,INT-006,2,199.99,80.0
ORD-005762,2025-08-12,TRD-006,3,24.99,10.0
ORD-000371,2025-08-12,TRD-002,8,19.99,5.0
ORD-006142,2025-08-12,SEA-001,9,19.99,8.0
ORD-000373,2025-08-12,SEA-006,12,14.99,5.0
ORD-007707,2025-08-12,SEA-002,12,9.99,3.5
ORD-009996,2025-08-12,SEA-005,6,59.99,25.0
ORD-003621,2025-08-12,SEA-006,4,14.99,5.0
ORD-006603,2025-08-12,STB-009,2,4.99,2.5
ORD-003113,2025-08-12,SEA-002,9,9.99,3.5
ORD-009359,2025-08-12,STB-010,3,4.49,1.5
ORD-007000,2025-08-12,SEA-005,7,59.99,25.0
ORD-005923,2025-08-13,STB-005,5,6.99,2.5
ORD-004686,2025-08-13,SEA-010,5,14.99,6.0
ORD-000277,2025-08-13,INT-006,4,199.99,80.0
ORD-000261,2025-08-13,SEA-003,9,29.99,12.0
ORD-006678,2025-08-13,SEA-008,7,5.99,2.0
ORD-008252,2025-08-13,SEA-004,12,34.99,15.0
ORD-004814,2025-08-13,SEA-001,3,19.99,8.0
ORD-004635,2025-08-13,STB-004,1,7.99,3.0
ORD-001311,2025-08-13,INT-006,4,199.99,80.0
ORD-007809,2025-08-13,STB-006,5,7.99,3.0
ORD-005271,2025-08-13,TRD-003,8,29.99,12.0
ORD-006204,2025-08-14,SEA-009,10,24.99,10.0
ORD-002514,2025-08-14,STB-002,2,14.99,6.0
ORD-008348,2025-08-14,STB-001,1,9.99,4.0
ORD-001531,2025-08-14,STB-005,3,6.99,2.5
ORD-008198,2025-08-14,TRD-006,12,24.99,10.0
ORD-003837,2025-08-14,STB-002,1,14.99,6.0
ORD-000733,2025-08-14,SEA-004,6,34.99,15.0
ORD-003965,2025-08-14,TRD-007,4,39.99,15.0
ORD-009431,2025-08-14,STB-008,1,3.99,1.5
ORD-001063,2025-08-14,SEA-008,10,5.99,2.0
ORD-005235,2025-08-14,TRD-006,4,24.99,10.0
ORD-003169,2025-08-14,TRD-001,10,39.99,15.0
ORD-003365,2025-08-14,STB-001,1,9.99,4.0
ORD-009661,2025-08-14,SEA-006,11,14.99,5.0
ORD-002338,2025-08-14,STB-003,1,12.99,5.0
ORD-009420,2025-08-15,INT-003,4,59.99,25.0
ORD-005588,2025-08-15,STB-008,1,3.99,1.5
ORD-004237,2025-08-15,TRD-004,5,24.99,10.0
ORD-004754,2025-08-15,TRD-003,4,29.99,12.0
ORD-001836,2025-08-15,SEA-005,6,59.99,25.0
ORD-008185,2025-08-15,STB-001,3,9.99,4.0
ORD-002606,2025-08-15,SEA-008,9,5.99,2.0
ORD-000414,2025-08-16,STB-003,2,12.99,5.0
ORD-009864,2025-08-16,SEA-001,5,19.99,8.0
ORD-000476,2025-08-16,TRD-005,3,19.99,8.0
ORD-009761,2025-08-16,TRD-003,5,29.99,12.0
ORD-009419,2025-08-16,STB-008,1,3.99,1.5
ORD-009362,2025-08-16,STB-001,3,9.99,4.0
ORD-006776,2025-08-16,SEA-004,7,34.99,15.0
ORD-008073,2025-08-16,SEA-001,10,19.99,8.0
ORD-008207,2025-08-16,STB-001,2,9.99,4.0
ORD-002755,2025-08-17,STB-005,3,6.99,2.5
ORD-000542,2025-08-17,TRD-007,10,39.99,15.0
ORD-004436,2025-08-17,SEA-009,4,24.99,10.0
ORD-004442,2025-08-17,TRD-002,2,19.99,5.0
ORD-000903,2025-08-17,STB-006,6,7.99,3.0
ORD-003443,2025-08-17,TRD-002,7,19.99,5.0
ORD-002659,2025-08-17,STB-005,3,6.99,2.5
ORD-004455,2025-08-17,TRD-006,4,24.99,10.0
ORD-004344,2025-08-17,SEA-004,3,34.99,15.0
ORD-004960,2025-08-17,SEA-006,8,14.99,5.0
ORD-000564,2025-08-17,STB-003,4,12.99,5.0
ORD-007870,2025-08-18,SEA-008,11,5.99,2.0
ORD-002689,2025-08-18,SEA-004,6,34.99,15.0
ORD-007837,2025-08-18,TRD-007,4,39.99,15.0
ORD-009344,2025-08-18,SEA-001,9,19.99,8.0
ORD-001511,2025-08-18,TRD-003,4,29.99,12.0
ORD-005646,2025-08-18,SEA-009,8,24.99,10.0
ORD-004202,2025-08-18,STB-008,2,3.99,1.5
ORD-001144,2025-08-18,STB-010,1,4.49,1.5
ORD-003805,2025-08-18,SEA-008,7,5.99,2.0
ORD-006991,2025-08-18,TRD-003,9,29.99,12.0
ORD-007334,2025-08-19,STB-008,6,3.99,1.5
ORD-006248,2025-08-19,STB-005,3,6.99,2.5
ORD-000603,2025-08-19,TRD-006,9,24.99,10.0
ORD-003642,2025-08-19,SEA-006,6,14.99,5.0
ORD-004798,2025-08-19,SEA-010,8,14.99,6.0
ORD-007031,2025-08-19,SEA-001,7,19.99,8.0
ORD-007210,2025-08-19,TRD-005,7,19.99,8.0
ORD-005667,2025-08-19,STB-008,3,3.99,1.5
ORD-007675,2025-08-19,SEA-010,5,14.99,6.0
ORD-006435,2025-08-19,INT-002,3,99.99,40.0
ORD-007884,2025-08-19,TRD-002,4,19.99,5.0
ORD-004154,2025-08-20,SEA-001,10,19.99,8.0
ORD-006389,2025-08-20,STB-008,1,3.99,1.5
ORD-004694,2025-08-20,TRD-004,3,24.99,10.0
ORD-000488,2025-08-20,STB-010,4,4.49,1.5
ORD-002452,2025-08-20,SEA-002,9,9.99,3.5
ORD-008411,2025-08-20,SEA-005,4,59.99,25.0
ORD-000742,2025-08-20,STB-002,1,14.99,6.0
ORD-004050,2025-08-20,SEA-003,3,29.99,12.0
ORD-004913,2025-08-20,SEA-004,7,34.99,15.0
ORD-004676,2025-08-20,INT-007,5,179.99,70.0
ORD-002511,2025-08-20,STB-005,3,6.99,2.5
ORD-002220,2025-08-20,INT-002,1,99.99,40.0
ORD-008027,2025-08-20,SEA-008,6,5.99,2.0
ORD-005090,2025-08-20,TRD-002,7,19.99,5.0
ORD-006239,2025-08-21,STB-004,6,7.99,3.0
ORD-003758,2025-08-21,TRD-004,5,24.99,10.0
ORD-003203,2025-08-21,TRD-005,11,19.99,8.0
ORD-000761,2025-08-21,STB-005,2,6.99,2.5
ORD-009491,2025-08-21,TRD-008,1,14.99,3.0
ORD-001742,2025-08-21,SEA-009,5,24.99,10.0
ORD-005433,2025-08-21,STB-007,5,5.99,2.0
ORD-004391,2025-08-21,TRD-007,11,39.99,15.0
ORD-002732,2025-08-21,STB-004,1,7.99,3.0
ORD-005231,2025-08-21,TRD-005,3,19.99,8.0
ORD-004570,2025-08-21,TRD-002,5,19.99,5.0
ORD-003458,2025-08-21,SEA-008,11,5.99,2.0
ORD-009561,2025-08-21,SEA-004,4,34.99,15.0
ORD-009694,2025-08-21,STB-010,3,4.49,1.5
ORD-002892,2025-08-21,TRD-005,6,19.99,8.0
ORD-000437,2025-08-21,TRD-004,4,24.99,10.0
ORD-001604,2025-08-22,SEA-002,7,9.99,3.5
ORD-000823,2025-08-22,SEA-002,6,9.99,3.5
ORD-005572,2025-08-22,TRD-004,5,24.99,10.0
ORD-000212,2025-08-22,STB-007,2,5.99,2.0
ORD-004568,2025-08-22,INT-006,1,199.99,80.0
ORD-005336,2025-08-22,TRD-005,9,19.99,8.0
ORD-004710,2025-08-22,TRD-001,9,39.99,15.0
ORD-004136,2025-08-22,SEA-004,9,34.99,15.0
ORD-006566,2025-08-22,SEA-004,11,34.99,15.0
ORD-000318,2025-08-22,SEA-005,7,59.99,25.0
ORD-008057,2025-08-22,SEA-003,6,29.99,12.0
ORD-004875,2025-08-22,STB-010,1,4.49,1.5
ORD-004060,2025-08-22,TRD-004,2,24.99,10.0
ORD-002150,2025-08-23,STB-002,1,14.99,6.0
ORD-002203,2025-08-23,SEA-004,8,34.99,15.0
ORD-007055,2025-08-23,SEA-006,8,14.99,5.0
ORD-000415,2025-08-23,STB-004,2,7.99,3.0
ORD-008597,2025-08-23,TRD-004,4,24.99,10.0
ORD-006727,2025-08-24,TRD-006,5,24.99,10.0
ORD-005820,2025-08-24,TRD-008,5,14.99,3.0
ORD-005168,2025-08-24,STB-010,4,4.49,1.5
ORD-000475,2025-08-24,STB-001,2,9.99,4.0
ORD-001061,2025-08-24,TRD-002,10,19.99,5.0
ORD-006470,2025-08-25,STB-004,2,7.99,3.0
ORD-002139,2025-08-25,STB-004,4,7.99,3.0
ORD-006376,2025-08-25,TRD-008,8,14.99,3.0
ORD-003021,2025-08-25,SEA-003,7,29.99,12.0
ORD-000453,2025-08-25,STB-010,5,4.49,1.5
ORD-009789,2025-08-25,SEA-009,12,24.99,10.0
ORD-006954,2025-08-25,STB-002,2,14.99,6.0
ORD-004308,2025-08-25,SEA-001,9,19.99,8.0
ORD-008971,2025-08-25,TRD-003,9,29.99,12.0
ORD-007020,2025-08-25,SEA-006,6,14.99,5.0
ORD-000671,2025-08-25,TRD-004,5,24.99,10.0
ORD-009466,2025-08-25,SEA-003,1,29.99,12.0
ORD-003160,2025-08-25,TRD-006,7,24.99,10.0
ORD-003107,2025-08-26,STB-009,2,4.99,2.5
ORD-008142,2025-08-26,TRD-005,7,19.99,8.0
ORD-004646,2025-08-26,SEA-009,7,24.99,10.0
ORD-005353,2025-08-26,SEA-008,8,5.99,2.0
ORD-000008,2025-08-26,TRD-005,9,19.99,8.0
ORD-002234,2025-08-26,TRD-007,7,39.99,15.0
ORD-002943,2025-08-26,SEA-002,10,9.99,3.5
ORD-003686,2025-08-26,STB-007,2,5.99,2.0
ORD-008910,2025-08-26,TRD-007,5,39.99,15.0
ORD-003376,2025-08-26,TRD-006,9,24.99,10.0
ORD-006460,2025-08-27,TRD-001,9,39.99,15.0
ORD-009356,2025-08-27,STB-009,4,4.99,2.5
ORD-002661,2025-08-27,STB-007,4,5.99,2.0
ORD-000236,2025-08-27,TRD-008,7,14.99,3.0
ORD-004430,2025-08-27,TRD-006,8,24.99,10.0
ORD-002310,2025-08-27,SEA-007,9,11.99,4.0
ORD-003655,2025-08-27,TRD-001,7,39.99,15.0
ORD-003845,2025-08-27,STB-002,5,14.99,6.0
ORD-003962,2025-08-27,SEA-002,9,9.99,3.5
ORD-006737,2025-08-28,SEA-009,15,24.99,10.0
ORD-001170,2025-08-28,STB-006,5,7.99,3.0
ORD-006877,2025-08-28,TRD-006,6,24.99,10.0
ORD-001408,2025-08-28,STB-003,1,12.99,5.0
ORD-008056,2025-08-28,STB-007,1,5.99,2.0
ORD-007039,2025-08-28,SEA-006,6,14.99,5.0
ORD-003464,2025-08-28,INT-004,5,149.99,60.0
ORD-000020,2025-08-28,SEA-006,4,14.99,5.0
ORD-007528,2025-08-28,SEA-006,4,14.99,5.0
ORD-007139,2025-08-28,SEA-002,7,9.99,3.5
ORD-009378,2025-08-28,INT-006,3,199.99,80.0
ORD-004415,2025-08-28,STB-002,4,14.99,6.0
ORD-003973,2025-08-29,TRD-001,6,39.99,15.0
ORD-008576,2025-08-29,STB-005,1,6.99,2.5
ORD-001254,2025-08-29,SEA-001,11,19.99,8.0
ORD-007404,2025-08-29,STB-002,4,14.99,6.0
ORD-003603,2025-08-29,STB-010,1,4.49,1.5
ORD-005477,2025-08-29,SEA-002,5,9.99,3.5
ORD-005940,2025-08-29,TRD-008,9,14.99,3.0
ORD-003022,2025-08-29,TRD-005,5,19.99,8.0
ORD-004672,2025-08-29,STB-004,7,7.99,3.0
ORD-004991,2025-08-29,STB-001,6,9.99,4.0
ORD-008946,2025-08-30,TRD-004,3,24.99,10.0
ORD-007097,2025-08-30,SEA-006,7,14.99,5.0
ORD-008026,2025-08-30,STB-002,2,14.99,6.0
ORD-003760,2025-08-30,STB-009,5,4.99,2.5
ORD-006995,2025-08-30,STB-005,3,6.99,2.5
ORD-000669,2025-08-30,SEA-006,7,14.99,5.0
ORD-003222,2025-08-30,STB-001,2,9.99,4.0
ORD-004883,2025-08-30,STB-008,5,3.99,1.5
ORD-008581,2025-08-30,SEA-003,6,29.99,12.0
ORD-006987,2025-08-30,TRD-007,8,39.99,15.0
ORD-002940,2025-08-30,SEA-005,5,59.99,25.0
ORD-007620,2025-08-30,STB-008,5,3.99,1.5
ORD-007152,2025-08-31,SEA-004,12,34.99,15.0
ORD-004280,2025-08-31,STB-006,1,7.99,3.0
ORD-003994,2025-08-31,INT-002,5,99.99,40.0
ORD-005586,2025-08-31,TRD-007,5,39.99,15.0
ORD-000646,2025-08-31,SEA-005,7,59.99,25.0
ORD-000598,2025-08-31,TRD-004,3,24.99,10.0
ORD-007181,2025-08-31,INT-002,5,99.99,40.0
ORD-008624,2025-08-31,TRD-002,2,19.99,5.0
ORD-006250,2025-08-31,SEA-007,5,11.99,4.0
ORD-001248,2025-09-01,SEA-002,11,9.99,3.5
ORD-009662,2025-09-01,SEA-010,4,14.99,6.0
ORD-004419,2025-09-01,SEA-004,4,34.99,15.0
ORD-008111,2025-09-01,SEA-006,8,14.99,5.0
ORD-008313,2025-09-01,TRD-007,6,39.99,15.0
ORD-004579,2025-09-01,SEA-005,6,59.99,25.0
ORD-005824,2025-09-01,STB-006,1,7.99,3.0
ORD-005628,2025-09-01,SEA-010,7,14.99,6.0
ORD-001817,2025-09-02,SEA-003,5,29.99,12.0
ORD-008722,2025-09-02,STB-009,3,4.99,2.5
ORD-009734,2025-09-02,TRD-008,9,14.99,3.0
ORD-003768,2025-09-02,SEA-010,5,14.99,6.0
ORD-001894,2025-09-02,SEA-008,8,5.99,2.0
ORD-005947,2025-09-02,SEA-007,5,11.99,4.0
ORD-001724,2025-09-02,STB-001,9,9.99,4.0
ORD-007245,2025-09-02,SEA-007,11,11.99,4.0
ORD-006782,2025-09-02,STB-004,2,7.99,3.0
ORD-007009,2025-09-02,STB-002,3,14.99,6.0
ORD-001798,2025-09-02,TRD-004,6,24.99,10.0
ORD-004549,2025-09-03,STB-009,4,4.99,2.5
ORD-006233,2025-09-03,SEA-009,4,24.99,10.0
ORD-002950,2025-09-03,SEA-007,5,11.99,4.0
ORD-002766,2025-09-03,TRD-005,7,19.99,8.0
ORD-006036,2025-09-03,TRD-008,5,14.99,3.0
ORD-007199,2025-09-03,STB-005,1,6.99,2.5
ORD-005520,2025-09-03,TRD-005,12,19.99,8.0
ORD-004740,2025-09-03,STB-006,2,7.99,3.0
ORD-009194,2025-09-04,SEA-009,7,24.99,10.0
ORD-006773,2025-09-04,TRD-005,3,19.99,8.0
ORD-006748,2025-09-04,SEA-003,4,29.99,12.0
ORD-004347,2025-09-04,STB-003,1,12.99,5.0
ORD-000925,2025-09-04,STB-010,5,4.49,1.5
ORD-006611,2025-09-04,TRD-005,8,19.99,8.0
ORD-004423,2025-09-04,SEA-002,7,9.99,3.5
ORD-005099,2025-09-05,SEA-006,5,14.99,5.0
ORD-009350,2025-09-05,STB-001,2,9.99,4.0
ORD-009887,2025-09-05,SEA-002,5,9.99,3.5
ORD-009884,2025-09-05,STB-008,5,3.99,1.5
ORD-005764,2025-09-05,STB-001,4,9.99,4.0
ORD-008231,2025-09-05,STB-002,1,14.99,6.0
ORD-001146,2025-09-05,SEA-005,7,59.99,25.0
ORD-008150,2025-09-05,TRD-007,7,39.99,15.0
ORD-001831,2025-09-05,SEA-008,5,5.99,2.0
ORD-005992,2025-09-05,STB-005,3,6.99,2.5
ORD-002628,2025-09-05,SEA-002,2,9.99,3.5
ORD-002419,2025-09-06,SEA-001,2,19.99,8.0
ORD-004123,2025-09-06,TRD-004,7,24.99,10.0
ORD-000457,2025-09-06,SEA-008,9,5.99,2.0
ORD-005057,2025-09-06,STB-007,3,5.99,2.0
ORD-008040,2025-09-06,STB-003,1,12.99,5.0
ORD-006936,2025-09-06,SEA-008,2,5.99,2.0
ORD-004017,2025-09-06,SEA-008,7,5.99,2.0
ORD-004370,2025-09-06,SEA-002,6,9.99,3.5
ORD-007311,2025-09-06,TRD-004,7,24.99,10.0
ORD-001987,2025-09-07,SEA-006,4,14.99,5.0
ORD-006834,2025-09-07,SEA-001,8,19.99,8.0
ORD-005874,2025-09-07,TRD-001,5,39.99,15.0
ORD-005485,2025-09-07,STB-003,3,12.99,5.0
ORD-005570,2025-09-07,SEA-001,8,19.99,8.0
ORD-005657,2025-09-07,TRD-002,4,19.99,5.0
ORD-007531,2025-09-07,SEA-004,5,34.99,15.0
ORD-007687,2025-09-07,STB-002,1,14.99,6.0
ORD-000688,2025-09-07,SEA-005,9,59.99,25.0
ORD-003452,2025-09-07,SEA-002,6,9.99,3.5
ORD-008564,2025-09-07,TRD-003,8,29.99,12.0
ORD-002622,2025-09-08,TRD-003,6,29.99,12.0
ORD-007419,2025-09-08,STB-008,5,3.99,1.5
ORD-002587,2025-09-08,STB-010,1,4.49,1.5
ORD-005252,2025-09-08,SEA-006,5,14.99,5.0
ORD-005733,2025-09-08,STB-003,3,12.99,5.0
ORD-006694,2025-09-09,TRD-002,8,19.99,5.0
ORD-005981,2025-09-09,STB-009,2,4.99,2.5
ORD-000417,2025-09-09,TRD-008,5,14.99,3.0
ORD-006492,2025-09-09,STB-002,4,14.99,6.0
ORD-003265,2025-09-09,TRD-007,5,39.99,15.0
ORD-000040,2025-09-09,STB-004,3,7.99,3.0
ORD-001540,2025-09-09,SEA-005,8,59.99,25.0
ORD-001334,2025-09-09,STB-002,1,14.99,6.0
ORD-007208,2025-09-09,STB-006,7,7.99,3.0
ORD-004996,2025-09-09,STB-008,3,3.99,1.5
ORD-000660,2025-09-09,TRD-002,8,19.99,5.0
ORD-007257,2025-09-09,SEA-008,7,5.99,2.0
ORD-005489,2025-09-09,STB-008,1,3.99,1.5
ORD-006344,2025-09-10,STB-006,4,7.99,3.0
ORD-008684,2025-09-10,SEA-002,3,9.99,3.5
ORD-007314,2025-09-10,SEA-007,8,11.99,4.0
ORD-001537,2025-09-10,TRD-001,3,39.99,15.0
ORD-009774,2025-09-10,STB-010,7,4.49,1.5
ORD-002003,2025-09-10,STB-005,5,6.99,2.5
ORD-005500,2025-09-10,TRD-001,4,39.99,15.0
ORD-005458,2025-09-10,STB-010,1,4.49,1.5
ORD-008470,2025-09-10,TRD-005,8,19.99,8.0
ORD-000159,2025-09-10,TRD-006,8,24.99,10.0
ORD-001628,2025-09-10,TRD-004,3,24.99,10.0
ORD-009872,2025-09-10,TRD-003,6,29.99,12.0
ORD-008666,2025-09-11,SEA-006,9,14.99,5.0
ORD-006287,2025-09-11,SEA-004,8,34.99,15.0
ORD-007873,2025-09-11,TRD-005,3,19.99,8.0
ORD-008989,2025-09-11,STB-002,6,14.99,6.0
ORD-005880,2025-09-11,TRD-002,5,19.99,5.0
ORD-001454,2025-09-11,INT-008,3,299.99,100.0
ORD-009014,2025-09-11,TRD-007,4,39.99,15.0
ORD-001874,2025-09-11,TRD-004,4,24.99,10.0
ORD-000756,2025-09-11,STB-010,4,4.49,1.5
ORD-008806,2025-09-11,STB-009,4,4.99,2.5
ORD-002708,2025-09-11,TRD-002,8,19.99,5.0
ORD-003817,2025-09-11,SEA-008,7,5.99,2.0
ORD-008945,2025-09-11,STB-004,1,7.99,3.0
ORD-003996,2025-09-11,SEA-005,6,59.99,25.0
ORD-004440,2025-09-11,SEA-006,6,14.99,5.0
ORD-001199,2025-09-11,STB-009,2,4.99,2.5
ORD-006613,2025-09-12,SEA-002,7,9.99,3.5
ORD-005328,2025-09-12,STB-010,5,4.49,1.5
ORD-006288,2025-09-12,SEA-005,6,59.99,25.0
ORD-003500,2025-09-12,TRD-004,5,24.99,10.0
ORD-007537,2025-09-12,SEA-009,5,24.99,10.0
ORD-006448,2025-09-12,STB-009,3,4.99,2.5
ORD-004724,2025-09-12,TRD-006,7,24.99,10.0
ORD-002398,2025-09-12,STB-003,1,12.99,5.0
ORD-000508,2025-09-12,STB-003,1,12.99,5.0
ORD-001130,2025-09-12,SEA-007,5,11.99,4.0
ORD-003671,2025-09-12,STB-003,7,12.99,5.0
ORD-006721,2025-09-13,STB-004,2,7.99,3.0
ORD-009107,2025-09-13,SEA-007,8,11.99,4.0
ORD-003390,2025-09-13,SEA-001,5,19.99,8.0
ORD-003445,2025-09-13,SEA-007,2,11.99,4.0
ORD-006343,2025-09-13,STB-002,3,14.99,6.0
ORD-003716,2025-09-13,SEA-002,7,9.99,3.5
ORD-003633,2025-09-13,STB-003,2,12.99,5.0
ORD-003956,2025-09-13,SEA-005,5,59.99,25.0
ORD-004092,2025-09-13,STB-005,7,6.99,2.5
ORD-000408,2025-09-13,TRD-001,4,39.99,15.0
ORD-009060,2025-09-13,TRD-005,3,19.99,8.0
ORD-008048,2025-09-14,SEA-004,4,34.99,15.0
ORD-009102,2025-09-14,STB-004,2,7.99,3.0
ORD-004262,2025-09-14,SEA-010,8,14.99,6.0
ORD-008005,2025-09-14,TRD-007,7,39.99,15.0
ORD-009584,2025-09-15,STB-005,2,6.99,2.5
ORD-001694,2025-09-15,TRD-004,8,24.99,10.0
ORD-000462,2025-09-15,STB-002,2,14.99,6.0
ORD-002097,2025-09-15,SEA-010,4,14.99,6.0
ORD-002423,2025-09-15,TRD-007,12,39.99,15.0
ORD-004031,2025-09-15,SEA-006,8,14.99,5.0
ORD-003718,2025-09-15,STB-008,5,3.99,1.5
ORD-008002,2025-09-15,SEA-006,4,14.99,5.0
ORD-002550,2025-09-15,STB-009,3,4.99,2.5
ORD-001822,2025-09-15,STB-006,2,7.99,3.0
ORD-007644,2025-09-15,INT-007,5,179.99,70.0
ORD-004546,2025-09-16,INT-002,2,99.99,40.0
ORD-000311,2025-09-16,SEA-010,6,14.99,6.0
ORD-002172,2025-09-16,STB-002,7,14.99,6.0
ORD-008472,2025-09-16,TRD-001,7,39.99,15.0
ORD-008712,2025-09-16,STB-001,2,9.99,4.0
ORD-001868,2025-09-16,TRD-008,9,14.99,3.0
ORD-009443,2025-09-16,STB-007,4,5.99,2.0
ORD-004876,2025-09-16,TRD-003,6,29.99,12.0
ORD-000819,2025-09-16,SEA-007,4,11.99,4.0
ORD-002346,2025-09-16,STB-005,6,6.99,2.5
ORD-005316,2025-09-16,TRD-008,8,14.99,3.0
ORD-001340,2025-09-16,SEA-004,8,34.99,15.0
ORD-002973,2025-09-16,STB-006,4,7.99,3.0
ORD-002142,2025-09-17,TRD-001,2,39.99,15.0
ORD-009073,2025-09-17,INT-003,3,59.99,25.0
ORD-009001,2025-09-17,SEA-001,4,19.99,8.0
ORD-001509,2025-09-17,TRD-003,5,29.99,12.0
ORD-005326,2025-09-17,TRD-005,7,19.99,8.0
ORD-001911,2025-09-17,STB-005,3,6.99,2.5
ORD-000530,2025-09-17,SEA-007,5,11.99,4.0
ORD-002306,2025-09-17,SEA-009,3,24.99,10.0
ORD-001156,2025-09-17,INT-007,5,179.99,70.0
ORD-007010,2025-09-18,SEA-006,1,14.99,5.0
ORD-005358,2025-09-18,SEA-010,5,14.99,6.0
ORD-000970,2025-09-18,SEA-005,8,59.99,25.0
ORD-005728,2025-09-18,STB-009,2,4.99,2.5
ORD-007428,2025-09-18,STB-010,3,4.49,1.5
ORD-004957,2025-09-18,TRD-007,6,39.99,15.0
ORD-009100,2025-09-18,TRD-002,3,19.99,5.0
ORD-008390,2025-09-18,TRD-004,9,24.99,10.0
ORD-004653,2025-09-18,STB-010,6,4.49,1.5
ORD-004537,2025-09-18,TRD-004,3,24.99,10.0
ORD-006491,2025-09-18,SEA-002,4,9.99,3.5
ORD-000105,2025-09-18,TRD-006,9,24.99,10.0
ORD-000029,2025-09-19,SEA-010,4,14.99,6.0
ORD-002278,2025-09-19,SEA-001,10,19.99,8.0
ORD-000664,2025-09-19,TRD-003,5,29.99,12.0
ORD-005982,2025-09-19,SEA-009,7,24.99,10.0
ORD-000605,2025-09-19,INT-008,2,299.99,100.0
ORD-000877,2025-09-19,STB-004,3,7.99,3.0
ORD-003519,2025-09-19,SEA-003,6,29.99,12.0
ORD-003377,2025-09-19,SEA-001,3,19.99,8.0
ORD-004388,2025-09-20,STB-001,5,9.99,4.0
ORD-009669,2025-09-20,TRD-001,8,39.99,15.0
ORD-000647,2025-09-20,TRD-003,6,29.99,12.0
ORD-007111,2025-09-20,TRD-002,8,19.99,5.0
ORD-008911,2025-09-20,TRD-008,4,14.99,3.0
ORD-000263,2025-09-20,SEA-001,6,19.99,8.0
ORD-004087,2025-09-20,SEA-005,6,59.99,25.0
ORD-001482,2025-09-20,STB-005,1,6.99,2.5
ORD-008775,2025-09-20,STB-008,3,3.99,1.5
ORD-007893,2025-09-21,TRD-003,11,29.99,12.0
ORD-003481,2025-09-21,STB-002,7,14.99,6.0
ORD-006245,2025-09-21,TRD-004,3,24.99,10.0
ORD-003966,2025-09-21,TRD-008,6,14.99,3.0
ORD-002562,2025-09-21,SEA-004,3,34.99,15.0
ORD-006010,2025-09-21,TRD-002,6,19.99,5.0
ORD-009065,2025-09-21,TRD-008,7,14.99,3.0
ORD-001290,2025-09-21,TRD-004,2,24.99,10.0
ORD-007516,2025-09-22,STB-006,4,7.99,3.0
ORD-003295,2025-09-22,TRD-004,5,24.99,10.0
ORD-009724,2025-09-22,STB-004,6,7.99,3.0
ORD-002204,2025-09-22,SEA-007,7,11.99,4.0
ORD-002613,2025-09-22,SEA-008,7,5.99,2.0
ORD-003112,2025-09-23,SEA-009,5,24.99,10.0
ORD-006176,2025-09-23,STB-006,2,7.99,3.0
ORD-006957,2025-09-23,TRD-005,4,19.99,8.0
ORD-000734,2025-09-23,STB-001,2,9.99,4.0
ORD-008291,2025-09-23,STB-004,2,7.99,3.0
ORD-005711,2025-09-23,STB-010,1,4.49,1.5
ORD-000051,2025-09-23,TRD-007,3,39.99,15.0
ORD-006356,2025-09-23,TRD-001,5,39.99,15.0
ORD-004626,2025-09-23,STB-006,3,7.99,3.0
ORD-000285,2025-09-24,TRD-008,6,14.99,3.0
ORD-001712,2025-09-24,STB-002,4,14.99,6.0
ORD-002961,2025-09-24,SEA-001,6,19.99,8.0
ORD-001057,2025-09-24,SEA-003,8,29.99,12.0
ORD-008414,2025-09-24,TRD-007,8,39.99,15.0
ORD-006932,2025-09-24,SEA-004,8,34.99,15.0
ORD-005377,2025-09-24,SEA-004,7,34.99,15.0
ORD-006163,2025-09-25,STB-002,3,14.99,6.0
ORD-009671,2025-09-25,SEA-010,8,14.99,6.0
ORD-006855,2025-09-25,TRD-003,3,29.99,12.0
ORD-000324,2025-09-25,SEA-009,7,24.99,10.0
ORD-006762,2025-09-25,TRD-008,7,14.99,3.0
ORD-006718,2025-09-25,STB-002,6,14.99,6.0
ORD-000801,2025-09-25,SEA-002,9,9.99,3.5
ORD-001172,2025-09-25,TRD-005,2,19.99,8.0
ORD-009368,2025-09-25,STB-004,4,7.99,3.0
ORD-006392,2025-09-25,TRD-002,8,19.99,5.0
ORD-003383,2025-09-25,STB-003,3,12.99,5.0
ORD-002617,2025-09-25,TRD-007,8,39.99,15.0
ORD-003587,2025-09-25,STB-004,5,7.99,3.0
ORD-007170,2025-09-25,SEA-008,3,5.99,2.0
ORD-004536,2025-09-25,SEA-001,2,19.99,8.0
ORD-002728,2025-09-25,SEA-010,7,14.99,6.0
ORD-000313,2025-09-26,STB-005,6,6.99,2.5
ORD-006540,2025-09-26,SEA-005,8,59.99,25.0
ORD-002232,2025-09-26,TRD-007,8,39.99,15.0
ORD-001027,2025-09-26,SEA-009,8,24.99,10.0
ORD-005759,2025-09-26,SEA-008,7,5.99,2.0
ORD-001583,2025-09-26,SEA-009,4,24.99,10.0
ORD-001516,2025-09-26,SEA-006,10,14.99,5.0
ORD-007695,2025-09-26,SEA-006,8,14.99,5.0
ORD-008956,2025-09-26,INT-006,7,199.99,80.0
ORD-006889,2025-09-26,SEA-009,8,24.99,10.0
ORD-009177,2025-09-26,STB-007,3,5.99,2.0
ORD-003624,2025-09-26,STB-010,5,4.49,1.5
ORD-009425,2025-09-26,TRD-003,4,29.99,12.0
ORD-006970,2025-09-26,STB-003,3,12.99,5.0
ORD-002262,2025-09-27,SEA-004,8,34.99,15.0
ORD-008326,2025-09-27,STB-003,1,12.99,5.0
ORD-001385,2025-09-27,TRD-007,10,39.99,15.0
ORD-004094,2025-09-27,TRD-002,7,19.99,5.0
ORD-009068,2025-09-27,TRD-007,3,39.99,15.0
ORD-009689,2025-09-27,STB-010,2,4.49,1.5
ORD-009825,2025-09-27,STB-002,2,14.99,6.0
ORD-002542,2025-09-27,TRD-007,6,39.99,15.0
ORD-001935,2025-09-27,STB-008,3,3.99,1.5
ORD-005511,2025-09-27,SEA-001,6,19.99,8.0
ORD-005569,2025-09-28,STB-004,6,7.99,3.0
ORD-001285,2025-09-28,STB-005,2,6.99,2.5
ORD-006997,2025-09-28,SEA-004,3,34.99,15.0
ORD-007463,2025-09-28,TRD-005,4,19.99,8.0
ORD-001544,2025-09-28,SEA-003,4,29.99,12.0
ORD-009422,2025-09-28,SEA-008,6,5.99,2.0
ORD-005259,2025-09-28,STB-009,3,4.99,2.5
ORD-001052,2025-09-29,TRD-001,7,39.99,15.0
ORD-008918,2025-09-29,TRD-005,15,19.99,8.0
ORD-005561,2025-09-29,STB-006,2,7.99,3.0
ORD-009390,2025-09-29,STB-004,3,7.99,3.0
ORD-007012,2025-09-29,SEA-005,4,59.99,25.0
ORD-000059,2025-09-29,TRD-002,8,19.99,5.0
ORD-006146,2025-09-29,SEA-003,9,29.99,12.0
ORD-005064,2025-09-29,TRD-001,1,39.99,15.0
ORD-000606,2025-09-29,INT-005,3,119.99,45.0
ORD-002726,2025-09-29,STB-003,8,12.99,5.0
ORD-003345,2025-09-29,STB-001,6,9.99,4.0
ORD-002603,2025-09-29,STB-004,4,7.99,3.0
ORD-003641,2025-09-30,STB-007,6,5.99,2.0
ORD-000063,2025-09-30,TRD-002,7,19.99,5.0
ORD-001301,2025-09-30,SEA-008,5,5.99,2.0
ORD-008669,2025-09-30,STB-006,2,7.99,3.0
ORD-006428,2025-09-30,SEA-008,7,5.99,2.0
ORD-001160,2025-09-30,TRD-001,6,39.99,15.0
ORD-007511,2025-09-30,STB-008,2,3.99,1.5
ORD-001915,2025-09-30,STB-002,3,14.99,6.0
ORD-005913,2025-09-30,TRD-006,9,24.99,10.0
ORD-003772,2025-10-01,SEA-006,4,14.99,5.0
ORD-005811,2025-10-01,SEA-005,14,59.99,25.0
ORD-002837,2025-10-01,SEA-009,5,24.99,10.0
ORD-009673,2025-10-01,SEA-003,8,29.99,12.0
ORD-006595,2025-10-01,TRD-001,6,39.99,15.0
ORD-006582,2025-10-01,TRD-006,7,24.99,10.0
ORD-003003,2025-10-01,TRD-002,3,19.99,5.0
ORD-005857,2025-10-01,SEA-009,11,24.99,10.0
ORD-007359,2025-10-02,STB-003,2,12.99,5.0
ORD-007954,2025-10-02,SEA-010,7,14.99,6.0
ORD-004695,2025-10-02,STB-005,3,6.99,2.5
ORD-005901,2025-10-02,SEA-005,12,59.99,25.0
ORD-003180,2025-10-02,SEA-002,12,9.99,3.5
ORD-001452,2025-10-03,SEA-003,7,29.99,12.0
ORD-006639,2025-10-03,STB-003,2,12.99,5.0
ORD-003237,2025-10-03,TRD-006,4,24.99,10.0
ORD-001359,2025-10-03,TRD-005,7,19.99,8.0
ORD-008261,2025-10-03,TRD-001,7,39.99,15.0
ORD-000138,2025-10-03,SEA-009,10,24.99,10.0
ORD-008706,2025-10-03,STB-001,2,9.99,4.0
ORD-009582,2025-10-03,TRD-003,4,29.99,12.0
ORD-005812,2025-10-03,TRD-004,5,24.99,10.0
ORD-006842,2025-10-04,TRD-002,5,19.99,5.0
ORD-002080,2025-10-04,STB-004,1,7.99,3.0
ORD-001900,2025-10-04,STB-005,5,6.99,2.5
ORD-000861,2025-10-04,SEA-008,8,5.99,2.0
ORD-004596,2025-10-04,SEA-008,9,5.99,2.0
ORD-009145,2025-10-04,SEA-001,8,19.99,8.0
ORD-003397,2025-10-04,SEA-005,9,59.99,25.0
ORD-000354,2025-10-04,STB-005,6,6.99,2.5
ORD-004324,2025-10-04,SEA-006,8,14.99,5.0
ORD-006689,2025-10-04,SEA-004,8,34.99,15.0
ORD-005835,2025-10-04,SEA-010,7,14.99,6.0
ORD-002243,2025-10-04,SEA-006,6,14.99,5.0
ORD-008537,2025-10-05,STB-005,2,6.99,2.5
ORD-009738,2025-10-05,TRD-001,2,39.99,15.0
ORD-001174,2025-10-05,TRD-001,6,39.99,15.0
ORD-005865,2025-10-05,STB-003,2,12.99,5.0
ORD-004619,2025-10-05,SEA-001,9,19.99,8.0
ORD-005680,2025-10-05,SEA-007,4,11.99,4.0
ORD-006927,2025-10-05,STB-008,6,3.99,1.5
ORD-000480,2025-10-05,SEA-008,6,5.99,2.0
ORD-008595,2025-10-05,TRD-005,4,19.99,8.0
ORD-001856,2025-10-05,STB-003,2,12.99,5.0
ORD-008331,2025-10-05,STB-009,4,4.99,2.5
ORD-007550,2025-10-05,SEA-010,6,14.99,6.0
ORD-005239,2025-10-05,SEA-004,7,34.99,15.0
ORD-000291,2025-10-05,STB-006,5,7.99,3.0
ORD-002591,2025-10-06,STB-006,4,7.99,3.0
ORD-007735,2025-10-06,SEA-001,15,19.99,8.0
ORD-005849,2025-10-06,SEA-008,15,5.99,2.0
ORD-008242,2025-10-06,SEA-009,7,24.99,10.0
ORD-000663,2025-10-06,SEA-005,8,59.99,25.0
ORD-003330,2025-10-06,TRD-001,4,39.99,15.0
ORD-008124,2025-10-06,SEA-009,13,24.99,10.0
ORD-005277,2025-10-07,SEA-004,7,34.99,15.0
ORD-006501,2025-10-07,STB-009,4,4.99,2.5
ORD-007546,2025-10-07,SEA-005,7,59.99,25.0
ORD-005273,2025-10-07,STB-007,2,5.99,2.0
ORD-000401,2025-10-07,TRD-003,6,29.99,12.0
ORD-007405,2025-10-07,SEA-003,11,29.99,12.0
ORD-000806,2025-10-07,STB-001,3,9.99,4.0
ORD-000339,2025-10-07,TRD-001,4,39.99,15.0
ORD-008718,2025-10-07,TRD-004,6,24.99,10.0
ORD-008053,2025-10-07,SEA-005,5,59.99,25.0
ORD-003698,2025-10-08,STB-001,2,9.99,4.0
ORD-005776,2025-10-08,SEA-004,8,34.99,15.0
ORD-005295,2025-10-08,TRD-002,4,19.99,5.0
ORD-002118,2025-10-08,TRD-008,7,14.99,3.0
ORD-001853,2025-10-08,TRD-002,4,19.99,5.0
ORD-007929,2025-10-08,SEA-001,11,19.99,8.0
ORD-006881,2025-10-08,STB-010,3,4.49,1.5
ORD-008976,2025-10-08,SEA-001,8,19.99,8.0
ORD-006181,2025-10-08,SEA-010,13,14.99,6.0
ORD-002889,2025-10-09,STB-003,5,12.99,5.0
ORD-009200,2025-10-09,TRD-003,5,29.99,12.0
ORD-008607,2025-10-09,STB-008,2,3.99,1.5
ORD-009127,2025-10-09,TRD-006,6,24.99,10.0
ORD-005552,2025-10-09,SEA-001,10,19.99,8.0
ORD-005598,2025-10-09,SEA-009,14,24.99,10.0
ORD-003402,2025-10-09,STB-008,3,3.99,1.5
ORD-003056,2025-10-09,STB-005,6,6.99,2.5
ORD-000057,2025-10-09,STB-001,1,9.99,4.0
ORD-004521,2025-10-10,INT-003,3,59.99,25.0
ORD-009148,2025-10-10,STB-006,3,7.99,3.0
ORD-005154,2025-10-10,TRD-005,4,19.99,8.0
ORD-005533,2025-10-10,TRD-007,6,39.99,15.0
ORD-007072,2025-10-10,STB-004,3,7.99,3.0
ORD-007488,2025-10-10,SEA-003,9,29.99,12.0
ORD-008408,2025-10-10,SEA-001,5,19.99,8.0
ORD-007647,2025-10-11,STB-005,2,6.99,2.5
ORD-001455,2025-10-11,SEA-008,12,5.99,2.0
ORD-009653,2025-10-11,TRD-004,5,24.99,10.0
ORD-005137,2025-10-11,SEA-006,8,14.99,5.0
ORD-006325,2025-10-11,SEA-007,10,11.99,4.0
ORD-007967,2025-10-11,SEA-005,5,59.99,25.0
ORD-002351,2025-10-11,SEA-009,10,24.99,10.0
ORD-004721,2025-10-11,STB-002,1,14.99,6.0
ORD-006108,2025-10-12,TRD-002,3,19.99,5.0
ORD-006159,2025-10-12,TRD-006,9,24.99,10.0
ORD-006057,2025-10-12,TRD-002,4,19.99,5.0
ORD-008885,2025-10-12,INT-001,4,19.99,8.0
ORD-004828,2025-10-12,STB-005,4,6.99,2.5
ORD-001886,2025-10-12,TRD-006,8,24.99,10.0
ORD-001127,2025-10-12,SEA-005,5,59.99,25.0
ORD-008549,2025-10-12,STB-001,3,9.99,4.0
ORD-004165,2025-10-12,SEA-008,5,5.99,2.0
ORD-007345,2025-10-12,TRD-008,8,14.99,3.0
ORD-003866,2025-10-12,SEA-004,12,34.99,15.0
ORD-005446,2025-10-12,TRD-002,9,19.99,5.0
ORD-006916,2025-10-12,TRD-006,6,24.99,10.0
ORD-008635,2025-10-13,STB-002,4,14.99,6.0
ORD-006483,2025-10-13,SEA-007,8,11.99,4.0
ORD-008262,2025-10-13,SEA-003,12,29.99,12.0
ORD-000356,2025-10-13,STB-003,3,12.99,5.0
ORD-007788,2025-10-13,SEA-009,9,24.99,10.0
ORD-000576,2025-10-13,SEA-005,8,59.99,25.0
ORD-009248,2025-10-13,SEA-004,8,34.99,15.0
ORD-002749,2025-10-13,STB-003,7,12.99,5.0
ORD-007988,2025-10-13,TRD-002,7,19.99,5.0
ORD-008236,2025-10-13,SEA-004,8,34.99,15.0
ORD-008912,2025-10-13,STB-006,1,7.99,3.0
ORD-006992,2025-10-13,STB-005,3,6.99,2.5
ORD-004336,2025-10-14,STB-002,3,14.99,6.0
ORD-006907,2025-10-14,SEA-007,6,11.99,4.0
ORD-004186,2025-10-14,STB-007,3,5.99,2.0
ORD-000502,2025-10-14,SEA-010,9,14.99,6.0
ORD-002285,2025-10-14,SEA-001,7,19.99,8.0
ORD-005998,2025-10-14,STB-003,2,12.99,5.0
ORD-005048,2025-10-14,STB-003,1,12.99,5.0
ORD-001306,2025-10-14,STB-003,4,12.99,5.0
ORD-007413,2025-10-14,SEA-009,8,24.99,10.0
ORD-002626,2025-10-14,STB-010,5,4.49,1.5
ORD-009221,2025-10-14,SEA-002,13,9.99,3.5
ORD-004300,2025-10-14,SEA-007,11,11.99,4.0
ORD-009702,2025-10-14,SEA-004,11,34.99,15.0
ORD-005410,2025-10-15,SEA-006,10,14.99,5.0
ORD-001220,2025-10-15,STB-002,8,14.99,6.0
ORD-000493,2025-10-15,SEA-002,9,9.99,3.5
ORD-000512,2025-10-15,INT-007,1,179.99,70.0
ORD-004855,2025-10-15,STB-003,1,12.99,5.0
ORD-006897,2025-10-15,STB-005,3,6.99,2.5
ORD-000859,2025-10-15,TRD-003,6,29.99,12.0
ORD-002250,2025-10-15,TRD-001,5,39.99,15.0
ORD-000986,2025-10-15,SEA-007,12,11.99,4.0
ORD-008434,2025-10-15,SEA-001,11,19.99,8.0
ORD-006135,2025-10-15,SEA-003,10,29.99,12.0
ORD-006944,2025-10-15,STB-009,1,4.99,2.5
ORD-007216,2025-10-16,STB-005,1,6.99,2.5
ORD-001165,2025-10-16,STB-003,2,12.99,5.0
ORD-006182,2025-10-16,STB-005,1,6.99,2.5
ORD-008685,2025-10-16,TRD-002,5,19.99,5.0
ORD-002433,2025-10-16,STB-005,2,6.99,2.5
ORD-000943,2025-10-16,SEA-009,7,24.99,10.0
ORD-008176,2025-10-17,TRD-003,7,29.99,12.0
ORD-000758,2025-10-17,SEA-010,14,14.99,6.0
ORD-002698,2025-10-17,SEA-003,16,29.99,12.0
ORD-002858,2025-10-17,STB-006,3,7.99,3.0
ORD-008241,2025-10-17,SEA-007,10,11.99,4.0
ORD-004631,2025-10-17,STB-005,3,6.99,2.5
ORD-006887,2025-10-17,SEA-004,11,34.99,15.0
ORD-001189,2025-10-17,STB-006,9,7.99,3.0
ORD-008554,2025-10-18,TRD-004,7,24.99,10.0
ORD-004955,2025-10-18,STB-007,3,5.99,2.0
ORD-009067,2025-10-18,STB-005,5,6.99,2.5
ORD-004311,2025-10-18,STB-005,3,6.99,2.5
ORD-007387,2025-10-18,SEA-004,9,34.99,15.0
ORD-009151,2025-10-18,STB-010,2,4.49,1.5
ORD-003212,2025-10-18,SEA-002,10,9.99,3.5
ORD-005388,2025-10-18,STB-007,4,5.99,2.0
ORD-005560,2025-10-18,SEA-001,7,19.99,8.0
ORD-002515,2025-10-18,TRD-004,6,24.99,10.0
ORD-000256,2025-10-18,STB-009,2,4.99,2.5
ORD-004873,2025-10-18,SEA-002,7,9.99,3.5
ORD-003497,2025-10-18,TRD-003,6,29.99,12.0
ORD-003027,2025-10-19,STB-006,4,7.99,3.0
ORD-001246,2025-10-19,STB-003,5,12.99,5.0
ORD-005664,2025-10-19,SEA-001,8,19.99,8.0
ORD-008620,2025-10-19,TRD-001,3,39.99,15.0
ORD-003044,2025-10-19,STB-005,4,6.99,2.5
ORD-009139,2025-10-19,STB-009,5,4.99,2.5
ORD-007957,2025-10-19,SEA-003,16,29.99,12.0
ORD-003539,2025-10-19,TRD-007,3,39.99,15.0
ORD-008370,2025-10-19,TRD-001,7,39.99,15.0
ORD-004727,2025-10-19,TRD-005,7,19.99,8.0
ORD-001358,2025-10-19,STB-009,6,4.99,2.5
ORD-002214,2025-10-19,STB-009,3,4.99,2.5
ORD-003307,2025-10-20,STB-003,6,12.99,5.0
ORD-001988,2025-10-20,STB-002,2,14.99,6.0
ORD-003534,2025-10-20,TRD-005,4,19.99,8.0
ORD-006320,2025-10-20,TRD-007,4,39.99,15.0
ORD-000427,2025-10-20,STB-003,2,12.99,5.0
ORD-002430,2025-10-20,SEA-008,8,5.99,2.0
ORD-009403,2025-10-20,SEA-004,12,34.99,15.0
ORD-002038,2025-10-20,STB-005,3,6.99,2.5
ORD-009802,2025-10-20,TRD-007,9,39.99,15.0
ORD-000211,2025-10-20,SEA-008,4,5.99,2.0
ORD-003341,2025-10-20,STB-007,4,5.99,2.0
ORD-007928,2025-10-20,SEA-005,8,59.99,25.0
ORD-000022,2025-10-20,TRD-005,10,19.99,8.0
ORD-007093,2025-10-20,SEA-009,11,24.99,10.0
ORD-003937,2025-10-20,TRD-007,5,39.99,15.0
ORD-005270,2025-10-20,STB-002,3,14.99,6.0
ORD-008846,2025-10-20,TRD-003,10,29.99,12.0
ORD-001019,2025-10-20,STB-004,3,7.99,3.0
ORD-001697,2025-10-20,TRD-004,4,24.99,10.0
ORD-000378,2025-10-21,TRD-003,4,29.99,12.0
ORD-006876,2025-10-21,STB-005,1,6.99,2.5
ORD-003981,2025-10-21,STB-002,3,14.99,6.0
ORD-004916,2025-10-21,TRD-001,7,39.99,15.0
ORD-007612,2025-10-21,INT-004,3,149.99,60.0
ORD-000386,2025-10-21,SEA-009,11,24.99,10.0
ORD-001573,2025-10-21,STB-008,7,3.99,1.5
ORD-002543,2025-10-21,TRD-001,4,39.99,15.0
ORD-003485,2025-10-21,TRD-003,3,29.99,12.0
ORD-001522,2025-10-22,SEA-002,7,9.99,3.5
ORD-007746,2025-10-22,STB-005,6,6.99,2.5
ORD-005799,2025-10-22,SEA-002,9,9.99,3.5
ORD-005911,2025-10-22,STB-001,2,9.99,4.0
ORD-005953,2025-10-22,TRD-001,12,39.99,15.0
ORD-008256,2025-10-22,STB-006,1,7.99,3.0
ORD-006050,2025-10-22,INT-004,2,149.99,60.0
ORD-005715,2025-10-23,SEA-010,7,14.99,6.0
ORD-009922,2025-10-23,STB-001,2,9.99,4.0
ORD-009267,2025-10-23,STB-007,2,5.99,2.0
ORD-008853,2025-10-23,STB-006,4,7.99,3.0
ORD-004566,2025-10-23,SEA-010,12,14.99,6.0
ORD-006015,2025-10-23,SEA-008,7,5.99,2.0
ORD-004607,2025-10-24,SEA-003,11,29.99,12.0
ORD-003121,2025-10-24,TRD-008,6,14.99,3.0
ORD-004669,2025-10-24,STB-009,5,4.99,2.5
ORD-000375,2025-10-24,STB-009,2,4.99,2.5
ORD-003742,2025-10-24,STB-008,3,3.99,1.5
ORD-009405,2025-10-24,TRD-002,8,19.99,5.0
ORD-002308,2025-10-24,TRD-008,7,14.99,3.0
ORD-009687,2025-10-24,SEA-009,10,24.99,10.0
ORD-009938,2025-10-24,STB-005,1,6.99,2.5
ORD-007522,2025-10-25,STB-006,4,7.99,3.0
ORD-001007,2025-10-25,SEA-005,6,59.99,25.0
ORD-008258,2025-10-25,INT-001,5,19.99,8.0
ORD-003338,2025-10-25,INT-004,2,149.99,60.0
ORD-001634,2025-10-25,SEA-002,4,9.99,3.5
ORD-007819,2025-10-25,SEA-007,10,11.99,4.0
ORD-004712,2025-10-25,SEA-008,6,5.99,2.0
ORD-004891,2025-10-25,SEA-005,9,59.99,25.0
ORD-008298,2025-10-25,TRD-004,6,24.99,10.0
ORD-009467,2025-10-25,TRD-005,8,19.99,8.0
ORD-003283,2025-10-25,STB-001,6,9.99,4.0
ORD-005045,2025-10-25,STB-001,1,9.99,4.0
ORD-009788,2025-10-25,STB-001,8,9.99,4.0
ORD-002984,2025-10-25,SEA-010,8,14.99,6.0
ORD-006939,2025-10-25,STB-006,1,7.99,3.0
ORD-004687,2025-10-25,TRD-001,5,39.99,15.0
ORD-008628,2025-10-25,SEA-006,11,14.99,5.0
ORD-009984,2025-10-25,TRD-003,2,29.99,12.0
ORD-006658,2025-10-25,INT-005,4,119.99,45.0
ORD-005710,2025-10-26,STB-009,3,4.99,2.5
ORD-004741,2025-10-26,SEA-005,11,59.99,25.0
ORD-003849,2025-10-26,SEA-009,13,24.99,10.0
ORD-000310,2025-10-26,TRD-004,4,24.99,10.0
ORD-009271,2025-10-26,STB-001,1,9.99,4.0
ORD-008672,2025-10-26,SEA-009,9,24.99,10.0
ORD-005033,2025-10-26,TRD-002,6,19.99,5.0
ORD-002212,2025-10-26,TRD-003,2,29.99,12.0
ORD-006609,2025-10-26,TRD-007,8,39.99,15.0
ORD-007112,2025-10-26,SEA-006,3,14.99,5.0
ORD-007117,2025-10-26,STB-004,6,7.99,3.0
ORD-000080,2025-10-26,STB-005,1,6.99,2.5
ORD-003013,2025-10-27,TRD-008,5,14.99,3.0
ORD-002957,2025-10-27,STB-007,5,5.99,2.0
ORD-005403,2025-10-27,SEA-002,5,9.99,3.5
ORD-008113,2025-10-27,STB-004,5,7.99,3.0
ORD-008843,2025-10-27,TRD-007,10,39.99,15.0
ORD-003456,2025-10-27,STB-005,3,6.99,2.5
ORD-004530,2025-10-27,SEA-003,11,29.99,12.0
ORD-000075,2025-10-27,SEA-004,13,34.99,15.0
ORD-009029,2025-10-27,STB-009,1,4.99,2.5
ORD-007871,2025-10-27,STB-004,4,7.99,3.0
ORD-005648,2025-10-27,TRD-002,4,19.99,5.0
ORD-003813,2025-10-27,TRD-005,6,19.99,8.0
ORD-004014,2025-10-27,STB-002,1,14.99,6.0
ORD-003854,2025-10-28,SEA-006,15,14.99,5.0
ORD-009770,2025-10-28,TRD-007,6,39.99,15.0
ORD-007587,2025-10-28,SEA-010,7,14.99,6.0
ORD-001529,2025-10-28,TRD-004,5,24.99,10.0
ORD-004122,2025-10-28,STB-002,1,14.99,6.0
ORD-008716,2025-10-28,TRD-004,9,24.99,10.0
ORD-001627,2025-10-28,STB-007,7,5.99,2.0
ORD-000553,2025-10-28,INT-002,3,99.99,40.0
ORD-009301,2025-10-28,SEA-010,7,14.99,6.0
ORD-000292,2025-10-29,STB-004,5,7.99,3.0
ORD-006996,2025-10-29,TRD-004,4,24.99,10.0
ORD-002844,2025-10-29,TRD-004,10,24.99,10.0
ORD-006827,2025-10-29,STB-004,5,7.99,3.0
ORD-002112,2025-10-29,SEA-009,14,24.99,10.0
ORD-006509,2025-10-29,TRD-004,7,24.99,10.0
ORD-003200,2025-10-29,SEA-003,9,29.99,12.0
ORD-004961,2025-10-29,STB-004,5,7.99,3.0
ORD-003432,2025-10-29,SEA-003,5,29.99,12.0
ORD-007141,2025-10-30,STB-005,5,6.99,2.5
ORD-000148,2025-10-30,TRD-002,7,19.99,5.0
ORD-005585,2025-10-30,TRD-001,3,39.99,15.0
ORD-005237,2025-10-30,INT-005,3,119.99,45.0
ORD-004896,2025-10-30,TRD-006,5,24.99,10.0
ORD-003638,2025-10-30,INT-006,4,199.99,80.0
ORD-007185,2025-10-30,STB-002,4,14.99,6.0
ORD-009826,2025-10-31,TRD-006,2,24.99,10.0
ORD-003422,2025-10-31,SEA-010,12,14.99,6.0
ORD-003320,2025-10-31,TRD-003,6,29.99,12.0
ORD-007816,2025-10-31,SEA-003,11,29.99,12.0
ORD-002861,2025-10-31,SEA-002,6,9.99,3.5
ORD-004775,2025-10-31,SEA-010,5,14.99,6.0
ORD-009471,2025-10-31,STB-001,6,9.99,4.0
ORD-003775,2025-10-31,STB-004,5,7.99,3.0
ORD-002811,2025-10-31,STB-001,5,9.99,4.0
ORD-006114,2025-10-31,SEA-005,10,59.99,25.0
ORD-001261,2025-10-31,TRD-007,6,39.99,15.0
ORD-009534,2025-10-31,STB-004,4,7.99,3.0
ORD-007057,2025-10-31,STB-005,6,6.99,2.5
ORD-006461,2025-11-01,SEA-008,15,5.99,2.0
ORD-007762,2025-11-01,STB-002,3,14.99,6.0
ORD-007676,2025-11-01,STB-007,1,5.99,2.0
ORD-008387,2025-11-01,STB-006,4,7.99,3.0
ORD-005452,2025-11-01,SEA-004,9,34.99,15.0
ORD-005142,2025-11-01,SEA-006,14,14.99,5.0
ORD-007783,2025-11-01,SEA-010,19,14.99,6.0
ORD-000515,2025-11-01,SEA-006,12,14.99,5.0
ORD-002431,2025-11-01,TRD-005,3,19.99,8.0
ORD-002265,2025-11-01,TRD-004,10,24.99,10.0
ORD-008238,2025-11-01,TRD-006,6,24.99,10.0
ORD-008919,2025-11-01,TRD-007,6,39.99,15.0
ORD-007066,2025-11-02,TRD-002,7,19.99,5.0
ORD-002317,2025-11-02,SEA-005,5,59.99,25.0
ORD-005871,2025-11-02,SEA-007,13,11.99,4.0
ORD-000154,2025-11-02,SEA-006,8,14.99,5.0
ORD-003720,2025-11-02,SEA-009,17,24.99,10.0
ORD-002866,2025-11-02,SEA-005,9,59.99,25.0
ORD-002076,2025-11-02,STB-007,2,5.99,2.0
ORD-009981,2025-11-02,TRD-003,4,29.99,12.0
ORD-002945,2025-11-02,STB-008,2,3.99,1.5
ORD-000799,2025-11-02,TRD-004,4,24.99,10.0
ORD-004768,2025-11-02,STB-005,8,6.99,2.5
ORD-001372,2025-11-02,STB-007,3,5.99,2.0
ORD-007303,2025-11-03,INT-007,2,179.99,70.0
ORD-007005,2025-11-03,SEA-010,15,14.99,6.0
ORD-003853,2025-11-03,STB-008,4,3.99,1.5
ORD-002812,2025-11-03,STB-010,2,4.49,1.5
ORD-008658,2025-11-03,STB-001,4,9.99,4.0
ORD-006807,2025-11-03,STB-004,2,7.99,3.0
ORD-005839,2025-11-03,STB-005,1,6.99,2.5
ORD-005034,2025-11-03,SEA-001,14,19.99,8.0
ORD-007222,2025-11-03,TRD-008,3,14.99,3.0
ORD-008469,2025-11-03,INT-004,1,149.99,60.0
ORD-009921,2025-11-03,STB-004,2,7.99,3.0
ORD-008732,2025-11-03,TRD-001,8,39.99,15.0
ORD-005956,2025-11-03,STB-006,2,7.99,3.0
ORD-003063,2025-11-04,SEA-007,11,11.99,4.0
ORD-006191,2025-11-04,SEA-005,16,59.99,25.0
ORD-009740,2025-11-04,STB-010,3,4.49,1.5
ORD-002365,2025-11-04,STB-004,4,7.99,3.0
ORD-007326,2025-11-04,STB-010,6,4.49,1.5
ORD-008305,2025-11-04,TRD-005,7,19.99,8.0
ORD-004656,2025-11-04,TRD-006,6,24.99,10.0
ORD-001648,2025-11-04,TRD-006,7,24.99,10.0
ORD-003016,2025-11-04,SEA-007,13,11.99,4.0
ORD-003088,2025-11-05,STB-009,2,4.99,2.5
ORD-008895,2025-11-05,TRD-002,4,19.99,5.0
ORD-009549,2025-11-05,STB-006,5,7.99,3.0
ORD-006601,2025-11-05,TRD-003,5,29.99,12.0
ORD-003899,2025-11-05,STB-006,1,7.99,3.0
ORD-002743,2025-11-05,SEA-008,14,5.99,2.0
ORD-007053,2025-11-05,STB-010,1,4.49,1.5
ORD-002480,2025-11-05,STB-002,4,14.99,6.0
ORD-004681,2025-11-05,SEA-007,9,11.99,4.0
ORD-005202,2025-11-05,STB-010,2,4.49,1.5
ORD-001881,2025-11-05,STB-007,5,5.99,2.0
ORD-003847,2025-11-05,TRD-003,8,29.99,12.0
ORD-007019,2025-11-05,TRD-008,4,14.99,3.0
ORD-003602,2025-11-05,TRD-005,17,19.99,8.0
ORD-006358,2025-11-06,INT-008,1,299.99,100.0
ORD-008866,2025-11-06,STB-010,1,4.49,1.5
ORD-008862,2025-11-06,SEA-002,15,9.99,3.5
ORD-000782,2025-11-06,TRD-003,3,29.99,12.0
ORD-001137,2025-11-06,TRD-003,3,29.99,12.0
ORD-004730,2025-11-06,STB-005,2,6.99,2.5
ORD-005195,2025-11-06,TRD-007,5,39.99,15.0
ORD-004439,2025-11-07,TRD-006,7,24.99,10.0
ORD-004849,2025-11-07,TRD-006,4,24.99,10.0
ORD-009548,2025-11-07,INT-008,2,299.99,100.0
ORD-003833,2025-11-07,STB-010,1,4.49,1.5
ORD-007130,2025-11-07,TRD-005,6,19.99,8.0
ORD-004903,2025-11-07,TRD-008,8,14.99,3.0
ORD-009021,2025-11-08,SEA-003,15,29.99,12.0
ORD-002363,2025-11-08,STB-005,2,6.99,2.5
ORD-000260,2025-11-08,TRD-008,6,14.99,3.0
ORD-009578,2025-11-08,INT-004,5,149.99,60.0
ORD-006719,2025-11-08,STB-010,3,4.49,1.5
ORD-000889,2025-11-08,SEA-001,12,19.99,8.0
ORD-000025,2025-11-08,TRD-001,7,39.99,15.0
ORD-003821,2025-11-08,SEA-005,10,59.99,25.0
ORD-007449,2025-11-08,TRD-005,4,19.99,8.0
ORD-002402,2025-11-08,SEA-010,10,14.99,6.0
ORD-007395,2025-11-09,TRD-001,7,39.99,15.0
ORD-007741,2025-11-09,TRD-005,6,19.99,8.0
ORD-006418,2025-11-09,SEA-002,12,9.99,3.5
ORD-002473,2025-11-09,SEA-006,11,14.99,5.0
ORD-000204,2025-11-09,TRD-007,3,39.99,15.0
ORD-005313,2025-11-09,STB-003,4,12.99,5.0
ORD-003902,2025-11-09,SEA-005,17,59.99,25.0
ORD-001514,2025-11-09,SEA-004,12,34.99,15.0
ORD-007605,2025-11-09,STB-009,4,4.99,2.5
ORD-001536,2025-11-09,STB-008,1,3.99,1.5
ORD-008934,2025-11-09,STB-009,2,4.99,2.5
ORD-000723,2025-11-09,SEA-006,10,14.99,5.0
ORD-008608,2025-11-09,STB-007,4,5.99,2.0
ORD-008529,2025-11-09,STB-009,2,4.99,2.5
ORD-000953,2025-11-09,TRD-001,7,39.99,15.0
ORD-009338,2025-11-10,STB-001,2,9.99,4.0
ORD-005954,2025-11-10,SEA-008,11,5.99,2.0
ORD-005241,2025-11-10,SEA-005,14,59.99,25.0
ORD-000538,2025-11-10,TRD-004,10,24.99,10.0
ORD-007507,2025-11-10,SEA-002,18,9.99,3.5
ORD-006914,2025-11-10,STB-005,2,6.99,2.5
ORD-002218,2025-11-10,STB-009,3,4.99,2.5
ORD-007157,2025-11-11,SEA-010,10,14.99,6.0
ORD-003433,2025-11-11,TRD-004,3,24.99,10.0
ORD-003318,2025-11-11,STB-001,3,9.99,4.0
ORD-005107,2025-11-11,SEA-001,13,19.99,8.0
ORD-009448,2025-11-11,SEA-002,10,9.99,3.5
ORD-009119,2025-11-11,STB-008,2,3.99,1.5
ORD-007847,2025-11-12,TRD-006,7,24.99,10.0
ORD-004926,2025-11-12,STB-010,6,4.49,1.5
ORD-000404,2025-11-12,SEA-006,9,14.99,5.0
ORD-008433,2025-11-12,TRD-008,7,14.99,3.0
ORD-007062,2025-11-12,TRD-001,3,39.99,15.0
ORD-006868,2025-11-12,SEA-004,12,34.99,15.0
ORD-001169,2025-11-13,INT-003,1,59.99,25.0
ORD-000781,2025-11-13,SEA-003,10,29.99,12.0
ORD-003785,2025-11-13,SEA-004,18,34.99,15.0
ORD-006243,2025-11-13,STB-009,1,4.99,2.5
ORD-003220,2025-11-13,STB-005,2,6.99,2.5
ORD-001122,2025-11-13,TRD-002,9,19.99,5.0
ORD-000419,2025-11-13,INT-008,2,299.99,100.0
ORD-000381,2025-11-13,SEA-004,24,34.99,15.0
ORD-003873,2025-11-13,TRD-005,9,19.99,8.0
ORD-009892,2025-11-13,STB-007,2,5.99,2.0
ORD-002324,2025-11-14,STB-005,2,6.99,2.5
ORD-009117,2025-11-14,SEA-009,16,24.99,10.0
ORD-006089,2025-11-14,INT-008,2,299.99,100.0
ORD-001803,2025-11-14,SEA-009,13,24.99,10.0
ORD-002557,2025-11-14,SEA-006,11,14.99,5.0
ORD-009752,2025-11-14,STB-004,5,7.99,3.0
ORD-009135,2025-11-14,STB-009,2,4.99,2.5
ORD-005763,2025-11-14,INT-006,1,199.99,80.0
ORD-003362,2025-11-15,STB-004,2,7.99,3.0
ORD-005463,2025-11-15,SEA-007,12,11.99,4.0
ORD-006708,2025-11-15,SEA-008,10,5.99,2.0
ORD-008283,2025-11-15,STB-006,1,7.99,3.0
ORD-001489,2025-11-15,STB-004,3,7.99,3.0
ORD-006588,2025-11-15,STB-006,1,7.99,3.0
ORD-008282,2025-11-16,SEA-004,15,34.99,15.0
ORD-001093,2025-11-16,SEA-005,11,59.99,25.0
ORD-002994,2025-11-16,TRD-004,6,24.99,10.0
ORD-004649,2025-11-16,INT-007,2,179.99,70.0
ORD-000270,2025-11-16,STB-010,2,4.49,1.5
ORD-007744,2025-11-16,SEA-007,12,11.99,4.0
ORD-003929,2025-11-16,TRD-003,7,29.99,12.0
ORD-004200,2025-11-16,SEA-009,12,24.99,10.0
ORD-008359,2025-11-16,SEA-007,20,11.99,4.0
ORD-007484,2025-11-16,STB-005,2,6.99,2.5
ORD-004604,2025-11-17,SEA-010,13,14.99,6.0
ORD-004282,2025-11-17,SEA-007,15,11.99,4.0
ORD-004949,2025-11-17,STB-001,3,9.99,4.0
ORD-009061,2025-11-17,TRD-006,6,24.99,10.0
ORD-000860,2025-11-17,TRD-004,8,24.99,10.0
ORD-005035,2025-11-17,STB-007,1,5.99,2.0
ORD-009228,2025-11-17,TRD-001,7,39.99,15.0
ORD-005620,2025-11-17,STB-009,3,4.99,2.5
ORD-006554,2025-11-17,STB-009,3,4.99,2.5
ORD-001594,2025-11-17,TRD-002,10,19.99,5.0
ORD-006085,2025-11-18,STB-005,6,6.99,2.5
ORD-006032,2025-11-18,STB-003,3,12.99,5.0
ORD-005595,2025-11-18,SEA-004,13,34.99,15.0
ORD-001622,2025-11-18,TRD-007,1,39.99,15.0
ORD-000165,2025-11-18,STB-003,3,12.99,5.0
ORD-003569,2025-11-18,TRD-003,7,29.99,12.0
ORD-009195,2025-11-18,STB-007,5,5.99,2.0
ORD-007503,2025-11-19,STB-002,4,14.99,6.0
ORD-002572,2025-11-19,STB-001,1,9.99,4.0
ORD-005863,2025-11-19,TRD-006,6,24.99,10.0
ORD-003670,2025-11-19,STB-010,2,4.49,1.5
ORD-006266,2025-11-19,STB-009,4,4.99,2.5
ORD-003344,2025-11-19,SEA-006,22,14.99,5.0
ORD-002333,2025-11-19,SEA-008,14,5.99,2.0
ORD-008602,2025-11-19,SEA-002,13,9.99,3.5
ORD-006884,2025-11-19,SEA-006,10,14.99,5.0
ORD-007033,2025-11-20,SEA-001,11,19.99,8.0
ORD-003827,2025-11-20,TRD-001,6,39.99,15.0
ORD-005581,2025-11-20,INT-003,2,59.99,25.0
ORD-007131,2025-11-20,SEA-009,19,24.99,10.0
ORD-003083,2025-11-20,STB-010,3,4.49,1.5
ORD-004365,2025-11-20,TRD-001,3,39.99,15.0
ORD-008999,2025-11-20,STB-008,4,3.99,1.5
ORD-001647,2025-11-20,SEA-008,8,5.99,2.0
ORD-003554,2025-11-20,TRD-002,5,19.99,5.0
ORD-004181,2025-11-20,SEA-002,11,9.99,3.5
ORD-005128,2025-11-21,STB-001,2,9.99,4.0
ORD-005735,2025-11-21,TRD-003,7,29.99,12.0
ORD-002468,2025-11-21,TRD-001,4,39.99,15.0
ORD-006715,2025-11-21,STB-004,2,7.99,3.0
ORD-002182,2025-11-21,SEA-007,14,11.99,4.0
ORD-006519,2025-11-21,STB-005,4,6.99,2.5
ORD-008391,2025-11-21,TRD-007,8,39.99,15.0
ORD-009175,2025-11-21,TRD-005,6,19.99,8.0
ORD-009601,2025-11-22,STB-003,5,12.99,5.0
ORD-009932,2025-11-22,TRD-003,4,29.99,12.0
ORD-001032,2025-11-22,SEA-005,9,59.99,25.0
ORD-002475,2025-11-22,STB-006,1,7.99,3.0
ORD-005329,2025-11-22,SEA-010,12,14.99,6.0
ORD-003137,2025-11-22,TRD-001,7,39.99,15.0
ORD-003478,2025-11-22,SEA-010,13,14.99,6.0
ORD-007027,2025-11-22,STB-008,1,3.99,1.5
ORD-004574,2025-11-22,SEA-007,10,11.99,4.0
ORD-003360,2025-11-22,SEA-001,12,19.99,8.0
ORD-003777,2025-11-23,STB-001,2,9.99,4.0
ORD-001681,2025-11-23,TRD-004,3,24.99,10.0
ORD-000221,2025-11-23,SEA-007,12,11.99,4.0
ORD-003898,2025-11-23,STB-005,2,6.99,2.5
ORD-001528,2025-11-23,STB-010,3,4.49,1.5
ORD-001678,2025-11-23,TRD-004,2,24.99,10.0
ORD-003690,2025-11-23,TRD-005,6,19.99,8.0
ORD-002652,2025-11-23,STB-003,3,12.99,5.0
ORD-005662,2025-11-23,STB-006,3,7.99,3.0
ORD-000065,2025-11-23,STB-003,2,12.99,5.0
ORD-000904,2025-11-23,SEA-002,12,9.99,3.5
ORD-005144,2025-11-23,SEA-007,12,11.99,4.0
ORD-005117,2025-11-23,SEA-004,10,34.99,15.0
ORD-009791,2025-11-23,STB-009,3,4.99,2.5
ORD-005302,2025-11-23,STB-006,2,7.99,3.0
ORD-008264,2025-11-23,STB-005,1,6.99,2.5
ORD-005165,2025-11-24,STB-009,2,4.99,2.5
ORD-002409,2025-11-24,TRD-006,9,24.99,10.0
ORD-000604,2025-11-24,STB-002,1,14.99,6.0
ORD-001541,2025-11-24,STB-004,3,7.99,3.0
ORD-008580,2025-11-24,STB-010,3,4.49,1.5
ORD-009087,2025-11-24,SEA-004,13,34.99,15.0
ORD-009112,2025-11-24,SEA-010,5,14.99,6.0
ORD-000540,2025-11-24,STB-007,4,5.99,2.0
ORD-003430,2025-11-24,TRD-007,4,39.99,15.0
ORD-003471,2025-11-24,TRD-006,7,24.99,10.0
ORD-007385,2025-11-24,TRD-001,10,39.99,15.0
ORD-003919,2025-11-24,STB-001,3,9.99,4.0
ORD-003419,2025-11-25,TRD-004,3,24.99,10.0
ORD-002753,2025-11-25,SEA-007,17,11.99,4.0
ORD-009253,2025-11-25,STB-010,2,4.49,1.5
ORD-000169,2025-11-25,SEA-006,13,14.99,5.0
ORD-005719,2025-11-25,STB-007,6,5.99,2.0
ORD-006082,2025-11-25,TRD-005,10,19.99,8.0
ORD-002320,2025-11-26,STB-001,4,9.99,4.0
ORD-005767,2025-11-26,TRD-001,6,39.99,15.0
ORD-005605,2025-11-26,INT-001,4,19.99,8.0
ORD-002189,2025-11-26,SEA-010,17,14.99,6.0
ORD-002516,2025-11-26,TRD-007,7,39.99,15.0
ORD-008725,2025-11-26,TRD-003,4,29.99,12.0
ORD-007084,2025-11-26,TRD-001,2,39.99,15.0
ORD-002877,2025-11-26,TRD-003,11,29.99,12.0
ORD-001584,2025-11-26,TRD-005,3,19.99,8.0
ORD-008025,2025-11-26,STB-006,4,7.99,3.0
ORD-000721,2025-11-26,TRD-008,6,14.99,3.0
ORD-000090,2025-11-27,STB-008,2,3.99,1.5
ORD-000127,2025-11-27,STB-009,5,4.99,2.5
ORD-003826,2025-11-27,SEA-009,15,24.99,10.0
ORD-005504,2025-11-27,SEA-002,13,9.99,3.5
ORD-007734,2025-11-27,SEA-001,11,19.99,8.0
ORD-004514,2025-11-27,STB-008,2,3.99,1.5
ORD-009273,2025-11-27,STB-006,1,7.99,3.0
ORD-009434,2025-11-27,STB-005,7,6.99,2.5
ORD-004288,2025-11-27,STB-010,3,4.49,1.5
ORD-009446,2025-11-27,TRD-003,4,29.99,12.0
ORD-008947,2025-11-27,TRD-005,5,19.99,8.0
ORD-002778,2025-11-27,STB-007,5,5.99,2.0
ORD-002998,2025-11-27,STB-001,3,9.99,4.0
ORD-003226,2025-11-27,TRD-006,5,24.99,10.0
ORD-002227,2025-11-28,SEA-010,14,14.99,6.0
ORD-004901,2025-11-28,SEA-001,15,19.99,8.0
ORD-000565,2025-11-28,STB-001,1,9.99,4.0
ORD-004882,2025-11-28,TRD-008,3,14.99,3.0
ORD-001786,2025-11-28,SEA-005,16,59.99,25.0
ORD-005173,2025-11-28,SEA-004,11,34.99,15.0
ORD-002373,2025-11-28,TRD-002,3,19.99,5.0
ORD-003947,2025-11-29,STB-002,3,14.99,6.0
ORD-003060,2025-11-29,STB-010,4,4.49,1.5
ORD-008643,2025-11-29,TRD-002,7,19.99,5.0
ORD-006830,2025-11-29,TRD-008,8,14.99,3.0
ORD-008295,2025-11-29,STB-001,3,9.99,4.0
ORD-007081,2025-11-29,TRD-007,5,39.99,15.0
ORD-001992,2025-11-29,STB-008,4,3.99,1.5
ORD-008494,2025-11-30,SEA-007,15,11.99,4.0
ORD-009837,2025-11-30,STB-001,2,9.99,4.0
ORD-005172,2025-11-30,TRD-002,5,19.99,5.0
ORD-004561,2025-11-30,SEA-001,11,19.99,8.0
ORD-008018,2025-11-30,INT-007,5,179.99,70.0
ORD-007204,2025-11-30,SEA-008,17,5.99,2.0
ORD-009276,2025-11-30,TRD-003,8,29.99,12.0
ORD-002074,2025-11-30,SEA-002,9,9.99,3.5
ORD-005243,2025-11-30,STB-002,1,14.99,6.0
ORD-001605,2025-11-30,TRD-008,3,14.99,3.0
ORD-007826,2025-12-01,TRD-005,5,19.99,8.0
ORD-000070,2025-12-01,SEA-001,14,19.99,8.0
ORD-000681,2025-12-01,SEA-004,10,34.99,15.0
ORD-006841,2025-12-01,TRD-004,8,24.99,10.0
ORD-008982,2025-12-01,INT-007,5,179.99,70.0
ORD-008521,2025-12-01,SEA-005,11,59.99,25.0
ORD-008193,2025-12-02,SEA-008,13,5.99,2.0
ORD-001231,2025-12-02,STB-005,4,6.99,2.5
ORD-006044,2025-12-02,STB-005,3,6.99,2.5
ORD-004412,2025-12-02,TRD-004,7,24.99,10.0
ORD-009354,2025-12-02,STB-009,2,4.99,2.5
ORD-003143,2025-12-02,SEA-008,12,5.99,2.0
ORD-004795,2025-12-02,STB-006,6,7.99,3.0
ORD-009988,2025-12-02,SEA-002,14,9.99,3.5
ORD-009986,2025-12-02,TRD-007,8,39.99,15.0
ORD-004501,2025-12-02,STB-006,3,7.99,3.0
ORD-009401,2025-12-02,INT-006,5,199.99,80.0
ORD-002110,2025-12-02,TRD-001,10,39.99,15.0
ORD-005341,2025-12-02,STB-002,2,14.99,6.0
ORD-009545,2025-12-02,SEA-001,14,19.99,8.0
ORD-005937,2025-12-03,TRD-002,8,19.99,5.0
ORD-002520,2025-12-03,STB-010,1,4.49,1.5
ORD-005282,2025-12-03,SEA-003,16,29.99,12.0
ORD-002167,2025-12-03,SEA-002,14,9.99,3.5
ORD-003707,2025-12-03,STB-006,1,7.99,3.0
ORD-001355,2025-12-03,INT-003,4,59.99,25.0
ORD-006140,2025-12-03,INT-002,5,99.99,40.0
ORD-007356,2025-12-03,TRD-008,3,14.99,3.0
ORD-009865,2025-12-03,TRD-004,11,24.99,10.0
ORD-007207,2025-12-03,SEA-004,17,34.99,15.0
ORD-007226,2025-12-03,STB-005,3,6.99,2.5
ORD-004907,2025-12-03,TRD-001,4,39.99,15.0
ORD-009147,2025-12-03,SEA-008,18,5.99,2.0
ORD-007252,2025-12-04,SEA-004,14,34.99,15.0
ORD-000992,2025-12-04,STB-006,5,7.99,3.0
ORD-002576,2025-12-04,TRD-005,5,19.99,8.0
ORD-001184,2025-12-04,SEA-009,27,24.99,10.0
ORD-006621,2025-12-04,TRD-002,8,19.99,5.0
ORD-008842,2025-12-04,TRD-005,9,19.99,8.0
ORD-006455,2025-12-04,SEA-004,22,34.99,15.0
ORD-005944,2025-12-04,STB-009,2,4.99,2.5
ORD-006186,2025-12-04,SEA-003,14,29.99,12.0
ORD-003528,2025-12-04,SEA-001,13,19.99,8.0
ORD-007833,2025-12-04,SEA-009,21,24.99,10.0
ORD-002729,2025-12-05,STB-009,1,4.99,2.5
ORD-004438,2025-12-05,STB-009,5,4.99,2.5
ORD-003145,2025-12-05,STB-004,3,7.99,3.0
ORD-003317,2025-12-05,SEA-007,17,11.99,4.0
ORD-003663,2025-12-05,SEA-008,12,5.99,2.0
ORD-006125,2025-12-05,TRD-003,5,29.99,12.0
ORD-004112,2025-12-05,SEA-005,11,59.99,25.0
ORD-000584,2025-12-05,STB-005,3,6.99,2.5
ORD-004121,2025-12-05,TRD-005,12,19.99,8.0
ORD-003246,2025-12-06,STB-002,3,14.99,6.0
ORD-005793,2025-12-06,SEA-008,20,5.99,2.0
ORD-000815,2025-12-06,STB-001,4,9.99,4.0
ORD-006636,2025-12-06,STB-007,2,5.99,2.0
ORD-000160,2025-12-06,SEA-003,7,29.99,12.0
ORD-007952,2025-12-06,STB-010,1,4.49,1.5
ORD-006695,2025-12-06,INT-006,3,199.99,80.0
ORD-007254,2025-12-06,TRD-006,9,24.99,10.0
ORD-009604,2025-12-06,SEA-008,19,5.99,2.0
ORD-009206,2025-12-06,SEA-004,10,34.99,15.0
ORD-002774,2025-12-07,TRD-003,8,29.99,12.0
ORD-003815,2025-12-07,STB-010,3,4.49,1.5
ORD-007832,2025-12-07,STB-006,1,7.99,3.0
ORD-004989,2025-12-07,INT-001,4,19.99,8.0
ORD-001121,2025-12-07,TRD-004,8,24.99,10.0
ORD-008167,2025-12-07,STB-009,2,4.99,2.5
ORD-008388,2025-12-07,STB-003,3,12.99,5.0
ORD-000790,2025-12-08,STB-006,3,7.99,3.0
ORD-000667,2025-12-08,STB-003,5,12.99,5.0
ORD-006305,2025-12-08,STB-008,1,3.99,1.5
ORD-003380,2025-12-08,SEA-010,11,14.99,6.0
ORD-004757,2025-12-08,STB-010,5,4.49,1.5
ORD-007993,2025-12-08,SEA-009,14,24.99,10.0
ORD-006905,2025-12-09,TRD-004,8,24.99,10.0
ORD-008738,2025-12-09,TRD-003,5,29.99,12.0
ORD-004489,2025-12-09,TRD-004,9,24.99,10.0
ORD-003498,2025-12-09,STB-004,1,7.99,3.0
ORD-006453,2025-12-10,STB-003,1,12.99,5.0
ORD-005579,2025-12-10,STB-007,1,5.99,2.0
ORD-008363,2025-12-10,TRD-001,6,39.99,15.0
ORD-001077,2025-12-10,STB-006,1,7.99,3.0
ORD-000088,2025-12-10,STB-007,4,5.99,2.0
ORD-009411,2025-12-10,STB-002,3,14.99,6.0
ORD-000342,2025-12-10,TRD-005,9,19.99,8.0
ORD-008085,2025-12-10,STB-005,2,6.99,2.5
ORD-005960,2025-12-10,STB-001,3,9.99,4.0
ORD-006265,2025-12-10,SEA-001,23,19.99,8.0
ORD-002736,2025-12-11,SEA-005,20,59.99,25.0
ORD-009163,2025-12-11,INT-007,1,179.99,70.0
ORD-000881,2025-12-11,TRD-004,6,24.99,10.0
ORD-000289,2025-12-11,STB-006,3,7.99,3.0
ORD-000987,2025-12-11,STB-001,1,9.99,4.0
ORD-009347,2025-12-11,STB-007,1,5.99,2.0
ORD-006985,2025-12-11,SEA-006,12,14.99,5.0
ORD-005304,2025-12-11,INT-008,2,299.99,100.0
ORD-002891,2025-12-12,TRD-007,3,39.99,15.0
ORD-009144,2025-12-12,STB-001,1,9.99,4.0
ORD-009588,2025-12-12,TRD-002,7,19.99,5.0
ORD-008812,2025-12-12,STB-007,3,5.99,2.0
ORD-007368,2025-12-12,TRD-002,5,19.99,5.0
ORD-005788,2025-12-12,SEA-006,17,14.99,5.0
ORD-003421,2025-12-12,STB-008,2,3.99,1.5
ORD-006074,2025-12-12,TRD-006,5,24.99,10.0
ORD-002144,2025-12-12,TRD-007,10,39.99,15.0
ORD-004375,2025-12-12,SEA-002,13,9.99,3.5
ORD-001260,2025-12-12,STB-002,4,14.99,6.0
ORD-008240,2025-12-13,SEA-001,18,19.99,8.0
ORD-004518,2025-12-13,TRD-007,6,39.99,15.0
ORD-007447,2025-12-13,TRD-005,5,19.99,8.0
ORD-002002,2025-12-13,TRD-008,6,14.99,3.0
ORD-000947,2025-12-13,SEA-005,18,59.99,25.0
ORD-002712,2025-12-13,STB-006,3,7.99,3.0
ORD-004166,2025-12-13,SEA-004,11,34.99,15.0
ORD-007341,2025-12-13,TRD-008,8,14.99,3.0
ORD-001224,2025-12-13,TRD-003,8,29.99,12.0
ORD-003553,2025-12-13,TRD-001,4,39.99,15.0
ORD-001823,2025-12-14,STB-003,2,12.99,5.0
ORD-004236,2025-12-14,SEA-004,16,34.99,15.0
ORD-007069,2025-12-14,STB-009,5,4.99,2.5
ORD-008230,2025-12-14,SEA-009,15,24.99,10.0
ORD-007578,2025-12-14,STB-002,3,14.99,6.0
ORD-001614,2025-12-14,TRD-005,8,19.99,8.0
ORD-007681,2025-12-14,TRD-007,6,39.99,15.0
ORD-000243,2025-12-14,STB-005,1,6.99,2.5
ORD-000822,2025-12-14,STB-002,5,14.99,6.0
ORD-001221,2025-12-14,STB-009,6,4.99,2.5
ORD-000383,2025-12-15,STB-006,3,7.99,3.0
ORD-008593,2025-12-15,TRD-002,7,19.99,5.0
ORD-005257,2025-12-15,SEA-003,20,29.99,12.0
ORD-003957,2025-12-15,STB-003,2,12.99,5.0
ORD-007409,2025-12-15,STB-009,3,4.99,2.5
ORD-000654,2025-12-15,TRD-006,10,24.99,10.0
ORD-006685,2025-12-15,STB-004,3,7.99,3.0
ORD-006615,2025-12-15,STB-001,2,9.99,4.0
ORD-004496,2025-12-15,SEA-001,14,19.99,8.0
ORD-003011,2025-12-15,INT-001,1,19.99,8.0
ORD-008021,2025-12-16,STB-009,3,4.99,2.5
ORD-004517,2025-12-16,TRD-006,4,24.99,10.0
ORD-003354,2025-12-16,STB-007,3,5.99,2.0
ORD-007312,2025-12-16,STB-008,2,3.99,1.5
ORD-000101,2025-12-16,TRD-008,9,14.99,3.0
ORD-003958,2025-12-16,STB-006,7,7.99,3.0
ORD-001563,2025-12-16,INT-006,3,199.99,80.0
ORD-004484,2025-12-16,TRD-003,5,29.99,12.0
ORD-004445,2025-12-17,SEA-006,18,14.99,5.0
ORD-006963,2025-12-17,SEA-002,17,9.99,3.5
ORD-007764,2025-12-17,SEA-004,14,34.99,15.0
ORD-003850,2025-12-17,SEA-007,17,11.99,4.0
ORD-004500,2025-12-17,SEA-001,18,19.99,8.0
ORD-000922,2025-12-17,SEA-005,20,59.99,25.0
ORD-008335,2025-12-17,TRD-002,10,19.99,5.0
ORD-009603,2025-12-17,SEA-001,7,19.99,8.0
ORD-006425,2025-12-17,SEA-004,16,34.99,15.0
ORD-000284,2025-12-18,TRD-008,6,14.99,3.0
ORD-004327,2025-12-18,SEA-009,15,24.99,10.0
ORD-003974,2025-12-18,SEA-008,9,5.99,2.0
ORD-008340,2025-12-18,TRD-004,7,24.99,10.0
ORD-000108,2025-12-18,STB-007,1,5.99,2.0
ORD-002991,2025-12-18,SEA-007,14,11.99,4.0
ORD-005331,2025-12-18,TRD-006,10,24.99,10.0
ORD-008454,2025-12-19,TRD-001,12,39.99,15.0
ORD-002990,2025-12-19,SEA-008,17,5.99,2.0
ORD-002261,2025-12-19,STB-003,5,12.99,5.0
ORD-007638,2025-12-19,TRD-002,8,19.99,5.0
ORD-008423,2025-12-19,SEA-009,16,24.99,10.0
ORD-002149,2025-12-19,SEA-002,17,9.99,3.5
ORD-003334,2025-12-19,STB-010,3,4.49,1.5
ORD-004304,2025-12-19,SEA-006,14,14.99,5.0
ORD-003743,2025-12-19,STB-004,3,7.99,3.0
ORD-006632,2025-12-19,SEA-003,19,29.99,12.0
ORD-002646,2025-12-19,SEA-005,17,59.99,25.0
ORD-001869,2025-12-19,TRD-005,9,19.99,8.0
ORD-002701,2025-12-19,STB-004,3,7.99,3.0
ORD-002834,2025-12-19,SEA-009,10,24.99,10.0
ORD-000702,2025-12-20,TRD-001,6,39.99,15.0
ORD-003509,2025-12-20,STB-002,3,14.99,6.0
ORD-003437,2025-12-20,STB-010,2,4.49,1.5
ORD-002039,2025-12-20,SEA-002,16,9.99,3.5
ORD-001045,2025-12-20,SEA-005,18,59.99,25.0
ORD-000658,2025-12-20,TRD-003,7,29.99,12.0
ORD-007867,2025-12-20,SEA-009,13,24.99,10.0
ORD-001748,2025-12-20,SEA-002,10,9.99,3.5
ORD-003264,2025-12-20,TRD-008,4,14.99,3.0
ORD-005942,2025-12-20,STB-010,2,4.49,1.5
ORD-005600,2025-12-20,STB-006,3,7.99,3.0
ORD-006121,2025-12-20,TRD-003,8,29.99,12.0
ORD-002435,2025-12-20,STB-007,3,5.99,2.0
ORD-007250,2025-12-20,SEA-001,13,19.99,8.0
ORD-002388,2025-12-20,SEA-004,19,34.99,15.0
ORD-006527,2025-12-21,TRD-006,5,24.99,10.0
ORD-007310,2025-12-21,SEA-006,16,14.99,5.0
ORD-006158,2025-12-21,TRD-002,10,19.99,5.0
ORD-006272,2025-12-21,SEA-003,22,29.99,12.0
ORD-000916,2025-12-21,TRD-005,5,19.99,8.0
ORD-000186,2025-12-21,SEA-001,13,19.99,8.0
ORD-009813,2025-12-21,STB-003,2,12.99,5.0
ORD-008063,2025-12-21,TRD-005,6,19.99,8.0
ORD-002012,2025-12-21,STB-004,4,7.99,3.0
ORD-003830,2025-12-21,SEA-008,21,5.99,2.0
ORD-009918,2025-12-22,STB-003,1,12.99,5.0
ORD-000672,2025-12-22,STB-002,3,14.99,6.0
ORD-004637,2025-12-22,SEA-005,15,59.99,25.0
ORD-007188,2025-12-22,TRD-008,4,14.99,3.0
ORD-001342,2025-12-22,TRD-007,7,39.99,15.0
ORD-000764,2025-12-22,STB-009,3,4.99,2.5
ORD-000153,2025-12-22,TRD-002,5,19.99,5.0
ORD-007251,2025-12-22,TRD-008,4,14.99,3.0
ORD-009416,2025-12-22,STB-006,5,7.99,3.0
ORD-005286,2025-12-22,TRD-008,5,14.99,3.0
ORD-001896,2025-12-22,SEA-003,14,29.99,12.0
ORD-002586,2025-12-22,STB-002,2,14.99,6.0
ORD-008269,2025-12-23,STB-007,2,5.99,2.0
ORD-003129,2025-12-23,SEA-003,15,29.99,12.0
ORD-007913,2025-12-23,STB-009,3,4.99,2.5
ORD-005224,2025-12-23,STB-005,1,6.99,2.5
ORD-003842,2025-12-23,SEA-008,8,5.99,2.0
ORD-006692,2025-12-23,SEA-001,13,19.99,8.0
ORD-001389,2025-12-23,STB-009,4,4.99,2.5
ORD-001928,2025-12-23,TRD-003,7,29.99,12.0
ORD-000430,2025-12-23,SEA-007,14,11.99,4.0
ORD-001838,2025-12-23,SEA-003,12,29.99,12.0
ORD-006612,2025-12-23,SEA-003,11,29.99,12.0
ORD-002803,2025-12-24,STB-007,5,5.99,2.0
ORD-007769,2025-12-24,STB-009,5,4.99,2.5
ORD-006415,2025-12-24,SEA-003,14,29.99,12.0
ORD-001453,2025-12-24,SEA-001,19,19.99,8.0
ORD-001449,2025-12-24,SEA-004,14,34.99,15.0
ORD-001982,2025-12-24,INT-003,6,59.99,25.0
ORD-001765,2025-12-24,STB-002,1,14.99,6.0
ORD-003036,2025-12-24,SEA-001,18,19.99,8.0
ORD-001251,2025-12-25,STB-002,2,14.99,6.0
ORD-007935,2025-12-25,STB-008,2,3.99,1.5
ORD-000052,2025-12-25,TRD-004,4,24.99,10.0
ORD-008821,2025-12-25,TRD-001,11,39.99,15.0
ORD-007705,2025-12-25,INT-002,3,99.99,40.0
ORD-006412,2025-12-25,TRD-005,3,19.99,8.0
ORD-007761,2025-12-25,TRD-005,8,19.99,8.0
ORD-006477,2025-12-25,SEA-007,25,11.99,4.0
ORD-005985,2025-12-25,STB-006,2,7.99,3.0
ORD-006661,2025-12-25,INT-005,4,119.99,45.0
ORD-001754,2025-12-25,TRD-001,6,39.99,15.0
ORD-000219,2025-12-25,TRD-005,4,19.99,8.0
ORD-000611,2025-12-25,TRD-003,6,29.99,12.0
ORD-002895,2025-12-25,SEA-009,12,24.99,10.0
ORD-008119,2025-12-25,SEA-008,15,5.99,2.0
ORD-008680,2025-12-25,TRD-006,4,24.99,10.0
ORD-008860,2025-12-25,INT-004,6,149.99,60.0
ORD-008642,2025-12-25,SEA-001,22,19.99,8.0
ORD-008324,2025-12-25,STB-008,6,3.99,1.5
ORD-000106,2025-12-25,SEA-002,9,9.99,3.5
ORD-008931,2025-12-25,SEA-004,17,34.99,15.0
ORD-005447,2025-12-25,SEA-001,11,19.99,8.0
ORD-009793,2025-12-25,SEA-008,7,5.99,2.0
ORD-008805,2025-12-26,STB-008,2,3.99,1.5
ORD-003940,2025-12-26,TRD-005,1,19.99,8.0
ORD-004119,2025-12-26,SEA-009,11,24.99,10.0
ORD-000827,2025-12-26,STB-005,2,6.99,2.5
ORD-006569,2025-12-26,STB-008,1,3.99,1.5
ORD-005321,2025-12-26,TRD-004,6,24.99,10.0
ORD-008525,2025-12-26,STB-007,2,5.99,2.0
ORD-001013,2025-12-26,TRD-004,8,24.99,10.0
ORD-004247,2025-12-26,SEA-008,13,5.99,2.0
ORD-004476,2025-12-26,TRD-008,6,14.99,3.0
ORD-003543,2025-12-27,SEA-010,16,14.99,6.0
ORD-001845,2025-12-27,TRD-001,8,39.99,15.0
ORD-002874,2025-12-27,INT-006,11,199.99,80.0
ORD-008575,2025-12-27,SEA-001,9,19.99,8.0
ORD-000501,2025-12-27,SEA-005,10,59.99,25.0
ORD-002759,2025-12-27,SEA-007,14,11.99,4.0
ORD-003883,2025-12-28,STB-009,6,4.99,2.5
ORD-000036,2025-12-28,SEA-003,18,29.99,12.0
ORD-003367,2025-12-28,TRD-005,5,19.99,8.0
ORD-003597,2025-12-28,TRD-002,10,19.99,5.0
ORD-006956,2025-12-28,STB-002,2,14.99,6.0
ORD-009737,2025-12-28,STB-001,4,9.99,4.0
ORD-008730,2025-12-29,STB-007,2,5.99,2.0
ORD-004385,2025-12-29,SEA-003,18,29.99,12.0
ORD-006497,2025-12-29,STB-006,2,7.99,3.0
ORD-002069,2025-12-29,STB-004,3,7.99,3.0
ORD-006077,2025-12-30,TRD-008,7,14.99,3.0
ORD-005722,2025-12-30,STB-006,2,7.99,3.0
ORD-004818,2025-12-30,SEA-007,17,11.99,4.0
ORD-000326,2025-12-30,INT-002,5,99.99,40.0
ORD-005882,2025-12-30,SEA-005,13,59.99,25.0
ORD-003005,2025-12-30,TRD-007,12,39.99,15.0
ORD-008459,2025-12-30,TRD-007,3,39.99,15.0
ORD-000304,2025-12-30,STB-010,3,4.49,1.5
ORD-009011,2025-12-30,STB-005,2,6.99,2.5
